{
"type": "FeatureCollection",
"name": "buildings_3D_ready",
"crs": { "type": "name", "properties": { "name": "urn:ogc:def:crs:OGC:1.3:CRS84" } },
"features": [
{ "type": "Feature", "properties": { "element": "relation", "id": 10181866, "building": "hotel", "amenity": null, "name": "Saint Joseph", "denomination": null, "religion": null, "wikidata": null, "government": null, "office": null, "abandoned": null, "operator": null, "operator:wikidata": null, "wheelchair": null, "building:levels": "3", "roof:levels": null, "addr:city": null, "addr:street": null, "alt_name": null, "leisure": null, "sport": null, "addr:postcode": null, "brand": null, "brand:wikidata": null, "opening_hours": null, "phone": null, "website": null, "shop": null, "addr:country": null, "addr:housenumber": null, "air_conditioning": null, "email": null, "fax": null, "internet_access": null, "internet_access:fee": null, "payment:mastercard": null, "payment:visa": null, "roof:shape": "flat", "rooms": null, "stars": null, "tourism": "hotel", "check_date": null, "content": null, "man_made": null, "material": null, "source": null, "water": null, "cuisine": null, "layer": null, "contact:facebook": null, "type": "multipolygon", "building:parts": "vertical", "contact:email": "info@saintjosephresort.com", "contact:phone": "+39 089 335453", "height": 9.0 }, "geometry": { "type": "Polygon", "coordinates": [ [ [ 14.8220034, 40.6419049 ], [ 14.8219161, 40.6418437 ], [ 14.8218044, 40.6419355 ], [ 14.8222169, 40.6422245 ], [ 14.8223285, 40.6421327 ], [ 14.8223039, 40.6421155 ], [ 14.8223779, 40.6420547 ], [ 14.8224519, 40.6419939 ], [ 14.8224765, 40.6420112 ], [ 14.8225821, 40.6419245 ], [ 14.8221696, 40.6416354 ], [ 14.822064, 40.6417222 ], [ 14.8221513, 40.6417833 ], [ 14.8220773, 40.6418441 ], [ 14.8220034, 40.6419049 ] ] ] } },
{ "type": "Feature", "properties": { "element": "way", "id": 51014450, "building": "stadium", "amenity": null, "name": null, "denomination": null, "religion": null, "wikidata": null, "government": null, "office": null, "abandoned": null, "operator": null, "operator:wikidata": null, "wheelchair": null, "building:levels": null, "roof:levels": null, "addr:city": null, "addr:street": null, "alt_name": null, "leisure": null, "sport": null, "addr:postcode": null, "brand": null, "brand:wikidata": null, "opening_hours": null, "phone": null, "website": null, "shop": null, "addr:country": null, "addr:housenumber": null, "air_conditioning": null, "email": null, "fax": null, "internet_access": null, "internet_access:fee": null, "payment:mastercard": null, "payment:visa": null, "roof:shape": null, "rooms": null, "stars": null, "tourism": null, "check_date": null, "content": null, "man_made": null, "material": null, "source": null, "water": null, "cuisine": null, "layer": null, "contact:facebook": null, "type": null, "building:parts": null, "contact:email": null, "contact:phone": null, "height": 6.0 }, "geometry": { "type": "Polygon", "coordinates": [ [ [ 14.8237859, 40.6462018 ], [ 14.8229047, 40.6459156 ], [ 14.8225733, 40.6461262 ], [ 14.8238, 40.646517 ], [ 14.8237859, 40.6462018 ] ] ] } },
{ "type": "Feature", "properties": { "element": "way", "id": 195158425, "building": "yes", "amenity": "public_building", "name": null, "denomination": null, "religion": null, "wikidata": null, "government": null, "office": null, "abandoned": null, "operator": null, "operator:wikidata": null, "wheelchair": null, "building:levels": null, "roof:levels": null, "addr:city": null, "addr:street": null, "alt_name": null, "leisure": null, "sport": null, "addr:postcode": null, "brand": null, "brand:wikidata": null, "opening_hours": null, "phone": null, "website": null, "shop": null, "addr:country": null, "addr:housenumber": null, "air_conditioning": null, "email": null, "fax": null, "internet_access": null, "internet_access:fee": null, "payment:mastercard": null, "payment:visa": null, "roof:shape": null, "rooms": null, "stars": null, "tourism": null, "check_date": null, "content": null, "man_made": null, "material": null, "source": null, "water": null, "cuisine": null, "layer": null, "contact:facebook": null, "type": null, "building:parts": null, "contact:email": null, "contact:phone": null, "height": 6.0 }, "geometry": { "type": "Polygon", "coordinates": [ [ [ 14.8179824, 40.6489038 ], [ 14.8181092, 40.6488339 ], [ 14.8181301, 40.6488032 ], [ 14.8181373, 40.6487547 ], [ 14.8181233, 40.6485359 ], [ 14.8183754, 40.6485318 ], [ 14.8183878, 40.6487928 ], [ 14.8183668, 40.6488547 ], [ 14.8183274, 40.6489132 ], [ 14.8182789, 40.6489461 ], [ 14.8181018, 40.6490405 ], [ 14.8179824, 40.6489038 ] ] ] } },
{ "type": "Feature", "properties": { "element": "way", "id": 195158427, "building": "yes", "amenity": "public_building", "name": "Regione Campania", "denomination": null, "religion": null, "wikidata": null, "government": null, "office": null, "abandoned": null, "operator": null, "operator:wikidata": null, "wheelchair": null, "building:levels": null, "roof:levels": null, "addr:city": null, "addr:street": null, "alt_name": null, "leisure": null, "sport": null, "addr:postcode": null, "brand": null, "brand:wikidata": null, "opening_hours": null, "phone": null, "website": null, "shop": null, "addr:country": null, "addr:housenumber": null, "air_conditioning": null, "email": null, "fax": null, "internet_access": null, "internet_access:fee": null, "payment:mastercard": null, "payment:visa": null, "roof:shape": null, "rooms": null, "stars": null, "tourism": null, "check_date": null, "content": null, "man_made": null, "material": null, "source": null, "water": null, "cuisine": null, "layer": null, "contact:facebook": null, "type": null, "building:parts": null, "contact:email": null, "contact:phone": null, "height": 6.0 }, "geometry": { "type": "Polygon", "coordinates": [ [ [ 14.8174882, 40.6483639 ], [ 14.817644, 40.6482751 ], [ 14.8172658, 40.647866 ], [ 14.8174321, 40.6477683 ], [ 14.8178342, 40.6481991 ], [ 14.8179632, 40.6481204 ], [ 14.8174131, 40.6475397 ], [ 14.8171558, 40.6476808 ], [ 14.817177, 40.6477066 ], [ 14.8169812, 40.6478185 ], [ 14.8174882, 40.6483639 ] ] ] } },
{ "type": "Feature", "properties": { "element": "way", "id": 195158432, "building": "church", "amenity": "place_of_worship", "name": "Chiesa di San Vincenzo de Paoli", "denomination": "catholic", "religion": "christian", "wikidata": "Q118540668", "government": null, "office": null, "abandoned": null, "operator": null, "operator:wikidata": null, "wheelchair": null, "building:levels": null, "roof:levels": null, "addr:city": null, "addr:street": null, "alt_name": null, "leisure": null, "sport": null, "addr:postcode": null, "brand": null, "brand:wikidata": null, "opening_hours": null, "phone": null, "website": null, "shop": null, "addr:country": null, "addr:housenumber": null, "air_conditioning": null, "email": null, "fax": null, "internet_access": null, "internet_access:fee": null, "payment:mastercard": null, "payment:visa": null, "roof:shape": null, "rooms": null, "stars": null, "tourism": null, "check_date": null, "content": null, "man_made": null, "material": null, "source": null, "water": null, "cuisine": null, "layer": null, "contact:facebook": null, "type": null, "building:parts": null, "contact:email": null, "contact:phone": null, "height": 6.0 }, "geometry": { "type": "Polygon", "coordinates": [ [ [ 14.8176797, 40.6484137 ], [ 14.8180134, 40.6482283 ], [ 14.8181359, 40.6483552 ], [ 14.8180876, 40.648382 ], [ 14.8181159, 40.6484113 ], [ 14.8180656, 40.6484393 ], [ 14.8180363, 40.6484089 ], [ 14.8178011, 40.6485396 ], [ 14.8176797, 40.6484137 ] ] ] } },
{ "type": "Feature", "properties": { "element": "way", "id": 195158436, "building": "yes", "amenity": "public_building", "name": null, "denomination": null, "religion": null, "wikidata": null, "government": null, "office": null, "abandoned": null, "operator": null, "operator:wikidata": null, "wheelchair": null, "building:levels": null, "roof:levels": null, "addr:city": null, "addr:street": null, "alt_name": null, "leisure": null, "sport": null, "addr:postcode": null, "brand": null, "brand:wikidata": null, "opening_hours": null, "phone": null, "website": null, "shop": null, "addr:country": null, "addr:housenumber": null, "air_conditioning": null, "email": null, "fax": null, "internet_access": null, "internet_access:fee": null, "payment:mastercard": null, "payment:visa": null, "roof:shape": null, "rooms": null, "stars": null, "tourism": null, "check_date": null, "content": null, "man_made": null, "material": null, "source": null, "water": null, "cuisine": null, "layer": null, "contact:facebook": null, "type": null, "building:parts": null, "contact:email": null, "contact:phone": null, "height": 6.0 }, "geometry": { "type": "Polygon", "coordinates": [ [ [ 14.8182606, 40.6492737 ], [ 14.8184591, 40.6490254 ], [ 14.8183304, 40.6489725 ], [ 14.8184538, 40.6488219 ], [ 14.8188832, 40.6489833 ], [ 14.8187595, 40.6491353 ], [ 14.8186793, 40.6491013 ], [ 14.8184699, 40.6493673 ], [ 14.8182606, 40.6492737 ] ] ] } },
{ "type": "Feature", "properties": { "element": "way", "id": 195158438, "building": "yes", "amenity": "public_building", "name": "Istituto Gallotta", "denomination": null, "religion": null, "wikidata": null, "government": null, "office": null, "abandoned": null, "operator": null, "operator:wikidata": null, "wheelchair": null, "building:levels": null, "roof:levels": null, "addr:city": null, "addr:street": null, "alt_name": null, "leisure": null, "sport": null, "addr:postcode": null, "brand": null, "brand:wikidata": null, "opening_hours": null, "phone": null, "website": null, "shop": null, "addr:country": null, "addr:housenumber": null, "air_conditioning": null, "email": null, "fax": null, "internet_access": null, "internet_access:fee": null, "payment:mastercard": null, "payment:visa": null, "roof:shape": null, "rooms": null, "stars": null, "tourism": null, "check_date": null, "content": null, "man_made": null, "material": null, "source": null, "water": null, "cuisine": null, "layer": null, "contact:facebook": null, "type": null, "building:parts": null, "contact:email": null, "contact:phone": null, "height": 6.0 }, "geometry": { "type": "Polygon", "coordinates": [ [ [ 14.816949, 40.6471673 ], [ 14.8172765, 40.6469197 ], [ 14.8173677, 40.646995 ], [ 14.8174589, 40.6469197 ], [ 14.8176735, 40.6470724 ], [ 14.8175448, 40.6471619 ], [ 14.8174482, 40.6470927 ], [ 14.8172816, 40.6472263 ], [ 14.8173836, 40.6473179 ], [ 14.8172548, 40.6474054 ], [ 14.8170322, 40.64721 ], [ 14.817008, 40.6472243 ], [ 14.816949, 40.6471673 ] ] ] } },
{ "type": "Feature", "properties": { "element": "way", "id": 195163209, "building": "public", "amenity": null, "name": "Agenzia delle Entrate", "denomination": null, "religion": null, "wikidata": null, "government": "tax", "office": "government", "abandoned": null, "operator": null, "operator:wikidata": null, "wheelchair": null, "building:levels": null, "roof:levels": null, "addr:city": null, "addr:street": null, "alt_name": null, "leisure": null, "sport": null, "addr:postcode": null, "brand": null, "brand:wikidata": null, "opening_hours": null, "phone": null, "website": null, "shop": null, "addr:country": null, "addr:housenumber": null, "air_conditioning": null, "email": null, "fax": null, "internet_access": null, "internet_access:fee": null, "payment:mastercard": null, "payment:visa": null, "roof:shape": null, "rooms": null, "stars": null, "tourism": null, "check_date": null, "content": null, "man_made": null, "material": null, "source": null, "water": null, "cuisine": null, "layer": null, "contact:facebook": null, "type": null, "building:parts": null, "contact:email": null, "contact:phone": null, "height": 6.0 }, "geometry": { "type": "Polygon", "coordinates": [ [ [ 14.8264127, 40.6410448 ], [ 14.827664, 40.6401779 ], [ 14.8282608, 40.640674 ], [ 14.8270093, 40.6415407 ], [ 14.8264127, 40.6410448 ] ] ] } },
{ "type": "Feature", "properties": { "element": "way", "id": 195184656, "building": "yes", "amenity": null, "name": null, "denomination": null, "religion": null, "wikidata": null, "government": null, "office": null, "abandoned": null, "operator": null, "operator:wikidata": null, "wheelchair": null, "building:levels": null, "roof:levels": null, "addr:city": null, "addr:street": null, "alt_name": null, "leisure": null, "sport": null, "addr:postcode": null, "brand": null, "brand:wikidata": null, "opening_hours": null, "phone": null, "website": null, "shop": null, "addr:country": null, "addr:housenumber": null, "air_conditioning": null, "email": null, "fax": null, "internet_access": null, "internet_access:fee": null, "payment:mastercard": null, "payment:visa": null, "roof:shape": null, "rooms": null, "stars": null, "tourism": null, "check_date": null, "content": null, "man_made": null, "material": null, "source": null, "water": null, "cuisine": null, "layer": null, "contact:facebook": null, "type": null, "building:parts": null, "contact:email": null, "contact:phone": null, "height": 6.0 }, "geometry": { "type": "Polygon", "coordinates": [ [ [ 14.8240827, 40.6508423 ], [ 14.8239929, 40.6507798 ], [ 14.823973, 40.6507585 ], [ 14.8239596, 40.6507351 ], [ 14.8239747, 40.6506998 ], [ 14.823987, 40.6506794 ], [ 14.8240178, 40.6506591 ], [ 14.8240569, 40.650639 ], [ 14.8241095, 40.6506294 ], [ 14.8241525, 40.6506256 ], [ 14.8242488, 40.6506372 ], [ 14.8243325, 40.6507921 ], [ 14.8243339, 40.6508105 ], [ 14.8243201, 40.6508247 ], [ 14.8243021, 40.6508341 ], [ 14.8241831, 40.6508547 ], [ 14.8241485, 40.6508571 ], [ 14.8241157, 40.6508529 ], [ 14.8240827, 40.6508423 ] ] ] } },
{ "type": "Feature", "properties": { "element": "way", "id": 195208556, "building": "yes", "amenity": "public_building", "name": null, "denomination": null, "religion": null, "wikidata": null, "government": null, "office": null, "abandoned": null, "operator": null, "operator:wikidata": null, "wheelchair": null, "building:levels": null, "roof:levels": null, "addr:city": null, "addr:street": null, "alt_name": null, "leisure": null, "sport": null, "addr:postcode": null, "brand": null, "brand:wikidata": null, "opening_hours": null, "phone": null, "website": null, "shop": null, "addr:country": null, "addr:housenumber": null, "air_conditioning": null, "email": null, "fax": null, "internet_access": null, "internet_access:fee": null, "payment:mastercard": null, "payment:visa": null, "roof:shape": null, "rooms": null, "stars": null, "tourism": null, "check_date": null, "content": null, "man_made": null, "material": null, "source": null, "water": null, "cuisine": null, "layer": null, "contact:facebook": null, "type": null, "building:parts": null, "contact:email": null, "contact:phone": null, "height": 6.0 }, "geometry": { "type": "Polygon", "coordinates": [ [ [ 14.8281509, 40.6485581 ], [ 14.8282747, 40.6483994 ], [ 14.8282449, 40.6483854 ], [ 14.8282137, 40.6483707 ], [ 14.8283042, 40.6482468 ], [ 14.8283412, 40.6482623 ], [ 14.8283759, 40.6482768 ], [ 14.8286096, 40.6479577 ], [ 14.8287443, 40.6480101 ], [ 14.8289341, 40.6477598 ], [ 14.8289978, 40.6477852 ], [ 14.8291239, 40.6476174 ], [ 14.8291855, 40.6476444 ], [ 14.8292366, 40.6475904 ], [ 14.8295967, 40.6477532 ], [ 14.8294464, 40.6479435 ], [ 14.8294116, 40.6479944 ], [ 14.8293445, 40.6479618 ], [ 14.8292238, 40.6481185 ], [ 14.8294357, 40.6481633 ], [ 14.8294893, 40.647976 ], [ 14.8297924, 40.6480351 ], [ 14.8299024, 40.6480737 ], [ 14.8303074, 40.6482508 ], [ 14.8301331, 40.6484726 ], [ 14.8302511, 40.6485275 ], [ 14.8304147, 40.6483118 ], [ 14.830809, 40.6484991 ], [ 14.8305274, 40.6488735 ], [ 14.8300633, 40.64867 ], [ 14.8299104, 40.6488755 ], [ 14.8294062, 40.6486639 ], [ 14.8295483, 40.648493 ], [ 14.8294142, 40.648438 ], [ 14.8290387, 40.6483729 ], [ 14.8288215, 40.6486415 ], [ 14.8302886, 40.6492785 ], [ 14.8302001, 40.6493924 ], [ 14.8292989, 40.6490119 ], [ 14.8292238, 40.6491136 ], [ 14.830066, 40.6494983 ], [ 14.8299131, 40.6496895 ], [ 14.8297522, 40.6496183 ], [ 14.8296825, 40.649714 ], [ 14.8295832, 40.6496712 ], [ 14.8294867, 40.6497994 ], [ 14.8294357, 40.6497832 ], [ 14.8293525, 40.6498808 ], [ 14.8292667, 40.6498422 ], [ 14.8292184, 40.6498992 ], [ 14.8288912, 40.6497445 ], [ 14.829138, 40.6494291 ], [ 14.8292721, 40.6495247 ], [ 14.8293767, 40.6493924 ], [ 14.8289395, 40.6492032 ], [ 14.8286793, 40.6495267 ], [ 14.828505, 40.6494453 ], [ 14.8289449, 40.6489 ], [ 14.8281509, 40.6485581 ] ] ] } },
{ "type": "Feature", "properties": { "element": "way", "id": 195208559, "building": "yes", "amenity": "public_building", "name": null, "denomination": null, "religion": null, "wikidata": null, "government": null, "office": null, "abandoned": null, "operator": null, "operator:wikidata": null, "wheelchair": null, "building:levels": null, "roof:levels": null, "addr:city": null, "addr:street": null, "alt_name": null, "leisure": null, "sport": null, "addr:postcode": null, "brand": null, "brand:wikidata": null, "opening_hours": null, "phone": null, "website": null, "shop": null, "addr:country": null, "addr:housenumber": null, "air_conditioning": null, "email": null, "fax": null, "internet_access": null, "internet_access:fee": null, "payment:mastercard": null, "payment:visa": null, "roof:shape": null, "rooms": null, "stars": null, "tourism": null, "check_date": null, "content": null, "man_made": null, "material": null, "source": null, "water": null, "cuisine": null, "layer": null, "contact:facebook": null, "type": null, "building:parts": null, "contact:email": null, "contact:phone": null, "height": 6.0 }, "geometry": { "type": "Polygon", "coordinates": [ [ [ 14.8267216, 40.6491661 ], [ 14.8268321, 40.6492139 ], [ 14.8268729, 40.6491483 ], [ 14.8269641, 40.6491892 ], [ 14.8269062, 40.6492684 ], [ 14.8269972, 40.6493131 ], [ 14.8269099, 40.649421 ], [ 14.8267644, 40.6493578 ], [ 14.8267531, 40.6493731 ], [ 14.8266531, 40.6493238 ], [ 14.82668, 40.64928 ], [ 14.8266437, 40.6492662 ], [ 14.8267216, 40.6491661 ] ] ] } },
{ "type": "Feature", "properties": { "element": "way", "id": 195208564, "building": "yes", "amenity": "public_building", "name": "Palazzina Amministrativa", "denomination": null, "religion": null, "wikidata": null, "government": null, "office": null, "abandoned": null, "operator": null, "operator:wikidata": null, "wheelchair": null, "building:levels": null, "roof:levels": null, "addr:city": null, "addr:street": null, "alt_name": null, "leisure": null, "sport": null, "addr:postcode": null, "brand": null, "brand:wikidata": null, "opening_hours": null, "phone": null, "website": null, "shop": null, "addr:country": null, "addr:housenumber": null, "air_conditioning": null, "email": null, "fax": null, "internet_access": null, "internet_access:fee": null, "payment:mastercard": null, "payment:visa": null, "roof:shape": null, "rooms": null, "stars": null, "tourism": null, "check_date": null, "content": null, "man_made": null, "material": null, "source": null, "water": null, "cuisine": null, "layer": null, "contact:facebook": null, "type": null, "building:parts": null, "contact:email": null, "contact:phone": null, "height": 6.0 }, "geometry": { "type": "Polygon", "coordinates": [ [ [ 14.8281673, 40.6487464 ], [ 14.8284826, 40.6488783 ], [ 14.8280186, 40.6494807 ], [ 14.8277075, 40.6493403 ], [ 14.8281673, 40.6487464 ] ] ] } },
{ "type": "Feature", "properties": { "element": "way", "id": 195208566, "building": "yes", "amenity": "public_building", "name": "Torre del Cuore", "denomination": null, "religion": null, "wikidata": null, "government": null, "office": null, "abandoned": null, "operator": null, "operator:wikidata": null, "wheelchair": null, "building:levels": null, "roof:levels": null, "addr:city": null, "addr:street": null, "alt_name": null, "leisure": null, "sport": null, "addr:postcode": null, "brand": null, "brand:wikidata": null, "opening_hours": null, "phone": null, "website": null, "shop": null, "addr:country": null, "addr:housenumber": null, "air_conditioning": null, "email": null, "fax": null, "internet_access": null, "internet_access:fee": null, "payment:mastercard": null, "payment:visa": null, "roof:shape": null, "rooms": null, "stars": null, "tourism": null, "check_date": null, "content": null, "man_made": null, "material": null, "source": null, "water": null, "cuisine": null, "layer": null, "contact:facebook": null, "type": null, "building:parts": null, "contact:email": null, "contact:phone": null, "height": 6.0 }, "geometry": { "type": "Polygon", "coordinates": [ [ [ 14.8279993, 40.6496735 ], [ 14.8281285, 40.6497387 ], [ 14.8281097, 40.6497693 ], [ 14.8282036, 40.649812 ], [ 14.8279461, 40.650162 ], [ 14.8276564, 40.6500379 ], [ 14.8277235, 40.6499626 ], [ 14.8274279, 40.6498364 ], [ 14.8274184, 40.6497998 ], [ 14.8275748, 40.6495905 ], [ 14.8276247, 40.6495823 ], [ 14.827896, 40.6497013 ], [ 14.8279039, 40.6496942 ], [ 14.8279625, 40.6497167 ], [ 14.8279993, 40.6496735 ] ] ] } },
{ "type": "Feature", "properties": { "element": "way", "id": 221897681, "building": "yes", "amenity": null, "name": null, "denomination": null, "religion": null, "wikidata": null, "government": null, "office": null, "abandoned": null, "operator": null, "operator:wikidata": null, "wheelchair": null, "building:levels": null, "roof:levels": null, "addr:city": null, "addr:street": null, "alt_name": null, "leisure": null, "sport": null, "addr:postcode": null, "brand": null, "brand:wikidata": null, "opening_hours": null, "phone": null, "website": null, "shop": null, "addr:country": null, "addr:housenumber": null, "air_conditioning": null, "email": null, "fax": null, "internet_access": null, "internet_access:fee": null, "payment:mastercard": null, "payment:visa": null, "roof:shape": null, "rooms": null, "stars": null, "tourism": null, "check_date": null, "content": null, "man_made": null, "material": null, "source": null, "water": null, "cuisine": null, "layer": null, "contact:facebook": null, "type": null, "building:parts": null, "contact:email": null, "contact:phone": null, "height": 6.0 }, "geometry": { "type": "Polygon", "coordinates": [ [ [ 14.8219233, 40.6444379 ], [ 14.8217925, 40.6442941 ], [ 14.8218311, 40.6442739 ], [ 14.8218632, 40.6443092 ], [ 14.8220815, 40.6441949 ], [ 14.8221805, 40.6443038 ], [ 14.8222236, 40.6442812 ], [ 14.8222786, 40.6443417 ], [ 14.8221965, 40.6443847 ], [ 14.8221412, 40.6443238 ], [ 14.8219233, 40.6444379 ] ] ] } },
{ "type": "Feature", "properties": { "element": "way", "id": 221897682, "building": "yes", "amenity": null, "name": null, "denomination": null, "religion": null, "wikidata": null, "government": null, "office": null, "abandoned": null, "operator": null, "operator:wikidata": null, "wheelchair": null, "building:levels": null, "roof:levels": null, "addr:city": null, "addr:street": null, "alt_name": null, "leisure": null, "sport": null, "addr:postcode": null, "brand": null, "brand:wikidata": null, "opening_hours": null, "phone": null, "website": null, "shop": null, "addr:country": null, "addr:housenumber": null, "air_conditioning": null, "email": null, "fax": null, "internet_access": null, "internet_access:fee": null, "payment:mastercard": null, "payment:visa": null, "roof:shape": null, "rooms": null, "stars": null, "tourism": null, "check_date": null, "content": null, "man_made": null, "material": null, "source": null, "water": null, "cuisine": null, "layer": null, "contact:facebook": null, "type": null, "building:parts": null, "contact:email": null, "contact:phone": null, "height": 6.0 }, "geometry": { "type": "Polygon", "coordinates": [ [ [ 14.8213194, 40.6421946 ], [ 14.8213013, 40.6421741 ], [ 14.821272, 40.6421632 ], [ 14.8212395, 40.6421649 ], [ 14.8212125, 40.6421787 ], [ 14.8211981, 40.6422009 ], [ 14.8212004, 40.6422255 ], [ 14.8212185, 40.642246 ], [ 14.8212478, 40.6422569 ], [ 14.8212803, 40.6422552 ], [ 14.8213073, 40.6422414 ], [ 14.8213217, 40.6422192 ], [ 14.8213194, 40.6421946 ] ] ] } },
{ "type": "Feature", "properties": { "element": "way", "id": 221897683, "building": "yes", "amenity": null, "name": null, "denomination": null, "religion": null, "wikidata": null, "government": null, "office": null, "abandoned": null, "operator": null, "operator:wikidata": null, "wheelchair": null, "building:levels": null, "roof:levels": null, "addr:city": null, "addr:street": null, "alt_name": null, "leisure": null, "sport": null, "addr:postcode": null, "brand": null, "brand:wikidata": null, "opening_hours": null, "phone": null, "website": null, "shop": null, "addr:country": null, "addr:housenumber": null, "air_conditioning": null, "email": null, "fax": null, "internet_access": null, "internet_access:fee": null, "payment:mastercard": null, "payment:visa": null, "roof:shape": null, "rooms": null, "stars": null, "tourism": null, "check_date": null, "content": null, "man_made": null, "material": null, "source": null, "water": null, "cuisine": null, "layer": null, "contact:facebook": null, "type": null, "building:parts": null, "contact:email": null, "contact:phone": null, "height": 6.0 }, "geometry": { "type": "Polygon", "coordinates": [ [ [ 14.8304455, 40.635173 ], [ 14.8304269, 40.6351353 ], [ 14.8303859, 40.6351097 ], [ 14.8303336, 40.6351031 ], [ 14.830284, 40.6351173 ], [ 14.8302503, 40.6351483 ], [ 14.8302416, 40.635188 ], [ 14.8302602, 40.6352257 ], [ 14.8303012, 40.6352512 ], [ 14.8303535, 40.6352579 ], [ 14.8304031, 40.6352437 ], [ 14.8304368, 40.6352127 ], [ 14.8304455, 40.635173 ] ] ] } },
{ "type": "Feature", "properties": { "element": "way", "id": 221897685, "building": "yes", "amenity": null, "name": null, "denomination": null, "religion": null, "wikidata": null, "government": null, "office": null, "abandoned": null, "operator": null, "operator:wikidata": null, "wheelchair": null, "building:levels": null, "roof:levels": null, "addr:city": null, "addr:street": null, "alt_name": null, "leisure": null, "sport": null, "addr:postcode": null, "brand": null, "brand:wikidata": null, "opening_hours": null, "phone": null, "website": null, "shop": null, "addr:country": null, "addr:housenumber": null, "air_conditioning": null, "email": null, "fax": null, "internet_access": null, "internet_access:fee": null, "payment:mastercard": null, "payment:visa": null, "roof:shape": null, "rooms": null, "stars": null, "tourism": null, "check_date": null, "content": null, "man_made": null, "material": null, "source": null, "water": null, "cuisine": null, "layer": null, "contact:facebook": null, "type": null, "building:parts": null, "contact:email": null, "contact:phone": null, "height": 6.0 }, "geometry": { "type": "Polygon", "coordinates": [ [ [ 14.8306222, 40.6353303 ], [ 14.8306058, 40.635301 ], [ 14.8305724, 40.6352819 ], [ 14.8305308, 40.6352781 ], [ 14.8304922, 40.6352905 ], [ 14.830467, 40.6353159 ], [ 14.8304619, 40.6353475 ], [ 14.8304783, 40.6353767 ], [ 14.8305118, 40.6353959 ], [ 14.8305534, 40.6353997 ], [ 14.830592, 40.6353873 ], [ 14.8306172, 40.6353619 ], [ 14.8306222, 40.6353303 ] ] ] } },
{ "type": "Feature", "properties": { "element": "way", "id": 221897686, "building": "yes", "amenity": null, "name": null, "denomination": null, "religion": null, "wikidata": null, "government": null, "office": null, "abandoned": null, "operator": null, "operator:wikidata": null, "wheelchair": null, "building:levels": null, "roof:levels": null, "addr:city": null, "addr:street": null, "alt_name": null, "leisure": null, "sport": null, "addr:postcode": null, "brand": null, "brand:wikidata": null, "opening_hours": null, "phone": null, "website": null, "shop": null, "addr:country": null, "addr:housenumber": null, "air_conditioning": null, "email": null, "fax": null, "internet_access": null, "internet_access:fee": null, "payment:mastercard": null, "payment:visa": null, "roof:shape": null, "rooms": null, "stars": null, "tourism": null, "check_date": null, "content": null, "man_made": null, "material": null, "source": null, "water": null, "cuisine": null, "layer": null, "contact:facebook": null, "type": null, "building:parts": null, "contact:email": null, "contact:phone": null, "height": 6.0 }, "geometry": { "type": "Polygon", "coordinates": [ [ [ 14.8275005, 40.6381429 ], [ 14.8273955, 40.6380883 ], [ 14.8273614, 40.638126 ], [ 14.8272774, 40.6380823 ], [ 14.8274892, 40.6378481 ], [ 14.8275867, 40.6378988 ], [ 14.827629, 40.637852 ], [ 14.8277286, 40.6379038 ], [ 14.8275824, 40.6380656 ], [ 14.8276292, 40.63809 ], [ 14.8275745, 40.6381505 ], [ 14.8275195, 40.6381219 ], [ 14.8275005, 40.6381429 ] ] ] } },
{ "type": "Feature", "properties": { "element": "way", "id": 221897687, "building": "yes", "amenity": null, "name": null, "denomination": null, "religion": null, "wikidata": null, "government": null, "office": null, "abandoned": "yes", "operator": null, "operator:wikidata": null, "wheelchair": null, "building:levels": null, "roof:levels": null, "addr:city": null, "addr:street": null, "alt_name": null, "leisure": null, "sport": null, "addr:postcode": null, "brand": null, "brand:wikidata": null, "opening_hours": null, "phone": null, "website": null, "shop": null, "addr:country": null, "addr:housenumber": null, "air_conditioning": null, "email": null, "fax": null, "internet_access": null, "internet_access:fee": null, "payment:mastercard": null, "payment:visa": null, "roof:shape": null, "rooms": null, "stars": null, "tourism": null, "check_date": null, "content": null, "man_made": null, "material": null, "source": null, "water": null, "cuisine": null, "layer": null, "contact:facebook": null, "type": null, "building:parts": null, "contact:email": null, "contact:phone": null, "height": 6.0 }, "geometry": { "type": "Polygon", "coordinates": [ [ [ 14.8257513, 40.6400053 ], [ 14.8257372, 40.6399846 ], [ 14.8257114, 40.639972 ], [ 14.8256807, 40.6399709 ], [ 14.8256534, 40.6399816 ], [ 14.8256369, 40.6400013 ], [ 14.8256354, 40.6400245 ], [ 14.8256495, 40.6400452 ], [ 14.8256754, 40.6400578 ], [ 14.8257061, 40.6400589 ], [ 14.8257333, 40.6400482 ], [ 14.8257499, 40.6400285 ], [ 14.8257513, 40.6400053 ] ] ] } },
{ "type": "Feature", "properties": { "element": "way", "id": 221897688, "building": "yes", "amenity": null, "name": null, "denomination": null, "religion": null, "wikidata": null, "government": null, "office": null, "abandoned": null, "operator": null, "operator:wikidata": null, "wheelchair": null, "building:levels": null, "roof:levels": null, "addr:city": null, "addr:street": null, "alt_name": null, "leisure": null, "sport": null, "addr:postcode": null, "brand": null, "brand:wikidata": null, "opening_hours": null, "phone": null, "website": null, "shop": null, "addr:country": null, "addr:housenumber": null, "air_conditioning": null, "email": null, "fax": null, "internet_access": null, "internet_access:fee": null, "payment:mastercard": null, "payment:visa": null, "roof:shape": null, "rooms": null, "stars": null, "tourism": null, "check_date": null, "content": null, "man_made": null, "material": null, "source": null, "water": null, "cuisine": null, "layer": null, "contact:facebook": null, "type": null, "building:parts": null, "contact:email": null, "contact:phone": null, "height": 6.0 }, "geometry": { "type": "Polygon", "coordinates": [ [ [ 14.8224353, 40.6412815 ], [ 14.8224202, 40.6412599 ], [ 14.822393, 40.641247 ], [ 14.8223609, 40.6412462 ], [ 14.8223325, 40.6412576 ], [ 14.8223155, 40.6412783 ], [ 14.8223144, 40.6413026 ], [ 14.8223294, 40.6413241 ], [ 14.8223567, 40.6413371 ], [ 14.8223888, 40.6413379 ], [ 14.8224171, 40.6413265 ], [ 14.8224342, 40.6413058 ], [ 14.8224353, 40.6412815 ] ] ] } },
{ "type": "Feature", "properties": { "element": "way", "id": 221897689, "building": "yes", "amenity": null, "name": null, "denomination": null, "religion": null, "wikidata": null, "government": null, "office": null, "abandoned": null, "operator": null, "operator:wikidata": null, "wheelchair": null, "building:levels": null, "roof:levels": null, "addr:city": null, "addr:street": null, "alt_name": null, "leisure": null, "sport": null, "addr:postcode": null, "brand": null, "brand:wikidata": null, "opening_hours": null, "phone": null, "website": null, "shop": null, "addr:country": null, "addr:housenumber": null, "air_conditioning": null, "email": null, "fax": null, "internet_access": null, "internet_access:fee": null, "payment:mastercard": null, "payment:visa": null, "roof:shape": null, "rooms": null, "stars": null, "tourism": null, "check_date": null, "content": null, "man_made": null, "material": null, "source": null, "water": null, "cuisine": null, "layer": null, "contact:facebook": null, "type": null, "building:parts": null, "contact:email": null, "contact:phone": null, "height": 6.0 }, "geometry": { "type": "Polygon", "coordinates": [ [ [ 14.8322587, 40.6352235 ], [ 14.8326957, 40.6344611 ], [ 14.8336334, 40.6347706 ], [ 14.8335495, 40.6349169 ], [ 14.8334634, 40.6348885 ], [ 14.8333702, 40.6350512 ], [ 14.833246, 40.6350102 ], [ 14.8331527, 40.6351729 ], [ 14.8330322, 40.6351331 ], [ 14.8329439, 40.6352872 ], [ 14.8328285, 40.6352491 ], [ 14.8327502, 40.6353858 ], [ 14.8322587, 40.6352235 ] ] ] } },
{ "type": "Feature", "properties": { "element": "way", "id": 221897691, "building": "yes", "amenity": null, "name": null, "denomination": null, "religion": null, "wikidata": null, "government": null, "office": null, "abandoned": null, "operator": null, "operator:wikidata": null, "wheelchair": null, "building:levels": null, "roof:levels": null, "addr:city": null, "addr:street": null, "alt_name": null, "leisure": null, "sport": null, "addr:postcode": null, "brand": null, "brand:wikidata": null, "opening_hours": null, "phone": null, "website": null, "shop": null, "addr:country": null, "addr:housenumber": null, "air_conditioning": null, "email": null, "fax": null, "internet_access": null, "internet_access:fee": null, "payment:mastercard": null, "payment:visa": null, "roof:shape": null, "rooms": null, "stars": null, "tourism": null, "check_date": null, "content": null, "man_made": null, "material": null, "source": null, "water": null, "cuisine": null, "layer": null, "contact:facebook": null, "type": null, "building:parts": null, "contact:email": null, "contact:phone": null, "height": 6.0 }, "geometry": { "type": "Polygon", "coordinates": [ [ [ 14.8148033, 40.6478082 ], [ 14.8148594, 40.6477887 ], [ 14.8148805, 40.6477525 ], [ 14.81496, 40.647695 ], [ 14.8150077, 40.6476783 ], [ 14.8150325, 40.6476452 ], [ 14.8150114, 40.6476094 ], [ 14.8150351, 40.6475895 ], [ 14.8150265, 40.647552 ], [ 14.8149485, 40.6474904 ], [ 14.8148938, 40.6474751 ], [ 14.8148554, 40.6474918 ], [ 14.8148192, 40.6474692 ], [ 14.8147681, 40.6474862 ], [ 14.8147407, 40.6475218 ], [ 14.8146614, 40.6475749 ], [ 14.8146149, 40.6475908 ], [ 14.8145839, 40.6476289 ], [ 14.8146111, 40.6476686 ], [ 14.8145921, 40.6476898 ], [ 14.8146055, 40.647731 ], [ 14.8146853, 40.6477907 ], [ 14.814736, 40.6478025 ], [ 14.8147666, 40.6477836 ], [ 14.8148033, 40.6478082 ] ] ] } },
{ "type": "Feature", "properties": { "element": "way", "id": 221897692, "building": "school", "amenity": "school", "name": null, "denomination": null, "religion": null, "wikidata": null, "government": null, "office": null, "abandoned": null, "operator": null, "operator:wikidata": null, "wheelchair": null, "building:levels": null, "roof:levels": null, "addr:city": null, "addr:street": null, "alt_name": null, "leisure": null, "sport": null, "addr:postcode": null, "brand": null, "brand:wikidata": null, "opening_hours": null, "phone": null, "website": null, "shop": null, "addr:country": null, "addr:housenumber": null, "air_conditioning": null, "email": null, "fax": null, "internet_access": null, "internet_access:fee": null, "payment:mastercard": null, "payment:visa": null, "roof:shape": null, "rooms": null, "stars": null, "tourism": null, "check_date": null, "content": null, "man_made": null, "material": null, "source": null, "water": null, "cuisine": null, "layer": null, "contact:facebook": null, "type": null, "building:parts": null, "contact:email": null, "contact:phone": null, "height": 6.0 }, "geometry": { "type": "Polygon", "coordinates": [ [ [ 14.8215562, 40.6423347 ], [ 14.821639, 40.6423911 ], [ 14.8216181, 40.6424087 ], [ 14.8217329, 40.6424868 ], [ 14.8217559, 40.6424674 ], [ 14.8218294, 40.6425174 ], [ 14.8220967, 40.6422913 ], [ 14.8220307, 40.6422463 ], [ 14.8220492, 40.6422307 ], [ 14.8219313, 40.6421504 ], [ 14.8219125, 40.6421663 ], [ 14.8218312, 40.642111 ], [ 14.8217694, 40.6421632 ], [ 14.8218774, 40.6422368 ], [ 14.8217357, 40.6423567 ], [ 14.8216219, 40.6422792 ], [ 14.8215562, 40.6423347 ] ] ] } },
{ "type": "Feature", "properties": { "element": "way", "id": 221897693, "building": "yes", "amenity": "police", "name": "Guardia di Finanza", "denomination": null, "religion": null, "wikidata": null, "government": null, "office": null, "abandoned": null, "operator": "Guardia di Finanza", "operator:wikidata": "Q1552861", "wheelchair": "yes", "building:levels": null, "roof:levels": null, "addr:city": null, "addr:street": null, "alt_name": null, "leisure": null, "sport": null, "addr:postcode": null, "brand": null, "brand:wikidata": null, "opening_hours": null, "phone": null, "website": null, "shop": null, "addr:country": null, "addr:housenumber": null, "air_conditioning": null, "email": null, "fax": null, "internet_access": null, "internet_access:fee": null, "payment:mastercard": null, "payment:visa": null, "roof:shape": null, "rooms": null, "stars": null, "tourism": null, "check_date": null, "content": null, "man_made": null, "material": null, "source": null, "water": null, "cuisine": null, "layer": null, "contact:facebook": null, "type": null, "building:parts": null, "contact:email": null, "contact:phone": null, "height": 6.0 }, "geometry": { "type": "Polygon", "coordinates": [ [ [ 14.8125434, 40.6499397 ], [ 14.8124249, 40.6498813 ], [ 14.8125766, 40.6497042 ], [ 14.8124728, 40.649653 ], [ 14.8124125, 40.6497234 ], [ 14.8123163, 40.6496759 ], [ 14.8123625, 40.649622 ], [ 14.8123359, 40.6496088 ], [ 14.8125869, 40.6493174 ], [ 14.8126271, 40.6493374 ], [ 14.8126977, 40.6492557 ], [ 14.8126626, 40.6492382 ], [ 14.8129136, 40.648949 ], [ 14.8129408, 40.6489626 ], [ 14.8129901, 40.6489061 ], [ 14.8130903, 40.6489566 ], [ 14.8130521, 40.6490002 ], [ 14.8131119, 40.6490303 ], [ 14.812951, 40.6492137 ], [ 14.8128924, 40.6491841 ], [ 14.8126195, 40.6494946 ], [ 14.8126822, 40.6495263 ], [ 14.81263, 40.6495856 ], [ 14.8127458, 40.6496443 ], [ 14.8127093, 40.6496858 ], [ 14.8127493, 40.6497061 ], [ 14.8125434, 40.6499397 ] ] ] } },
{ "type": "Feature", "properties": { "element": "way", "id": 221897694, "building": "yes", "amenity": null, "name": null, "denomination": null, "religion": null, "wikidata": null, "government": null, "office": null, "abandoned": null, "operator": null, "operator:wikidata": null, "wheelchair": null, "building:levels": null, "roof:levels": null, "addr:city": null, "addr:street": null, "alt_name": null, "leisure": null, "sport": null, "addr:postcode": null, "brand": null, "brand:wikidata": null, "opening_hours": null, "phone": null, "website": null, "shop": null, "addr:country": null, "addr:housenumber": null, "air_conditioning": null, "email": null, "fax": null, "internet_access": null, "internet_access:fee": null, "payment:mastercard": null, "payment:visa": null, "roof:shape": null, "rooms": null, "stars": null, "tourism": null, "check_date": null, "content": null, "man_made": null, "material": null, "source": null, "water": null, "cuisine": null, "layer": null, "contact:facebook": null, "type": null, "building:parts": null, "contact:email": null, "contact:phone": null, "height": 6.0 }, "geometry": { "type": "Polygon", "coordinates": [ [ [ 14.8161379, 40.6470525 ], [ 14.8156967, 40.6466631 ], [ 14.8156362, 40.6467027 ], [ 14.8160773, 40.647092 ], [ 14.8161379, 40.6470525 ] ] ] } },
{ "type": "Feature", "properties": { "element": "way", "id": 221897695, "building": "retail", "amenity": null, "name": null, "denomination": null, "religion": null, "wikidata": null, "government": null, "office": null, "abandoned": null, "operator": null, "operator:wikidata": null, "wheelchair": null, "building:levels": "1", "roof:levels": "0", "addr:city": null, "addr:street": null, "alt_name": null, "leisure": null, "sport": null, "addr:postcode": null, "brand": null, "brand:wikidata": null, "opening_hours": null, "phone": null, "website": null, "shop": null, "addr:country": null, "addr:housenumber": null, "air_conditioning": null, "email": null, "fax": null, "internet_access": null, "internet_access:fee": null, "payment:mastercard": null, "payment:visa": null, "roof:shape": null, "rooms": null, "stars": null, "tourism": null, "check_date": null, "content": null, "man_made": null, "material": null, "source": null, "water": null, "cuisine": null, "layer": null, "contact:facebook": null, "type": null, "building:parts": null, "contact:email": null, "contact:phone": null, "height": 3.0 }, "geometry": { "type": "Polygon", "coordinates": [ [ [ 14.8163662, 40.6472071 ], [ 14.8162516, 40.6471172 ], [ 14.8164466, 40.6469741 ], [ 14.8165612, 40.647064 ], [ 14.8163662, 40.6472071 ] ] ] } },
{ "type": "Feature", "properties": { "element": "way", "id": 221897696, "building": "yes", "amenity": null, "name": null, "denomination": null, "religion": null, "wikidata": null, "government": null, "office": null, "abandoned": null, "operator": null, "operator:wikidata": null, "wheelchair": null, "building:levels": null, "roof:levels": null, "addr:city": null, "addr:street": null, "alt_name": null, "leisure": null, "sport": null, "addr:postcode": null, "brand": null, "brand:wikidata": null, "opening_hours": null, "phone": null, "website": null, "shop": null, "addr:country": null, "addr:housenumber": null, "air_conditioning": null, "email": null, "fax": null, "internet_access": null, "internet_access:fee": null, "payment:mastercard": null, "payment:visa": null, "roof:shape": null, "rooms": null, "stars": null, "tourism": null, "check_date": null, "content": null, "man_made": null, "material": null, "source": null, "water": null, "cuisine": null, "layer": null, "contact:facebook": null, "type": null, "building:parts": null, "contact:email": null, "contact:phone": null, "height": 6.0 }, "geometry": { "type": "Polygon", "coordinates": [ [ [ 14.8162644, 40.6469871 ], [ 14.8162451, 40.6469684 ], [ 14.8161661, 40.6470154 ], [ 14.8161854, 40.6470341 ], [ 14.8162644, 40.6469871 ] ] ] } },
{ "type": "Feature", "properties": { "element": "way", "id": 221897697, "building": "yes", "amenity": null, "name": null, "denomination": null, "religion": null, "wikidata": null, "government": null, "office": null, "abandoned": null, "operator": null, "operator:wikidata": null, "wheelchair": null, "building:levels": null, "roof:levels": null, "addr:city": null, "addr:street": null, "alt_name": null, "leisure": null, "sport": null, "addr:postcode": null, "brand": null, "brand:wikidata": null, "opening_hours": null, "phone": null, "website": null, "shop": null, "addr:country": null, "addr:housenumber": null, "air_conditioning": null, "email": null, "fax": null, "internet_access": null, "internet_access:fee": null, "payment:mastercard": null, "payment:visa": null, "roof:shape": null, "rooms": null, "stars": null, "tourism": null, "check_date": null, "content": null, "man_made": null, "material": null, "source": null, "water": null, "cuisine": null, "layer": null, "contact:facebook": null, "type": null, "building:parts": null, "contact:email": null, "contact:phone": null, "height": 6.0 }, "geometry": { "type": "Polygon", "coordinates": [ [ [ 14.8171934, 40.6463 ], [ 14.8171234, 40.64626 ], [ 14.8172422, 40.6461406 ], [ 14.8173121, 40.6461807 ], [ 14.8171934, 40.6463 ] ] ] } },
{ "type": "Feature", "properties": { "element": "way", "id": 221897698, "building": "yes", "amenity": null, "name": null, "denomination": null, "religion": null, "wikidata": null, "government": null, "office": null, "abandoned": null, "operator": null, "operator:wikidata": null, "wheelchair": null, "building:levels": null, "roof:levels": null, "addr:city": null, "addr:street": null, "alt_name": null, "leisure": null, "sport": null, "addr:postcode": null, "brand": null, "brand:wikidata": null, "opening_hours": null, "phone": null, "website": null, "shop": null, "addr:country": null, "addr:housenumber": null, "air_conditioning": null, "email": null, "fax": null, "internet_access": null, "internet_access:fee": null, "payment:mastercard": null, "payment:visa": null, "roof:shape": null, "rooms": null, "stars": null, "tourism": null, "check_date": null, "content": null, "man_made": null, "material": null, "source": null, "water": null, "cuisine": null, "layer": null, "contact:facebook": null, "type": null, "building:parts": null, "contact:email": null, "contact:phone": null, "height": 6.0 }, "geometry": { "type": "Polygon", "coordinates": [ [ [ 14.820673, 40.6436348 ], [ 14.8206382, 40.6436092 ], [ 14.8206176, 40.6436253 ], [ 14.8205682, 40.6435889 ], [ 14.8202988, 40.6437995 ], [ 14.820383, 40.6438615 ], [ 14.820673, 40.6436348 ] ] ] } },
{ "type": "Feature", "properties": { "element": "way", "id": 221897699, "building": "yes", "amenity": null, "name": null, "denomination": null, "religion": null, "wikidata": null, "government": null, "office": null, "abandoned": null, "operator": null, "operator:wikidata": null, "wheelchair": null, "building:levels": null, "roof:levels": null, "addr:city": null, "addr:street": null, "alt_name": null, "leisure": null, "sport": null, "addr:postcode": null, "brand": null, "brand:wikidata": null, "opening_hours": null, "phone": null, "website": null, "shop": null, "addr:country": null, "addr:housenumber": null, "air_conditioning": null, "email": null, "fax": null, "internet_access": null, "internet_access:fee": null, "payment:mastercard": null, "payment:visa": null, "roof:shape": null, "rooms": null, "stars": null, "tourism": null, "check_date": null, "content": null, "man_made": null, "material": null, "source": null, "water": null, "cuisine": null, "layer": null, "contact:facebook": null, "type": null, "building:parts": null, "contact:email": null, "contact:phone": null, "height": 6.0 }, "geometry": { "type": "Polygon", "coordinates": [ [ [ 14.8173392, 40.6461606 ], [ 14.8171474, 40.6460571 ], [ 14.8172282, 40.6459709 ], [ 14.8174199, 40.6460744 ], [ 14.8173392, 40.6461606 ] ] ] } },
{ "type": "Feature", "properties": { "element": "way", "id": 221897700, "building": "yes", "amenity": null, "name": null, "denomination": null, "religion": null, "wikidata": null, "government": null, "office": null, "abandoned": null, "operator": null, "operator:wikidata": null, "wheelchair": null, "building:levels": null, "roof:levels": null, "addr:city": null, "addr:street": null, "alt_name": null, "leisure": null, "sport": null, "addr:postcode": null, "brand": null, "brand:wikidata": null, "opening_hours": null, "phone": null, "website": null, "shop": null, "addr:country": null, "addr:housenumber": null, "air_conditioning": null, "email": null, "fax": null, "internet_access": null, "internet_access:fee": null, "payment:mastercard": null, "payment:visa": null, "roof:shape": null, "rooms": null, "stars": null, "tourism": null, "check_date": null, "content": null, "man_made": null, "material": null, "source": null, "water": null, "cuisine": null, "layer": null, "contact:facebook": null, "type": null, "building:parts": null, "contact:email": null, "contact:phone": null, "height": 6.0 }, "geometry": { "type": "Polygon", "coordinates": [ [ [ 14.8152627, 40.6477705 ], [ 14.8151776, 40.6477008 ], [ 14.8155768, 40.6474204 ], [ 14.8156683, 40.6474954 ], [ 14.8156429, 40.6475132 ], [ 14.8156611, 40.6475281 ], [ 14.8156023, 40.6475695 ], [ 14.8155795, 40.6475508 ], [ 14.8153703, 40.6476981 ], [ 14.8153945, 40.6477179 ], [ 14.8153531, 40.647747 ], [ 14.8153267, 40.6477254 ], [ 14.8152627, 40.6477705 ] ] ] } },
{ "type": "Feature", "properties": { "element": "way", "id": 221897701, "building": "yes", "amenity": null, "name": null, "denomination": null, "religion": null, "wikidata": null, "government": null, "office": null, "abandoned": null, "operator": null, "operator:wikidata": null, "wheelchair": null, "building:levels": null, "roof:levels": null, "addr:city": null, "addr:street": null, "alt_name": null, "leisure": null, "sport": null, "addr:postcode": null, "brand": null, "brand:wikidata": null, "opening_hours": null, "phone": null, "website": null, "shop": null, "addr:country": null, "addr:housenumber": null, "air_conditioning": null, "email": null, "fax": null, "internet_access": null, "internet_access:fee": null, "payment:mastercard": null, "payment:visa": null, "roof:shape": null, "rooms": null, "stars": null, "tourism": null, "check_date": null, "content": null, "man_made": null, "material": null, "source": null, "water": null, "cuisine": null, "layer": null, "contact:facebook": null, "type": null, "building:parts": null, "contact:email": null, "contact:phone": null, "height": 6.0 }, "geometry": { "type": "Polygon", "coordinates": [ [ [ 14.8139774, 40.6482872 ], [ 14.8139025, 40.648223 ], [ 14.8139512, 40.6481903 ], [ 14.8140261, 40.6482545 ], [ 14.8139774, 40.6482872 ] ] ] } },
{ "type": "Feature", "properties": { "element": "way", "id": 221897703, "building": "yes", "amenity": null, "name": null, "denomination": null, "religion": null, "wikidata": null, "government": null, "office": null, "abandoned": null, "operator": null, "operator:wikidata": null, "wheelchair": null, "building:levels": null, "roof:levels": null, "addr:city": null, "addr:street": null, "alt_name": null, "leisure": null, "sport": null, "addr:postcode": null, "brand": null, "brand:wikidata": null, "opening_hours": null, "phone": null, "website": null, "shop": null, "addr:country": null, "addr:housenumber": null, "air_conditioning": null, "email": null, "fax": null, "internet_access": null, "internet_access:fee": null, "payment:mastercard": null, "payment:visa": null, "roof:shape": null, "rooms": null, "stars": null, "tourism": null, "check_date": null, "content": null, "man_made": null, "material": null, "source": null, "water": null, "cuisine": null, "layer": null, "contact:facebook": null, "type": null, "building:parts": null, "contact:email": null, "contact:phone": null, "height": 6.0 }, "geometry": { "type": "Polygon", "coordinates": [ [ [ 14.8166431, 40.6464399 ], [ 14.816435, 40.6463116 ], [ 14.81648, 40.6462696 ], [ 14.8166881, 40.6463979 ], [ 14.8166431, 40.6464399 ] ] ] } },
{ "type": "Feature", "properties": { "element": "way", "id": 221897704, "building": "yes", "amenity": null, "name": null, "denomination": null, "religion": null, "wikidata": null, "government": null, "office": null, "abandoned": null, "operator": null, "operator:wikidata": null, "wheelchair": null, "building:levels": null, "roof:levels": null, "addr:city": null, "addr:street": null, "alt_name": null, "leisure": null, "sport": null, "addr:postcode": null, "brand": null, "brand:wikidata": null, "opening_hours": null, "phone": null, "website": null, "shop": null, "addr:country": null, "addr:housenumber": null, "air_conditioning": null, "email": null, "fax": null, "internet_access": null, "internet_access:fee": null, "payment:mastercard": null, "payment:visa": null, "roof:shape": null, "rooms": null, "stars": null, "tourism": null, "check_date": null, "content": null, "man_made": null, "material": null, "source": null, "water": null, "cuisine": null, "layer": null, "contact:facebook": null, "type": null, "building:parts": null, "contact:email": null, "contact:phone": null, "height": 6.0 }, "geometry": { "type": "Polygon", "coordinates": [ [ [ 14.833874, 40.634448 ], [ 14.833101, 40.633757 ], [ 14.8337554, 40.6333395 ], [ 14.8345143, 40.6340377 ], [ 14.833874, 40.634448 ] ] ] } },
{ "type": "Feature", "properties": { "element": "way", "id": 221897705, "building": "yes", "amenity": null, "name": "PalaTulimieri", "denomination": null, "religion": null, "wikidata": null, "government": null, "office": null, "abandoned": null, "operator": null, "operator:wikidata": null, "wheelchair": null, "building:levels": null, "roof:levels": null, "addr:city": "Salerno", "addr:street": "Via Salvador Allende", "alt_name": "Pala Tulimieri", "leisure": "sports_centre", "sport": "roller_hockey", "addr:postcode": null, "brand": null, "brand:wikidata": null, "opening_hours": null, "phone": null, "website": null, "shop": null, "addr:country": null, "addr:housenumber": null, "air_conditioning": null, "email": null, "fax": null, "internet_access": null, "internet_access:fee": null, "payment:mastercard": null, "payment:visa": null, "roof:shape": null, "rooms": null, "stars": null, "tourism": null, "check_date": null, "content": null, "man_made": null, "material": null, "source": null, "water": null, "cuisine": null, "layer": null, "contact:facebook": null, "type": null, "building:parts": null, "contact:email": null, "contact:phone": null, "height": 6.0 }, "geometry": { "type": "Polygon", "coordinates": [ [ [ 14.8296804, 40.6353746 ], [ 14.8299384, 40.6351624 ], [ 14.8304096, 40.6354923 ], [ 14.8301516, 40.6357045 ], [ 14.8299098, 40.6355372 ], [ 14.8296804, 40.6353746 ] ] ] } },
{ "type": "Feature", "properties": { "element": "way", "id": 221897706, "building": "yes", "amenity": null, "name": null, "denomination": null, "religion": null, "wikidata": null, "government": null, "office": null, "abandoned": null, "operator": null, "operator:wikidata": null, "wheelchair": null, "building:levels": null, "roof:levels": null, "addr:city": null, "addr:street": null, "alt_name": null, "leisure": null, "sport": null, "addr:postcode": null, "brand": null, "brand:wikidata": null, "opening_hours": null, "phone": null, "website": null, "shop": null, "addr:country": null, "addr:housenumber": null, "air_conditioning": null, "email": null, "fax": null, "internet_access": null, "internet_access:fee": null, "payment:mastercard": null, "payment:visa": null, "roof:shape": null, "rooms": null, "stars": null, "tourism": null, "check_date": null, "content": null, "man_made": null, "material": null, "source": null, "water": null, "cuisine": null, "layer": null, "contact:facebook": null, "type": null, "building:parts": null, "contact:email": null, "contact:phone": null, "height": 6.0 }, "geometry": { "type": "Polygon", "coordinates": [ [ [ 14.8217281, 40.6486504 ], [ 14.8216946, 40.6485969 ], [ 14.8218913, 40.6485261 ], [ 14.8219247, 40.6485796 ], [ 14.8217281, 40.6486504 ] ] ] } },
{ "type": "Feature", "properties": { "element": "way", "id": 221897707, "building": "yes", "amenity": null, "name": null, "denomination": null, "religion": null, "wikidata": null, "government": null, "office": null, "abandoned": null, "operator": null, "operator:wikidata": null, "wheelchair": null, "building:levels": null, "roof:levels": null, "addr:city": null, "addr:street": null, "alt_name": null, "leisure": null, "sport": null, "addr:postcode": null, "brand": null, "brand:wikidata": null, "opening_hours": null, "phone": null, "website": null, "shop": null, "addr:country": null, "addr:housenumber": null, "air_conditioning": null, "email": null, "fax": null, "internet_access": null, "internet_access:fee": null, "payment:mastercard": null, "payment:visa": null, "roof:shape": null, "rooms": null, "stars": null, "tourism": null, "check_date": null, "content": null, "man_made": null, "material": null, "source": null, "water": null, "cuisine": null, "layer": null, "contact:facebook": null, "type": null, "building:parts": null, "contact:email": null, "contact:phone": null, "height": 6.0 }, "geometry": { "type": "Polygon", "coordinates": [ [ [ 14.813164, 40.6490326 ], [ 14.8132687, 40.6489175 ], [ 14.8134555, 40.6490152 ], [ 14.8133508, 40.6491303 ], [ 14.813164, 40.6490326 ] ] ] } },
{ "type": "Feature", "properties": { "element": "way", "id": 221897709, "building": "yes", "amenity": null, "name": null, "denomination": null, "religion": null, "wikidata": null, "government": null, "office": null, "abandoned": null, "operator": null, "operator:wikidata": null, "wheelchair": null, "building:levels": null, "roof:levels": null, "addr:city": null, "addr:street": null, "alt_name": null, "leisure": null, "sport": null, "addr:postcode": null, "brand": null, "brand:wikidata": null, "opening_hours": null, "phone": null, "website": null, "shop": null, "addr:country": null, "addr:housenumber": null, "air_conditioning": null, "email": null, "fax": null, "internet_access": null, "internet_access:fee": null, "payment:mastercard": null, "payment:visa": null, "roof:shape": null, "rooms": null, "stars": null, "tourism": null, "check_date": null, "content": null, "man_made": null, "material": null, "source": null, "water": null, "cuisine": null, "layer": null, "contact:facebook": null, "type": null, "building:parts": null, "contact:email": null, "contact:phone": null, "height": 6.0 }, "geometry": { "type": "Polygon", "coordinates": [ [ [ 14.8192416, 40.6487389 ], [ 14.8187955, 40.6483811 ], [ 14.8195912, 40.64781 ], [ 14.8200373, 40.6481678 ], [ 14.8192416, 40.6487389 ] ] ] } },
{ "type": "Feature", "properties": { "element": "way", "id": 221897710, "building": "yes", "amenity": null, "name": null, "denomination": null, "religion": null, "wikidata": null, "government": null, "office": null, "abandoned": null, "operator": null, "operator:wikidata": null, "wheelchair": null, "building:levels": null, "roof:levels": null, "addr:city": null, "addr:street": null, "alt_name": null, "leisure": null, "sport": null, "addr:postcode": null, "brand": null, "brand:wikidata": null, "opening_hours": null, "phone": null, "website": null, "shop": null, "addr:country": null, "addr:housenumber": null, "air_conditioning": null, "email": null, "fax": null, "internet_access": null, "internet_access:fee": null, "payment:mastercard": null, "payment:visa": null, "roof:shape": null, "rooms": null, "stars": null, "tourism": null, "check_date": null, "content": null, "man_made": null, "material": null, "source": null, "water": null, "cuisine": null, "layer": null, "contact:facebook": null, "type": null, "building:parts": null, "contact:email": null, "contact:phone": null, "height": 6.0 }, "geometry": { "type": "Polygon", "coordinates": [ [ [ 14.8296834, 40.6364873 ], [ 14.8294853, 40.6363148 ], [ 14.8294111, 40.6363638 ], [ 14.8296092, 40.6365364 ], [ 14.8296834, 40.6364873 ] ] ] } },
{ "type": "Feature", "properties": { "element": "way", "id": 221897711, "building": "yes", "amenity": null, "name": null, "denomination": null, "religion": null, "wikidata": null, "government": null, "office": null, "abandoned": null, "operator": null, "operator:wikidata": null, "wheelchair": null, "building:levels": null, "roof:levels": null, "addr:city": null, "addr:street": null, "alt_name": null, "leisure": null, "sport": null, "addr:postcode": null, "brand": null, "brand:wikidata": null, "opening_hours": null, "phone": null, "website": null, "shop": null, "addr:country": null, "addr:housenumber": null, "air_conditioning": null, "email": null, "fax": null, "internet_access": null, "internet_access:fee": null, "payment:mastercard": null, "payment:visa": null, "roof:shape": null, "rooms": null, "stars": null, "tourism": null, "check_date": null, "content": null, "man_made": null, "material": null, "source": null, "water": null, "cuisine": null, "layer": null, "contact:facebook": null, "type": null, "building:parts": null, "contact:email": null, "contact:phone": null, "height": 6.0 }, "geometry": { "type": "Polygon", "coordinates": [ [ [ 14.8188179, 40.6479803 ], [ 14.8178325, 40.6472167 ], [ 14.8183007, 40.646869 ], [ 14.819286, 40.6476326 ], [ 14.8188179, 40.6479803 ] ] ] } },
{ "type": "Feature", "properties": { "element": "way", "id": 221897712, "building": "yes", "amenity": null, "name": null, "denomination": null, "religion": null, "wikidata": null, "government": null, "office": null, "abandoned": null, "operator": null, "operator:wikidata": null, "wheelchair": null, "building:levels": null, "roof:levels": null, "addr:city": null, "addr:street": null, "alt_name": null, "leisure": null, "sport": null, "addr:postcode": null, "brand": null, "brand:wikidata": null, "opening_hours": null, "phone": null, "website": null, "shop": null, "addr:country": null, "addr:housenumber": null, "air_conditioning": null, "email": null, "fax": null, "internet_access": null, "internet_access:fee": null, "payment:mastercard": null, "payment:visa": null, "roof:shape": null, "rooms": null, "stars": null, "tourism": null, "check_date": null, "content": null, "man_made": null, "material": null, "source": null, "water": null, "cuisine": null, "layer": null, "contact:facebook": null, "type": null, "building:parts": null, "contact:email": null, "contact:phone": null, "height": 6.0 }, "geometry": { "type": "Polygon", "coordinates": [ [ [ 14.8308507, 40.6353881 ], [ 14.8309317, 40.6352394 ], [ 14.8310695, 40.6352826 ], [ 14.8309885, 40.6354313 ], [ 14.8308507, 40.6353881 ] ] ] } },
{ "type": "Feature", "properties": { "element": "way", "id": 221897713, "building": "yes", "amenity": null, "name": null, "denomination": null, "religion": null, "wikidata": null, "government": null, "office": null, "abandoned": "yes", "operator": null, "operator:wikidata": null, "wheelchair": null, "building:levels": null, "roof:levels": null, "addr:city": null, "addr:street": null, "alt_name": null, "leisure": null, "sport": null, "addr:postcode": null, "brand": null, "brand:wikidata": null, "opening_hours": null, "phone": null, "website": null, "shop": null, "addr:country": null, "addr:housenumber": null, "air_conditioning": null, "email": null, "fax": null, "internet_access": null, "internet_access:fee": null, "payment:mastercard": null, "payment:visa": null, "roof:shape": null, "rooms": null, "stars": null, "tourism": null, "check_date": null, "content": null, "man_made": null, "material": null, "source": null, "water": null, "cuisine": null, "layer": null, "contact:facebook": null, "type": null, "building:parts": null, "contact:email": null, "contact:phone": null, "height": 6.0 }, "geometry": { "type": "Polygon", "coordinates": [ [ [ 14.8198672, 40.6459936 ], [ 14.8194119, 40.6456253 ], [ 14.8184004, 40.6463453 ], [ 14.8188558, 40.6467136 ], [ 14.8198672, 40.6459936 ] ] ] } },
{ "type": "Feature", "properties": { "element": "way", "id": 221897714, "building": "yes", "amenity": null, "name": null, "denomination": null, "religion": null, "wikidata": null, "government": null, "office": null, "abandoned": null, "operator": null, "operator:wikidata": null, "wheelchair": null, "building:levels": null, "roof:levels": null, "addr:city": null, "addr:street": null, "alt_name": null, "leisure": null, "sport": null, "addr:postcode": null, "brand": null, "brand:wikidata": null, "opening_hours": null, "phone": null, "website": null, "shop": null, "addr:country": null, "addr:housenumber": null, "air_conditioning": null, "email": null, "fax": null, "internet_access": null, "internet_access:fee": null, "payment:mastercard": null, "payment:visa": null, "roof:shape": null, "rooms": null, "stars": null, "tourism": null, "check_date": null, "content": null, "man_made": null, "material": null, "source": null, "water": null, "cuisine": null, "layer": null, "contact:facebook": null, "type": null, "building:parts": null, "contact:email": null, "contact:phone": null, "height": 6.0 }, "geometry": { "type": "Polygon", "coordinates": [ [ [ 14.830239, 40.6367962 ], [ 14.8300994, 40.6366889 ], [ 14.8303601, 40.6364935 ], [ 14.8304998, 40.6366007 ], [ 14.830239, 40.6367962 ] ] ] } },
{ "type": "Feature", "properties": { "element": "way", "id": 221897715, "building": "roof", "amenity": null, "name": null, "denomination": null, "religion": null, "wikidata": null, "government": null, "office": null, "abandoned": null, "operator": null, "operator:wikidata": null, "wheelchair": null, "building:levels": null, "roof:levels": null, "addr:city": null, "addr:street": null, "alt_name": null, "leisure": null, "sport": null, "addr:postcode": null, "brand": null, "brand:wikidata": null, "opening_hours": null, "phone": null, "website": null, "shop": null, "addr:country": null, "addr:housenumber": null, "air_conditioning": null, "email": null, "fax": null, "internet_access": null, "internet_access:fee": null, "payment:mastercard": null, "payment:visa": null, "roof:shape": null, "rooms": null, "stars": null, "tourism": null, "check_date": null, "content": null, "man_made": null, "material": null, "source": null, "water": null, "cuisine": null, "layer": null, "contact:facebook": null, "type": null, "building:parts": null, "contact:email": null, "contact:phone": null, "height": 6.0 }, "geometry": { "type": "Polygon", "coordinates": [ [ [ 14.8255766, 40.6396848 ], [ 14.8257118, 40.6397431 ], [ 14.8256577, 40.6398096 ], [ 14.8255251, 40.6397507 ], [ 14.8255766, 40.6396848 ] ] ] } },
{ "type": "Feature", "properties": { "element": "way", "id": 221897717, "building": "yes", "amenity": null, "name": null, "denomination": null, "religion": null, "wikidata": null, "government": null, "office": null, "abandoned": null, "operator": null, "operator:wikidata": null, "wheelchair": null, "building:levels": null, "roof:levels": null, "addr:city": null, "addr:street": null, "alt_name": null, "leisure": null, "sport": null, "addr:postcode": null, "brand": null, "brand:wikidata": null, "opening_hours": null, "phone": null, "website": null, "shop": null, "addr:country": null, "addr:housenumber": null, "air_conditioning": null, "email": null, "fax": null, "internet_access": null, "internet_access:fee": null, "payment:mastercard": null, "payment:visa": null, "roof:shape": null, "rooms": null, "stars": null, "tourism": null, "check_date": null, "content": null, "man_made": null, "material": null, "source": null, "water": null, "cuisine": null, "layer": null, "contact:facebook": null, "type": null, "building:parts": null, "contact:email": null, "contact:phone": null, "height": 6.0 }, "geometry": { "type": "Polygon", "coordinates": [ [ [ 14.8331683, 40.6327529 ], [ 14.833045, 40.632647 ], [ 14.8330035, 40.6326113 ], [ 14.8328249, 40.632731 ], [ 14.8329897, 40.6328726 ], [ 14.8331683, 40.6327529 ] ] ] } },
{ "type": "Feature", "properties": { "element": "way", "id": 221897718, "building": "yes", "amenity": null, "name": null, "denomination": null, "religion": null, "wikidata": null, "government": null, "office": null, "abandoned": null, "operator": null, "operator:wikidata": null, "wheelchair": null, "building:levels": null, "roof:levels": null, "addr:city": null, "addr:street": null, "alt_name": null, "leisure": null, "sport": null, "addr:postcode": null, "brand": null, "brand:wikidata": null, "opening_hours": null, "phone": null, "website": null, "shop": null, "addr:country": null, "addr:housenumber": null, "air_conditioning": null, "email": null, "fax": null, "internet_access": null, "internet_access:fee": null, "payment:mastercard": null, "payment:visa": null, "roof:shape": null, "rooms": null, "stars": null, "tourism": null, "check_date": null, "content": null, "man_made": null, "material": null, "source": null, "water": null, "cuisine": null, "layer": null, "contact:facebook": null, "type": null, "building:parts": null, "contact:email": null, "contact:phone": null, "height": 6.0 }, "geometry": { "type": "Polygon", "coordinates": [ [ [ 14.8271013, 40.638654 ], [ 14.8268788, 40.63854 ], [ 14.8267676, 40.6386649 ], [ 14.8269901, 40.6387789 ], [ 14.8271013, 40.638654 ] ] ] } },
{ "type": "Feature", "properties": { "element": "way", "id": 221897719, "building": "yes", "amenity": null, "name": null, "denomination": null, "religion": null, "wikidata": null, "government": null, "office": null, "abandoned": null, "operator": null, "operator:wikidata": null, "wheelchair": null, "building:levels": null, "roof:levels": null, "addr:city": null, "addr:street": null, "alt_name": null, "leisure": null, "sport": null, "addr:postcode": null, "brand": null, "brand:wikidata": null, "opening_hours": null, "phone": null, "website": null, "shop": null, "addr:country": null, "addr:housenumber": null, "air_conditioning": null, "email": null, "fax": null, "internet_access": null, "internet_access:fee": null, "payment:mastercard": null, "payment:visa": null, "roof:shape": null, "rooms": null, "stars": null, "tourism": null, "check_date": null, "content": null, "man_made": null, "material": null, "source": null, "water": null, "cuisine": null, "layer": null, "contact:facebook": null, "type": null, "building:parts": null, "contact:email": null, "contact:phone": null, "height": 6.0 }, "geometry": { "type": "Polygon", "coordinates": [ [ [ 14.8162715, 40.6470526 ], [ 14.8162386, 40.6470186 ], [ 14.816323, 40.6469715 ], [ 14.816356, 40.6470055 ], [ 14.8162715, 40.6470526 ] ] ] } },
{ "type": "Feature", "properties": { "element": "way", "id": 221897720, "building": "yes", "amenity": null, "name": null, "denomination": null, "religion": null, "wikidata": null, "government": null, "office": null, "abandoned": null, "operator": null, "operator:wikidata": null, "wheelchair": null, "building:levels": null, "roof:levels": null, "addr:city": null, "addr:street": null, "alt_name": null, "leisure": null, "sport": null, "addr:postcode": null, "brand": null, "brand:wikidata": null, "opening_hours": null, "phone": null, "website": null, "shop": null, "addr:country": null, "addr:housenumber": null, "air_conditioning": null, "email": null, "fax": null, "internet_access": null, "internet_access:fee": null, "payment:mastercard": null, "payment:visa": null, "roof:shape": null, "rooms": null, "stars": null, "tourism": null, "check_date": null, "content": null, "man_made": null, "material": null, "source": null, "water": null, "cuisine": null, "layer": null, "contact:facebook": null, "type": null, "building:parts": null, "contact:email": null, "contact:phone": null, "height": 6.0 }, "geometry": { "type": "Polygon", "coordinates": [ [ [ 14.8329234, 40.633228 ], [ 14.8327632, 40.633081 ], [ 14.8332548, 40.6327725 ], [ 14.833415, 40.6329195 ], [ 14.8329234, 40.633228 ] ] ] } },
{ "type": "Feature", "properties": { "element": "way", "id": 221897721, "building": "yes", "amenity": null, "name": null, "denomination": null, "religion": null, "wikidata": null, "government": null, "office": null, "abandoned": null, "operator": null, "operator:wikidata": null, "wheelchair": null, "building:levels": null, "roof:levels": null, "addr:city": null, "addr:street": null, "alt_name": null, "leisure": null, "sport": null, "addr:postcode": null, "brand": null, "brand:wikidata": null, "opening_hours": null, "phone": null, "website": null, "shop": null, "addr:country": null, "addr:housenumber": null, "air_conditioning": null, "email": null, "fax": null, "internet_access": null, "internet_access:fee": null, "payment:mastercard": null, "payment:visa": null, "roof:shape": null, "rooms": null, "stars": null, "tourism": null, "check_date": null, "content": null, "man_made": null, "material": null, "source": null, "water": null, "cuisine": null, "layer": null, "contact:facebook": null, "type": null, "building:parts": null, "contact:email": null, "contact:phone": null, "height": 6.0 }, "geometry": { "type": "Polygon", "coordinates": [ [ [ 14.820686, 40.6489498 ], [ 14.8206557, 40.6489017 ], [ 14.8205251, 40.6489491 ], [ 14.8205554, 40.6489972 ], [ 14.820686, 40.6489498 ] ] ] } },
{ "type": "Feature", "properties": { "element": "way", "id": 221897722, "building": "yes", "amenity": null, "name": null, "denomination": null, "religion": null, "wikidata": null, "government": null, "office": null, "abandoned": null, "operator": null, "operator:wikidata": null, "wheelchair": null, "building:levels": null, "roof:levels": null, "addr:city": null, "addr:street": null, "alt_name": null, "leisure": null, "sport": null, "addr:postcode": null, "brand": null, "brand:wikidata": null, "opening_hours": null, "phone": null, "website": null, "shop": null, "addr:country": null, "addr:housenumber": null, "air_conditioning": null, "email": null, "fax": null, "internet_access": null, "internet_access:fee": null, "payment:mastercard": null, "payment:visa": null, "roof:shape": null, "rooms": null, "stars": null, "tourism": null, "check_date": null, "content": null, "man_made": null, "material": null, "source": null, "water": null, "cuisine": null, "layer": null, "contact:facebook": null, "type": null, "building:parts": null, "contact:email": null, "contact:phone": null, "height": 6.0 }, "geometry": { "type": "Polygon", "coordinates": [ [ [ 14.8168555, 40.6460947 ], [ 14.8169204, 40.6460947 ], [ 14.8169606, 40.6460513 ], [ 14.8169297, 40.6460102 ], [ 14.8168679, 40.6460043 ], [ 14.8168246, 40.6460501 ], [ 14.8168555, 40.6460947 ] ] ] } },
{ "type": "Feature", "properties": { "element": "way", "id": 221897723, "building": "yes", "amenity": null, "name": null, "denomination": null, "religion": null, "wikidata": null, "government": null, "office": null, "abandoned": "yes", "operator": null, "operator:wikidata": null, "wheelchair": null, "building:levels": null, "roof:levels": null, "addr:city": null, "addr:street": null, "alt_name": null, "leisure": null, "sport": null, "addr:postcode": null, "brand": null, "brand:wikidata": null, "opening_hours": null, "phone": null, "website": null, "shop": null, "addr:country": null, "addr:housenumber": null, "air_conditioning": null, "email": null, "fax": null, "internet_access": null, "internet_access:fee": null, "payment:mastercard": null, "payment:visa": null, "roof:shape": null, "rooms": null, "stars": null, "tourism": null, "check_date": null, "content": null, "man_made": null, "material": null, "source": null, "water": null, "cuisine": null, "layer": null, "contact:facebook": null, "type": null, "building:parts": null, "contact:email": null, "contact:phone": null, "height": 6.0 }, "geometry": { "type": "Polygon", "coordinates": [ [ [ 14.8198673, 40.6457184 ], [ 14.81939, 40.6453207 ], [ 14.8196722, 40.6451257 ], [ 14.8199726, 40.645376 ], [ 14.8197958, 40.6454982 ], [ 14.8199727, 40.6456456 ], [ 14.8198673, 40.6457184 ] ] ] } },
{ "type": "Feature", "properties": { "element": "way", "id": 221897724, "building": "yes", "amenity": null, "name": null, "denomination": null, "religion": null, "wikidata": null, "government": null, "office": null, "abandoned": null, "operator": null, "operator:wikidata": null, "wheelchair": null, "building:levels": null, "roof:levels": null, "addr:city": null, "addr:street": null, "alt_name": null, "leisure": null, "sport": null, "addr:postcode": null, "brand": null, "brand:wikidata": null, "opening_hours": null, "phone": null, "website": null, "shop": null, "addr:country": null, "addr:housenumber": null, "air_conditioning": null, "email": null, "fax": null, "internet_access": null, "internet_access:fee": null, "payment:mastercard": null, "payment:visa": null, "roof:shape": null, "rooms": null, "stars": null, "tourism": null, "check_date": null, "content": null, "man_made": null, "material": null, "source": null, "water": null, "cuisine": null, "layer": null, "contact:facebook": null, "type": null, "building:parts": null, "contact:email": null, "contact:phone": null, "height": 6.0 }, "geometry": { "type": "Polygon", "coordinates": [ [ [ 14.817, 40.6463854 ], [ 14.8168939, 40.6463341 ], [ 14.8170027, 40.6462136 ], [ 14.8170823, 40.6462579 ], [ 14.817014, 40.6463294 ], [ 14.8170356, 40.64634 ], [ 14.817, 40.6463854 ] ] ] } },
{ "type": "Feature", "properties": { "element": "way", "id": 221897726, "building": "yes", "amenity": null, "name": null, "denomination": null, "religion": null, "wikidata": null, "government": null, "office": null, "abandoned": null, "operator": null, "operator:wikidata": null, "wheelchair": null, "building:levels": null, "roof:levels": null, "addr:city": null, "addr:street": null, "alt_name": null, "leisure": null, "sport": null, "addr:postcode": null, "brand": null, "brand:wikidata": null, "opening_hours": null, "phone": null, "website": null, "shop": null, "addr:country": null, "addr:housenumber": null, "air_conditioning": null, "email": null, "fax": null, "internet_access": null, "internet_access:fee": null, "payment:mastercard": null, "payment:visa": null, "roof:shape": null, "rooms": null, "stars": null, "tourism": null, "check_date": null, "content": null, "man_made": null, "material": null, "source": null, "water": null, "cuisine": null, "layer": null, "contact:facebook": null, "type": null, "building:parts": null, "contact:email": null, "contact:phone": null, "height": 6.0 }, "geometry": { "type": "Polygon", "coordinates": [ [ [ 14.8230486, 40.640837 ], [ 14.822987, 40.6408032 ], [ 14.8229187, 40.6408617 ], [ 14.8228364, 40.6409076 ], [ 14.8228654, 40.6409389 ], [ 14.8229429, 40.6408966 ], [ 14.8229671, 40.6409095 ], [ 14.8230486, 40.640837 ] ] ] } },
{ "type": "Feature", "properties": { "element": "way", "id": 221897727, "building": "yes", "amenity": null, "name": null, "denomination": null, "religion": null, "wikidata": null, "government": null, "office": null, "abandoned": null, "operator": null, "operator:wikidata": null, "wheelchair": null, "building:levels": null, "roof:levels": null, "addr:city": null, "addr:street": null, "alt_name": null, "leisure": null, "sport": null, "addr:postcode": null, "brand": null, "brand:wikidata": null, "opening_hours": null, "phone": null, "website": null, "shop": null, "addr:country": null, "addr:housenumber": null, "air_conditioning": null, "email": null, "fax": null, "internet_access": null, "internet_access:fee": null, "payment:mastercard": null, "payment:visa": null, "roof:shape": null, "rooms": null, "stars": null, "tourism": null, "check_date": null, "content": null, "man_made": null, "material": null, "source": null, "water": null, "cuisine": null, "layer": null, "contact:facebook": null, "type": null, "building:parts": null, "contact:email": null, "contact:phone": null, "height": 6.0 }, "geometry": { "type": "Polygon", "coordinates": [ [ [ 14.8332575, 40.6345403 ], [ 14.8333464, 40.6343669 ], [ 14.833035, 40.6342749 ], [ 14.8330832, 40.6341811 ], [ 14.8329377, 40.6341381 ], [ 14.8328865, 40.634238 ], [ 14.83278, 40.6342066 ], [ 14.8326942, 40.634374 ], [ 14.8332575, 40.6345403 ] ] ] } },
{ "type": "Feature", "properties": { "element": "way", "id": 221897729, "building": "yes", "amenity": null, "name": null, "denomination": null, "religion": null, "wikidata": null, "government": null, "office": null, "abandoned": null, "operator": null, "operator:wikidata": null, "wheelchair": null, "building:levels": null, "roof:levels": null, "addr:city": null, "addr:street": null, "alt_name": null, "leisure": null, "sport": null, "addr:postcode": null, "brand": null, "brand:wikidata": null, "opening_hours": null, "phone": null, "website": null, "shop": null, "addr:country": null, "addr:housenumber": null, "air_conditioning": null, "email": null, "fax": null, "internet_access": null, "internet_access:fee": null, "payment:mastercard": null, "payment:visa": null, "roof:shape": null, "rooms": null, "stars": null, "tourism": null, "check_date": null, "content": null, "man_made": null, "material": null, "source": null, "water": null, "cuisine": null, "layer": null, "contact:facebook": null, "type": null, "building:parts": null, "contact:email": null, "contact:phone": null, "height": 6.0 }, "geometry": { "type": "Polygon", "coordinates": [ [ [ 14.8316641, 40.6358948 ], [ 14.8317478, 40.6357454 ], [ 14.8318797, 40.6357879 ], [ 14.8321667, 40.6352754 ], [ 14.8325122, 40.6353868 ], [ 14.8323617, 40.6356556 ], [ 14.8322196, 40.6356097 ], [ 14.8319994, 40.636003 ], [ 14.8316641, 40.6358948 ] ] ] } },
{ "type": "Feature", "properties": { "element": "way", "id": 221897730, "building": "yes", "amenity": null, "name": null, "denomination": null, "religion": null, "wikidata": null, "government": null, "office": null, "abandoned": null, "operator": null, "operator:wikidata": null, "wheelchair": null, "building:levels": null, "roof:levels": null, "addr:city": null, "addr:street": null, "alt_name": null, "leisure": null, "sport": null, "addr:postcode": null, "brand": null, "brand:wikidata": null, "opening_hours": null, "phone": null, "website": null, "shop": null, "addr:country": null, "addr:housenumber": null, "air_conditioning": null, "email": null, "fax": null, "internet_access": null, "internet_access:fee": null, "payment:mastercard": null, "payment:visa": null, "roof:shape": null, "rooms": null, "stars": null, "tourism": null, "check_date": null, "content": null, "man_made": null, "material": null, "source": null, "water": null, "cuisine": null, "layer": null, "contact:facebook": null, "type": null, "building:parts": null, "contact:email": null, "contact:phone": null, "height": 6.0 }, "geometry": { "type": "Polygon", "coordinates": [ [ [ 14.8172714, 40.6459708 ], [ 14.8173058, 40.6459399 ], [ 14.8172051, 40.6458752 ], [ 14.8172153, 40.6458661 ], [ 14.8170047, 40.6457308 ], [ 14.8169779, 40.6457548 ], [ 14.8171386, 40.645858 ], [ 14.8171208, 40.645874 ], [ 14.8172714, 40.6459708 ] ] ] } },
{ "type": "Feature", "properties": { "element": "way", "id": 221897731, "building": "yes", "amenity": null, "name": null, "denomination": null, "religion": null, "wikidata": null, "government": null, "office": null, "abandoned": null, "operator": null, "operator:wikidata": null, "wheelchair": null, "building:levels": null, "roof:levels": null, "addr:city": null, "addr:street": null, "alt_name": null, "leisure": null, "sport": null, "addr:postcode": null, "brand": null, "brand:wikidata": null, "opening_hours": null, "phone": null, "website": null, "shop": null, "addr:country": null, "addr:housenumber": null, "air_conditioning": null, "email": null, "fax": null, "internet_access": null, "internet_access:fee": null, "payment:mastercard": null, "payment:visa": null, "roof:shape": null, "rooms": null, "stars": null, "tourism": null, "check_date": null, "content": null, "man_made": null, "material": null, "source": null, "water": null, "cuisine": null, "layer": null, "contact:facebook": null, "type": null, "building:parts": null, "contact:email": null, "contact:phone": null, "height": 6.0 }, "geometry": { "type": "Polygon", "coordinates": [ [ [ 14.8212551, 40.643057 ], [ 14.821172, 40.6429999 ], [ 14.8217266, 40.6425351 ], [ 14.8218042, 40.6425884 ], [ 14.8215791, 40.642777 ], [ 14.8216529, 40.6428277 ], [ 14.8215634, 40.6429027 ], [ 14.8214952, 40.6428558 ], [ 14.8212551, 40.643057 ] ] ] } },
{ "type": "Feature", "properties": { "element": "way", "id": 221897732, "building": "construction", "amenity": null, "name": null, "denomination": null, "religion": null, "wikidata": null, "government": null, "office": null, "abandoned": null, "operator": null, "operator:wikidata": null, "wheelchair": null, "building:levels": null, "roof:levels": null, "addr:city": null, "addr:street": null, "alt_name": null, "leisure": null, "sport": null, "addr:postcode": null, "brand": null, "brand:wikidata": null, "opening_hours": null, "phone": null, "website": null, "shop": null, "addr:country": null, "addr:housenumber": null, "air_conditioning": null, "email": null, "fax": null, "internet_access": null, "internet_access:fee": null, "payment:mastercard": null, "payment:visa": null, "roof:shape": null, "rooms": null, "stars": null, "tourism": null, "check_date": null, "content": null, "man_made": null, "material": null, "source": null, "water": null, "cuisine": null, "layer": null, "contact:facebook": null, "type": null, "building:parts": null, "contact:email": null, "contact:phone": null, "height": 6.0 }, "geometry": { "type": "Polygon", "coordinates": [ [ [ 14.822657, 40.6418257 ], [ 14.8224634, 40.6416881 ], [ 14.8225357, 40.6416295 ], [ 14.8226445, 40.6417068 ], [ 14.822779, 40.6415979 ], [ 14.8226753, 40.6415241 ], [ 14.8227488, 40.6414646 ], [ 14.8229373, 40.6415986 ], [ 14.822657, 40.6418257 ] ] ] } },
{ "type": "Feature", "properties": { "element": "way", "id": 221897734, "building": "yes", "amenity": null, "name": null, "denomination": null, "religion": null, "wikidata": null, "government": null, "office": null, "abandoned": null, "operator": null, "operator:wikidata": null, "wheelchair": null, "building:levels": null, "roof:levels": null, "addr:city": null, "addr:street": null, "alt_name": null, "leisure": null, "sport": null, "addr:postcode": null, "brand": null, "brand:wikidata": null, "opening_hours": null, "phone": null, "website": null, "shop": null, "addr:country": null, "addr:housenumber": null, "air_conditioning": null, "email": null, "fax": null, "internet_access": null, "internet_access:fee": null, "payment:mastercard": null, "payment:visa": null, "roof:shape": null, "rooms": null, "stars": null, "tourism": null, "check_date": null, "content": null, "man_made": null, "material": null, "source": null, "water": null, "cuisine": null, "layer": null, "contact:facebook": null, "type": null, "building:parts": null, "contact:email": null, "contact:phone": null, "height": 6.0 }, "geometry": { "type": "Polygon", "coordinates": [ [ [ 14.817, 40.6463854 ], [ 14.8169671, 40.6464188 ], [ 14.816853, 40.6463591 ], [ 14.8168758, 40.6463326 ], [ 14.8167667, 40.6462751 ], [ 14.8168913, 40.6461398 ], [ 14.8170125, 40.6462028 ], [ 14.8170027, 40.6462136 ], [ 14.8168939, 40.6463341 ], [ 14.817, 40.6463854 ] ] ] } },
{ "type": "Feature", "properties": { "element": "way", "id": 224374507, "building": "yes", "amenity": "cinema", "name": "The Space Cinema - Salerno", "denomination": null, "religion": null, "wikidata": null, "government": null, "office": null, "abandoned": null, "operator": null, "operator:wikidata": null, "wheelchair": null, "building:levels": null, "roof:levels": null, "addr:city": "Salerno", "addr:street": "Viale Antonio Bandiera", "alt_name": null, "leisure": null, "sport": null, "addr:postcode": "84131", "brand": "The Space Cinema", "brand:wikidata": "Q3989406", "opening_hours": "16:00-02:00", "phone": "+39 892111", "website": "https://www.thespacecinema.it/portal/default/cinema/salerno", "shop": null, "addr:country": null, "addr:housenumber": null, "air_conditioning": null, "email": null, "fax": null, "internet_access": null, "internet_access:fee": null, "payment:mastercard": null, "payment:visa": null, "roof:shape": null, "rooms": null, "stars": null, "tourism": null, "check_date": null, "content": null, "man_made": null, "material": null, "source": null, "water": null, "cuisine": null, "layer": null, "contact:facebook": null, "type": null, "building:parts": null, "contact:email": null, "contact:phone": null, "height": 6.0 }, "geometry": { "type": "Polygon", "coordinates": [ [ [ 14.8204422, 40.6476178 ], [ 14.8205361, 40.6476953 ], [ 14.820478, 40.6477358 ], [ 14.8206672, 40.647892 ], [ 14.8206202, 40.6479247 ], [ 14.8208549, 40.6481185 ], [ 14.8209114, 40.6480791 ], [ 14.821051, 40.6481943 ], [ 14.8210998, 40.6481603 ], [ 14.8213513, 40.648368 ], [ 14.8218052, 40.6480516 ], [ 14.8217241, 40.6479847 ], [ 14.8217451, 40.64797 ], [ 14.8216202, 40.6478668 ], [ 14.8216641, 40.6478362 ], [ 14.8215236, 40.64772 ], [ 14.821553, 40.6476996 ], [ 14.8215285, 40.6476793 ], [ 14.8215548, 40.647661 ], [ 14.8213194, 40.6474658 ], [ 14.8212683, 40.6475013 ], [ 14.8210777, 40.6473431 ], [ 14.8210159, 40.647386 ], [ 14.8209054, 40.6472943 ], [ 14.8206912, 40.6474429 ], [ 14.8204422, 40.6476178 ] ] ] } },
{ "type": "Feature", "properties": { "element": "way", "id": 224527071, "building": "yes", "amenity": null, "name": null, "denomination": null, "religion": null, "wikidata": null, "government": null, "office": null, "abandoned": null, "operator": null, "operator:wikidata": null, "wheelchair": null, "building:levels": null, "roof:levels": null, "addr:city": null, "addr:street": null, "alt_name": null, "leisure": null, "sport": null, "addr:postcode": null, "brand": null, "brand:wikidata": null, "opening_hours": null, "phone": null, "website": null, "shop": null, "addr:country": null, "addr:housenumber": null, "air_conditioning": null, "email": null, "fax": null, "internet_access": null, "internet_access:fee": null, "payment:mastercard": null, "payment:visa": null, "roof:shape": null, "rooms": null, "stars": null, "tourism": null, "check_date": null, "content": null, "man_made": null, "material": null, "source": null, "water": null, "cuisine": null, "layer": null, "contact:facebook": null, "type": null, "building:parts": null, "contact:email": null, "contact:phone": null, "height": 6.0 }, "geometry": { "type": "Polygon", "coordinates": [ [ [ 14.8215507, 40.6476302 ], [ 14.8217437, 40.6475406 ], [ 14.8218187, 40.6476388 ], [ 14.8219459, 40.647706 ], [ 14.8219845, 40.6477387 ], [ 14.822039, 40.6478335 ], [ 14.8221753, 40.6479041 ], [ 14.8223706, 40.6480506 ], [ 14.8220867, 40.6481781 ], [ 14.8215711, 40.6477301 ], [ 14.8216211, 40.6476956 ], [ 14.8215507, 40.6476302 ] ] ] } },
{ "type": "Feature", "properties": { "element": "way", "id": 224527072, "building": "yes", "amenity": null, "name": null, "denomination": null, "religion": null, "wikidata": null, "government": null, "office": null, "abandoned": null, "operator": null, "operator:wikidata": null, "wheelchair": null, "building:levels": null, "roof:levels": null, "addr:city": null, "addr:street": null, "alt_name": null, "leisure": null, "sport": null, "addr:postcode": null, "brand": null, "brand:wikidata": null, "opening_hours": null, "phone": null, "website": null, "shop": null, "addr:country": null, "addr:housenumber": null, "air_conditioning": null, "email": null, "fax": null, "internet_access": null, "internet_access:fee": null, "payment:mastercard": null, "payment:visa": null, "roof:shape": null, "rooms": null, "stars": null, "tourism": null, "check_date": null, "content": null, "man_made": null, "material": null, "source": null, "water": null, "cuisine": null, "layer": null, "contact:facebook": null, "type": null, "building:parts": null, "contact:email": null, "contact:phone": null, "height": 6.0 }, "geometry": { "type": "Polygon", "coordinates": [ [ [ 14.8209375, 40.6472114 ], [ 14.8211192, 40.6470288 ], [ 14.8212713, 40.6471408 ], [ 14.8213304, 40.6472459 ], [ 14.8214644, 40.6473096 ], [ 14.8212736, 40.647463 ], [ 14.8209375, 40.6472114 ] ] ] } },
{ "type": "Feature", "properties": { "element": "way", "id": 225206294, "building": "yes", "amenity": null, "name": "Galleria Mediterraneo", "denomination": null, "religion": null, "wikidata": null, "government": null, "office": null, "abandoned": null, "operator": null, "operator:wikidata": null, "wheelchair": null, "building:levels": null, "roof:levels": null, "addr:city": null, "addr:street": null, "alt_name": null, "leisure": null, "sport": null, "addr:postcode": null, "brand": null, "brand:wikidata": null, "opening_hours": null, "phone": null, "website": null, "shop": "mall", "addr:country": null, "addr:housenumber": null, "air_conditioning": null, "email": null, "fax": null, "internet_access": null, "internet_access:fee": null, "payment:mastercard": null, "payment:visa": null, "roof:shape": null, "rooms": null, "stars": null, "tourism": null, "check_date": null, "content": null, "man_made": null, "material": null, "source": null, "water": null, "cuisine": null, "layer": null, "contact:facebook": null, "type": null, "building:parts": null, "contact:email": null, "contact:phone": null, "height": 6.0 }, "geometry": { "type": "Polygon", "coordinates": [ [ [ 14.8203981, 40.6513628 ], [ 14.8204372, 40.6513597 ], [ 14.8205194, 40.6514266 ], [ 14.8208917, 40.6511887 ], [ 14.8209324, 40.6511473 ], [ 14.8209305, 40.6511053 ], [ 14.8207146, 40.6509029 ], [ 14.8206556, 40.6508479 ], [ 14.8206502, 40.6508113 ], [ 14.8206717, 40.6507747 ], [ 14.8207602, 40.6507147 ], [ 14.8200643, 40.650111 ], [ 14.8199825, 40.6501501 ], [ 14.8197072, 40.6498803 ], [ 14.819314, 40.650084 ], [ 14.819567, 40.650367 ], [ 14.8195521, 40.6503721 ], [ 14.8195236, 40.650382 ], [ 14.8203981, 40.6513628 ] ] ] } },
{ "type": "Feature", "properties": { "element": "way", "id": 231517892, "building": "commercial", "amenity": null, "name": "Novotel Salerno Est Arechi hotel", "denomination": null, "religion": null, "wikidata": null, "government": null, "office": null, "abandoned": null, "operator": "Accor", "operator:wikidata": null, "wheelchair": "yes", "building:levels": "6", "roof:levels": null, "addr:city": "Salerno", "addr:street": "Via Generale Clarck", "alt_name": null, "leisure": null, "sport": null, "addr:postcode": "84131", "brand": "Novotel", "brand:wikidata": "Q420545", "opening_hours": null, "phone": "+39 089 9957111", "website": "https://www.accorhotels.com/", "shop": null, "addr:country": "IT", "addr:housenumber": "49", "air_conditioning": "yes", "email": "H6351-re@accor.com", "fax": "+39 089 9957999", "internet_access": "wlan", "internet_access:fee": "no", "payment:mastercard": "yes", "payment:visa": "yes", "roof:shape": "flat", "rooms": "116", "stars": "4", "tourism": "hotel", "check_date": null, "content": null, "man_made": null, "material": null, "source": null, "water": null, "cuisine": null, "layer": null, "contact:facebook": null, "type": null, "building:parts": null, "contact:email": null, "contact:phone": null, "height": 18.0 }, "geometry": { "type": "Polygon", "coordinates": [ [ [ 14.8160938, 40.6490931 ], [ 14.8161147, 40.6489149 ], [ 14.8162343, 40.6489224 ], [ 14.8163281, 40.6489936 ], [ 14.8163312, 40.649089 ], [ 14.8163944, 40.6490875 ], [ 14.8164032, 40.6490994 ], [ 14.8163936, 40.6492427 ], [ 14.8163852, 40.6492526 ], [ 14.8163335, 40.6492542 ], [ 14.8163275, 40.6493912 ], [ 14.8162155, 40.649395 ], [ 14.8162195, 40.6493642 ], [ 14.8160263, 40.6493613 ], [ 14.815996, 40.6493351 ], [ 14.8160005, 40.6492605 ], [ 14.8158959, 40.6492564 ], [ 14.8157964, 40.649177 ], [ 14.8157953, 40.6491232 ], [ 14.8160253, 40.6491247 ], [ 14.8160759, 40.6491681 ], [ 14.8160891, 40.6491726 ], [ 14.8160994, 40.6491742 ], [ 14.8161133, 40.6491727 ], [ 14.8161294, 40.6491622 ], [ 14.8161356, 40.6491499 ], [ 14.8161305, 40.6491341 ], [ 14.8160938, 40.6490931 ] ] ] } },
{ "type": "Feature", "properties": { "element": "way", "id": 237581400, "building": "retail", "amenity": null, "name": "Siniscalchi", "denomination": null, "religion": null, "wikidata": null, "government": null, "office": null, "abandoned": null, "operator": null, "operator:wikidata": null, "wheelchair": null, "building:levels": null, "roof:levels": null, "addr:city": null, "addr:street": null, "alt_name": null, "leisure": null, "sport": null, "addr:postcode": null, "brand": null, "brand:wikidata": null, "opening_hours": null, "phone": null, "website": null, "shop": "mall", "addr:country": null, "addr:housenumber": null, "air_conditioning": null, "email": null, "fax": null, "internet_access": null, "internet_access:fee": null, "payment:mastercard": null, "payment:visa": null, "roof:shape": null, "rooms": null, "stars": null, "tourism": null, "check_date": null, "content": null, "man_made": null, "material": null, "source": null, "water": null, "cuisine": null, "layer": null, "contact:facebook": null, "type": null, "building:parts": null, "contact:email": null, "contact:phone": null, "height": 6.0 }, "geometry": { "type": "Polygon", "coordinates": [ [ [ 14.8379301, 40.6359253 ], [ 14.8386186, 40.6354167 ], [ 14.8389442, 40.6351762 ], [ 14.8394634, 40.6355779 ], [ 14.8391131, 40.6358259 ], [ 14.8390856, 40.6358454 ], [ 14.8384194, 40.6363172 ], [ 14.8379301, 40.6359253 ] ] ] } },
{ "type": "Feature", "properties": { "element": "way", "id": 237581403, "building": "yes", "amenity": null, "name": "Euronics", "denomination": null, "religion": null, "wikidata": null, "government": null, "office": null, "abandoned": null, "operator": null, "operator:wikidata": null, "wheelchair": null, "building:levels": null, "roof:levels": null, "addr:city": null, "addr:street": null, "alt_name": null, "leisure": null, "sport": null, "addr:postcode": null, "brand": "Euronics", "brand:wikidata": "Q184860", "opening_hours": null, "phone": null, "website": null, "shop": "electronics", "addr:country": null, "addr:housenumber": null, "air_conditioning": null, "email": null, "fax": null, "internet_access": null, "internet_access:fee": null, "payment:mastercard": null, "payment:visa": null, "roof:shape": null, "rooms": null, "stars": null, "tourism": null, "check_date": null, "content": null, "man_made": null, "material": null, "source": null, "water": null, "cuisine": null, "layer": null, "contact:facebook": null, "type": null, "building:parts": null, "contact:email": null, "contact:phone": null, "height": 6.0 }, "geometry": { "type": "Polygon", "coordinates": [ [ [ 14.8368747, 40.6372968 ], [ 14.8377639, 40.6367817 ], [ 14.8375976, 40.6366164 ], [ 14.8367085, 40.6371317 ], [ 14.8368747, 40.6372968 ] ] ] } },
{ "type": "Feature", "properties": { "element": "way", "id": 237581409, "building": "yes", "amenity": null, "name": null, "denomination": null, "religion": null, "wikidata": null, "government": null, "office": null, "abandoned": null, "operator": null, "operator:wikidata": null, "wheelchair": null, "building:levels": null, "roof:levels": null, "addr:city": null, "addr:street": null, "alt_name": null, "leisure": null, "sport": null, "addr:postcode": null, "brand": null, "brand:wikidata": null, "opening_hours": null, "phone": null, "website": null, "shop": null, "addr:country": null, "addr:housenumber": null, "air_conditioning": null, "email": null, "fax": null, "internet_access": null, "internet_access:fee": null, "payment:mastercard": null, "payment:visa": null, "roof:shape": null, "rooms": null, "stars": null, "tourism": null, "check_date": null, "content": null, "man_made": null, "material": null, "source": null, "water": null, "cuisine": null, "layer": null, "contact:facebook": null, "type": null, "building:parts": null, "contact:email": null, "contact:phone": null, "height": 6.0 }, "geometry": { "type": "Polygon", "coordinates": [ [ [ 14.8388068, 40.6385263 ], [ 14.8384678, 40.6381616 ], [ 14.8380086, 40.6384123 ], [ 14.8383648, 40.6387901 ], [ 14.8388068, 40.6385263 ] ] ] } },
{ "type": "Feature", "properties": { "element": "way", "id": 237581412, "building": "yes", "amenity": null, "name": null, "denomination": null, "religion": null, "wikidata": null, "government": null, "office": null, "abandoned": null, "operator": null, "operator:wikidata": null, "wheelchair": null, "building:levels": null, "roof:levels": null, "addr:city": null, "addr:street": null, "alt_name": null, "leisure": null, "sport": null, "addr:postcode": null, "brand": null, "brand:wikidata": null, "opening_hours": null, "phone": null, "website": null, "shop": null, "addr:country": null, "addr:housenumber": null, "air_conditioning": null, "email": null, "fax": null, "internet_access": null, "internet_access:fee": null, "payment:mastercard": null, "payment:visa": null, "roof:shape": null, "rooms": null, "stars": null, "tourism": null, "check_date": null, "content": null, "man_made": null, "material": null, "source": null, "water": null, "cuisine": null, "layer": null, "contact:facebook": null, "type": null, "building:parts": null, "contact:email": null, "contact:phone": null, "height": 6.0 }, "geometry": { "type": "Polygon", "coordinates": [ [ [ 14.8371803, 40.6376829 ], [ 14.8381802, 40.6371455 ], [ 14.8378798, 40.6368655 ], [ 14.8368928, 40.6374093 ], [ 14.8371803, 40.6376829 ] ] ] } },
{ "type": "Feature", "properties": { "element": "way", "id": 237581413, "building": "yes", "amenity": null, "name": "Conviene XXL Salerno", "denomination": null, "religion": null, "wikidata": null, "government": null, "office": null, "abandoned": null, "operator": null, "operator:wikidata": null, "wheelchair": null, "building:levels": null, "roof:levels": null, "addr:city": "Salerno", "addr:street": "Via Roberto Wenner", "alt_name": null, "leisure": null, "sport": null, "addr:postcode": "84131", "brand": null, "brand:wikidata": null, "opening_hours": "Mo-Sa 07:30-20:30; Su 08:00-13:30,16:30-20:30", "phone": "+39 089772117", "website": "https://www.convienexxl.it/", "shop": "supermarket", "addr:country": null, "addr:housenumber": "37", "air_conditioning": null, "email": null, "fax": null, "internet_access": null, "internet_access:fee": null, "payment:mastercard": null, "payment:visa": null, "roof:shape": null, "rooms": null, "stars": null, "tourism": null, "check_date": null, "content": null, "man_made": null, "material": null, "source": null, "water": null, "cuisine": null, "layer": null, "contact:facebook": null, "type": null, "building:parts": null, "contact:email": null, "contact:phone": null, "height": 6.0 }, "geometry": { "type": "Polygon", "coordinates": [ [ [ 14.8378034, 40.6380171 ], [ 14.8381136, 40.637841 ], [ 14.8380417, 40.637768 ], [ 14.8382923, 40.6376258 ], [ 14.838351, 40.6376854 ], [ 14.8385148, 40.6375924 ], [ 14.8385962, 40.637675 ], [ 14.8384985, 40.6377305 ], [ 14.8386052, 40.6378387 ], [ 14.8379784, 40.6381946 ], [ 14.8378034, 40.6380171 ] ] ] } },
{ "type": "Feature", "properties": { "element": "way", "id": 237581414, "building": "yes", "amenity": null, "name": null, "denomination": null, "religion": null, "wikidata": null, "government": null, "office": null, "abandoned": null, "operator": null, "operator:wikidata": null, "wheelchair": null, "building:levels": null, "roof:levels": null, "addr:city": null, "addr:street": null, "alt_name": null, "leisure": null, "sport": null, "addr:postcode": null, "brand": null, "brand:wikidata": null, "opening_hours": null, "phone": null, "website": null, "shop": null, "addr:country": null, "addr:housenumber": null, "air_conditioning": null, "email": null, "fax": null, "internet_access": null, "internet_access:fee": null, "payment:mastercard": null, "payment:visa": null, "roof:shape": null, "rooms": null, "stars": null, "tourism": null, "check_date": null, "content": null, "man_made": null, "material": null, "source": null, "water": null, "cuisine": null, "layer": null, "contact:facebook": null, "type": null, "building:parts": null, "contact:email": null, "contact:phone": null, "height": 6.0 }, "geometry": { "type": "Polygon", "coordinates": [ [ [ 14.8374378, 40.6377968 ], [ 14.838309, 40.6372823 ], [ 14.8384506, 40.6374256 ], [ 14.837558, 40.6379369 ], [ 14.8374378, 40.6377968 ] ] ] } },
{ "type": "Feature", "properties": { "element": "way", "id": 237581415, "building": "yes", "amenity": null, "name": null, "denomination": null, "religion": null, "wikidata": null, "government": null, "office": null, "abandoned": null, "operator": null, "operator:wikidata": null, "wheelchair": null, "building:levels": null, "roof:levels": null, "addr:city": null, "addr:street": null, "alt_name": null, "leisure": null, "sport": null, "addr:postcode": null, "brand": null, "brand:wikidata": null, "opening_hours": null, "phone": null, "website": null, "shop": null, "addr:country": null, "addr:housenumber": null, "air_conditioning": null, "email": null, "fax": null, "internet_access": null, "internet_access:fee": null, "payment:mastercard": null, "payment:visa": null, "roof:shape": null, "rooms": null, "stars": null, "tourism": null, "check_date": null, "content": null, "man_made": null, "material": null, "source": null, "water": null, "cuisine": null, "layer": null, "contact:facebook": null, "type": null, "building:parts": null, "contact:email": null, "contact:phone": null, "height": 6.0 }, "geometry": { "type": "Polygon", "coordinates": [ [ [ 14.8383304, 40.6366342 ], [ 14.8395621, 40.6357158 ], [ 14.8400642, 40.6360969 ], [ 14.8387639, 40.636999 ], [ 14.8383304, 40.6366342 ] ] ] } },
{ "type": "Feature", "properties": { "element": "way", "id": 240375271, "building": "yes", "amenity": null, "name": "Happy Casa Store Salerno", "denomination": null, "religion": null, "wikidata": null, "government": null, "office": null, "abandoned": null, "operator": null, "operator:wikidata": null, "wheelchair": null, "building:levels": null, "roof:levels": null, "addr:city": null, "addr:street": null, "alt_name": null, "leisure": null, "sport": null, "addr:postcode": null, "brand": null, "brand:wikidata": null, "opening_hours": null, "phone": null, "website": null, "shop": "houseware", "addr:country": null, "addr:housenumber": null, "air_conditioning": null, "email": null, "fax": null, "internet_access": null, "internet_access:fee": null, "payment:mastercard": null, "payment:visa": null, "roof:shape": null, "rooms": null, "stars": null, "tourism": null, "check_date": null, "content": null, "man_made": null, "material": null, "source": null, "water": null, "cuisine": null, "layer": null, "contact:facebook": null, "type": null, "building:parts": null, "contact:email": null, "contact:phone": null, "height": 6.0 }, "geometry": { "type": "Polygon", "coordinates": [ [ [ 14.8200727, 40.6499874 ], [ 14.8200829, 40.6499804 ], [ 14.8205876, 40.6496333 ], [ 14.8204321, 40.6495031 ], [ 14.8199064, 40.6498409 ], [ 14.8200727, 40.6499874 ] ] ] } },
{ "type": "Feature", "properties": { "element": "way", "id": 240375272, "building": "retail", "amenity": null, "name": null, "denomination": null, "religion": null, "wikidata": null, "government": null, "office": null, "abandoned": null, "operator": null, "operator:wikidata": null, "wheelchair": null, "building:levels": null, "roof:levels": null, "addr:city": null, "addr:street": null, "alt_name": null, "leisure": null, "sport": null, "addr:postcode": null, "brand": null, "brand:wikidata": null, "opening_hours": null, "phone": null, "website": null, "shop": null, "addr:country": null, "addr:housenumber": null, "air_conditioning": null, "email": null, "fax": null, "internet_access": null, "internet_access:fee": null, "payment:mastercard": null, "payment:visa": null, "roof:shape": null, "rooms": null, "stars": null, "tourism": null, "check_date": null, "content": null, "man_made": null, "material": null, "source": null, "water": null, "cuisine": null, "layer": null, "contact:facebook": null, "type": null, "building:parts": null, "contact:email": null, "contact:phone": null, "height": 6.0 }, "geometry": { "type": "Polygon", "coordinates": [ [ [ 14.8208666, 40.6502601 ], [ 14.8213494, 40.6499833 ], [ 14.8210329, 40.6496821 ], [ 14.8205608, 40.6499711 ], [ 14.8208666, 40.6502601 ] ] ] } },
{ "type": "Feature", "properties": { "element": "way", "id": 240375273, "building": "retail", "amenity": null, "name": "Midasport", "denomination": null, "religion": null, "wikidata": null, "government": null, "office": null, "abandoned": null, "operator": null, "operator:wikidata": null, "wheelchair": null, "building:levels": null, "roof:levels": null, "addr:city": null, "addr:street": null, "alt_name": null, "leisure": null, "sport": null, "addr:postcode": null, "brand": null, "brand:wikidata": null, "opening_hours": null, "phone": null, "website": null, "shop": "sports", "addr:country": null, "addr:housenumber": null, "air_conditioning": null, "email": null, "fax": null, "internet_access": null, "internet_access:fee": null, "payment:mastercard": null, "payment:visa": null, "roof:shape": null, "rooms": null, "stars": null, "tourism": null, "check_date": null, "content": null, "man_made": null, "material": null, "source": null, "water": null, "cuisine": null, "layer": null, "contact:facebook": null, "type": null, "building:parts": null, "contact:email": null, "contact:phone": null, "height": 6.0 }, "geometry": { "type": "Polygon", "coordinates": [ [ [ 14.821741, 40.6507648 ], [ 14.8219878, 40.6506182 ], [ 14.8216122, 40.6502804 ], [ 14.8213816, 40.6504188 ], [ 14.821741, 40.6507648 ] ] ] } },
{ "type": "Feature", "properties": { "element": "way", "id": 240375274, "building": "yes", "amenity": null, "name": null, "denomination": null, "religion": null, "wikidata": null, "government": null, "office": null, "abandoned": null, "operator": null, "operator:wikidata": null, "wheelchair": null, "building:levels": null, "roof:levels": null, "addr:city": null, "addr:street": null, "alt_name": null, "leisure": null, "sport": null, "addr:postcode": null, "brand": null, "brand:wikidata": null, "opening_hours": null, "phone": null, "website": null, "shop": null, "addr:country": null, "addr:housenumber": null, "air_conditioning": null, "email": null, "fax": null, "internet_access": null, "internet_access:fee": null, "payment:mastercard": null, "payment:visa": null, "roof:shape": null, "rooms": null, "stars": null, "tourism": null, "check_date": null, "content": null, "man_made": null, "material": null, "source": null, "water": null, "cuisine": null, "layer": null, "contact:facebook": null, "type": null, "building:parts": null, "contact:email": null, "contact:phone": null, "height": 6.0 }, "geometry": { "type": "Polygon", "coordinates": [ [ [ 14.8234415, 40.650952 ], [ 14.8235917, 40.6508055 ], [ 14.8233289, 40.650663 ], [ 14.8231733, 40.6508217 ], [ 14.8234415, 40.650952 ] ] ] } },
{ "type": "Feature", "properties": { "element": "way", "id": 240375276, "building": "yes", "amenity": null, "name": null, "denomination": null, "religion": null, "wikidata": null, "government": null, "office": null, "abandoned": null, "operator": null, "operator:wikidata": null, "wheelchair": null, "building:levels": null, "roof:levels": null, "addr:city": null, "addr:street": null, "alt_name": null, "leisure": null, "sport": null, "addr:postcode": null, "brand": null, "brand:wikidata": null, "opening_hours": null, "phone": null, "website": null, "shop": null, "addr:country": null, "addr:housenumber": null, "air_conditioning": null, "email": null, "fax": null, "internet_access": null, "internet_access:fee": null, "payment:mastercard": null, "payment:visa": null, "roof:shape": null, "rooms": null, "stars": null, "tourism": null, "check_date": null, "content": null, "man_made": null, "material": null, "source": null, "water": null, "cuisine": null, "layer": null, "contact:facebook": null, "type": null, "building:parts": null, "contact:email": null, "contact:phone": null, "height": 6.0 }, "geometry": { "type": "Polygon", "coordinates": [ [ [ 14.8212475, 40.6516886 ], [ 14.8215479, 40.6514607 ], [ 14.821446, 40.6513793 ], [ 14.8211348, 40.6516072 ], [ 14.8212475, 40.6516886 ] ] ] } },
{ "type": "Feature", "properties": { "element": "way", "id": 240375277, "building": "yes", "amenity": null, "name": null, "denomination": null, "religion": null, "wikidata": null, "government": null, "office": null, "abandoned": null, "operator": null, "operator:wikidata": null, "wheelchair": null, "building:levels": null, "roof:levels": null, "addr:city": null, "addr:street": null, "alt_name": null, "leisure": null, "sport": null, "addr:postcode": null, "brand": null, "brand:wikidata": null, "opening_hours": null, "phone": null, "website": null, "shop": null, "addr:country": null, "addr:housenumber": null, "air_conditioning": null, "email": null, "fax": null, "internet_access": null, "internet_access:fee": null, "payment:mastercard": null, "payment:visa": null, "roof:shape": null, "rooms": null, "stars": null, "tourism": null, "check_date": null, "content": null, "man_made": null, "material": null, "source": null, "water": null, "cuisine": null, "layer": null, "contact:facebook": null, "type": null, "building:parts": null, "contact:email": null, "contact:phone": null, "height": 6.0 }, "geometry": { "type": "Polygon", "coordinates": [ [ [ 14.8222292, 40.651534 ], [ 14.8224813, 40.6513671 ], [ 14.8224491, 40.6513386 ], [ 14.8225296, 40.6512898 ], [ 14.822256, 40.6510944 ], [ 14.8220843, 40.6512328 ], [ 14.8221594, 40.6512776 ], [ 14.8221111, 40.6513305 ], [ 14.8220414, 40.6512898 ], [ 14.8219609, 40.6513468 ], [ 14.8222292, 40.651534 ] ] ] } },
{ "type": "Feature", "properties": { "element": "way", "id": 240375278, "building": "yes", "amenity": null, "name": null, "denomination": null, "religion": null, "wikidata": null, "government": null, "office": null, "abandoned": null, "operator": null, "operator:wikidata": null, "wheelchair": null, "building:levels": null, "roof:levels": null, "addr:city": null, "addr:street": null, "alt_name": null, "leisure": null, "sport": null, "addr:postcode": null, "brand": null, "brand:wikidata": null, "opening_hours": null, "phone": null, "website": null, "shop": null, "addr:country": null, "addr:housenumber": null, "air_conditioning": null, "email": null, "fax": null, "internet_access": null, "internet_access:fee": null, "payment:mastercard": null, "payment:visa": null, "roof:shape": null, "rooms": null, "stars": null, "tourism": null, "check_date": null, "content": null, "man_made": null, "material": null, "source": null, "water": null, "cuisine": null, "layer": null, "contact:facebook": null, "type": null, "building:parts": null, "contact:email": null, "contact:phone": null, "height": 6.0 }, "geometry": { "type": "Polygon", "coordinates": [ [ [ 14.8212582, 40.6512369 ], [ 14.8214352, 40.6511188 ], [ 14.8213172, 40.6510334 ], [ 14.8211455, 40.6511514 ], [ 14.8212582, 40.6512369 ] ] ] } },
{ "type": "Feature", "properties": { "element": "way", "id": 240375279, "building": "retail", "amenity": null, "name": "EuroSpin", "denomination": null, "religion": null, "wikidata": null, "government": null, "office": null, "abandoned": null, "operator": null, "operator:wikidata": null, "wheelchair": null, "building:levels": null, "roof:levels": null, "addr:city": "Salerno", "addr:street": "Via San Leonardo", "alt_name": null, "leisure": null, "sport": null, "addr:postcode": "84131", "brand": "EuroSpin", "brand:wikidata": "Q1374674", "opening_hours": null, "phone": null, "website": null, "shop": "supermarket", "addr:country": null, "addr:housenumber": null, "air_conditioning": null, "email": null, "fax": null, "internet_access": null, "internet_access:fee": null, "payment:mastercard": null, "payment:visa": null, "roof:shape": null, "rooms": null, "stars": null, "tourism": null, "check_date": null, "content": null, "man_made": null, "material": null, "source": null, "water": null, "cuisine": null, "layer": null, "contact:facebook": null, "type": null, "building:parts": null, "contact:email": null, "contact:phone": null, "height": 6.0 }, "geometry": { "type": "Polygon", "coordinates": [ [ [ 14.8223997, 40.6497147 ], [ 14.8219781, 40.6493195 ], [ 14.8218635, 40.6493899 ], [ 14.8218949, 40.6494192 ], [ 14.8218212, 40.6494645 ], [ 14.821767, 40.6494978 ], [ 14.8220946, 40.6498049 ], [ 14.8221573, 40.6498636 ], [ 14.8223997, 40.6497147 ] ] ] } },
{ "type": "Feature", "properties": { "element": "way", "id": 240375280, "building": "yes", "amenity": null, "name": null, "denomination": null, "religion": null, "wikidata": null, "government": null, "office": null, "abandoned": null, "operator": null, "operator:wikidata": null, "wheelchair": null, "building:levels": null, "roof:levels": null, "addr:city": null, "addr:street": null, "alt_name": null, "leisure": null, "sport": null, "addr:postcode": null, "brand": null, "brand:wikidata": null, "opening_hours": null, "phone": null, "website": null, "shop": null, "addr:country": null, "addr:housenumber": null, "air_conditioning": null, "email": null, "fax": null, "internet_access": null, "internet_access:fee": null, "payment:mastercard": null, "payment:visa": null, "roof:shape": null, "rooms": null, "stars": null, "tourism": null, "check_date": null, "content": null, "man_made": null, "material": null, "source": null, "water": null, "cuisine": null, "layer": null, "contact:facebook": null, "type": null, "building:parts": null, "contact:email": null, "contact:phone": null, "height": 6.0 }, "geometry": { "type": "Polygon", "coordinates": [ [ [ 14.8230684, 40.6504325 ], [ 14.8234041, 40.6502068 ], [ 14.8233132, 40.650129 ], [ 14.8229775, 40.6503548 ], [ 14.8230684, 40.6504325 ] ] ] } },
{ "type": "Feature", "properties": { "element": "way", "id": 240375281, "building": "yes", "amenity": null, "name": null, "denomination": null, "religion": null, "wikidata": null, "government": null, "office": null, "abandoned": null, "operator": null, "operator:wikidata": null, "wheelchair": null, "building:levels": null, "roof:levels": null, "addr:city": null, "addr:street": null, "alt_name": null, "leisure": null, "sport": null, "addr:postcode": null, "brand": null, "brand:wikidata": null, "opening_hours": null, "phone": null, "website": null, "shop": null, "addr:country": null, "addr:housenumber": null, "air_conditioning": null, "email": null, "fax": null, "internet_access": null, "internet_access:fee": null, "payment:mastercard": null, "payment:visa": null, "roof:shape": null, "rooms": null, "stars": null, "tourism": null, "check_date": null, "content": null, "man_made": null, "material": null, "source": null, "water": null, "cuisine": null, "layer": null, "contact:facebook": null, "type": null, "building:parts": null, "contact:email": null, "contact:phone": null, "height": 6.0 }, "geometry": { "type": "Polygon", "coordinates": [ [ [ 14.8230548, 40.6493175 ], [ 14.8232729, 40.64919 ], [ 14.8231411, 40.6490728 ], [ 14.8229458, 40.6492003 ], [ 14.8230548, 40.6493175 ] ] ] } },
{ "type": "Feature", "properties": { "element": "way", "id": 240375282, "building": "yes", "amenity": null, "name": null, "denomination": null, "religion": null, "wikidata": null, "government": null, "office": null, "abandoned": null, "operator": null, "operator:wikidata": null, "wheelchair": null, "building:levels": null, "roof:levels": null, "addr:city": null, "addr:street": null, "alt_name": null, "leisure": null, "sport": null, "addr:postcode": null, "brand": null, "brand:wikidata": null, "opening_hours": null, "phone": null, "website": null, "shop": null, "addr:country": null, "addr:housenumber": null, "air_conditioning": null, "email": null, "fax": null, "internet_access": null, "internet_access:fee": null, "payment:mastercard": null, "payment:visa": null, "roof:shape": null, "rooms": null, "stars": null, "tourism": null, "check_date": null, "content": null, "man_made": null, "material": null, "source": null, "water": null, "cuisine": null, "layer": null, "contact:facebook": null, "type": null, "building:parts": null, "contact:email": null, "contact:phone": null, "height": 6.0 }, "geometry": { "type": "Polygon", "coordinates": [ [ [ 14.8229504, 40.6501791 ], [ 14.8234273, 40.6499757 ], [ 14.8234, 40.6499378 ], [ 14.8235636, 40.6498689 ], [ 14.8235318, 40.6498206 ], [ 14.8231411, 40.6499792 ], [ 14.8228868, 40.6501067 ], [ 14.8229504, 40.6501791 ] ] ] } },
{ "type": "Feature", "properties": { "element": "way", "id": 240375375, "building": "yes", "amenity": null, "name": null, "denomination": null, "religion": null, "wikidata": null, "government": null, "office": null, "abandoned": null, "operator": null, "operator:wikidata": null, "wheelchair": null, "building:levels": null, "roof:levels": null, "addr:city": null, "addr:street": null, "alt_name": null, "leisure": null, "sport": null, "addr:postcode": null, "brand": null, "brand:wikidata": null, "opening_hours": null, "phone": null, "website": null, "shop": null, "addr:country": null, "addr:housenumber": null, "air_conditioning": null, "email": null, "fax": null, "internet_access": null, "internet_access:fee": null, "payment:mastercard": null, "payment:visa": null, "roof:shape": null, "rooms": null, "stars": null, "tourism": null, "check_date": null, "content": null, "man_made": null, "material": null, "source": null, "water": null, "cuisine": null, "layer": null, "contact:facebook": null, "type": null, "building:parts": null, "contact:email": null, "contact:phone": null, "height": 6.0 }, "geometry": { "type": "Polygon", "coordinates": [ [ [ 14.8239464, 40.6494629 ], [ 14.8241194, 40.6493433 ], [ 14.8240194, 40.6492528 ], [ 14.8238387, 40.6493666 ], [ 14.8239464, 40.6494629 ] ] ] } },
{ "type": "Feature", "properties": { "element": "way", "id": 240375376, "building": "apartments", "amenity": null, "name": null, "denomination": null, "religion": null, "wikidata": null, "government": null, "office": null, "abandoned": null, "operator": null, "operator:wikidata": null, "wheelchair": null, "building:levels": null, "roof:levels": null, "addr:city": null, "addr:street": null, "alt_name": null, "leisure": null, "sport": null, "addr:postcode": null, "brand": null, "brand:wikidata": null, "opening_hours": null, "phone": null, "website": null, "shop": null, "addr:country": null, "addr:housenumber": null, "air_conditioning": null, "email": null, "fax": null, "internet_access": null, "internet_access:fee": null, "payment:mastercard": null, "payment:visa": null, "roof:shape": null, "rooms": null, "stars": null, "tourism": null, "check_date": null, "content": null, "man_made": null, "material": null, "source": null, "water": null, "cuisine": null, "layer": null, "contact:facebook": null, "type": null, "building:parts": null, "contact:email": null, "contact:phone": null, "height": 6.0 }, "geometry": { "type": "Polygon", "coordinates": [ [ [ 14.8243733, 40.6494687 ], [ 14.8245964, 40.6494191 ], [ 14.8246195, 40.6494717 ], [ 14.8251771, 40.6493987 ], [ 14.8251348, 40.6493112 ], [ 14.8253041, 40.6491828 ], [ 14.8252002, 40.6491215 ], [ 14.8250695, 40.6492703 ], [ 14.8247618, 40.6493258 ], [ 14.8247618, 40.6492966 ], [ 14.8243387, 40.6493666 ], [ 14.8243733, 40.6494687 ] ] ] } },
{ "type": "Feature", "properties": { "element": "way", "id": 240375691, "building": "apartments", "amenity": null, "name": null, "denomination": null, "religion": null, "wikidata": null, "government": null, "office": null, "abandoned": null, "operator": null, "operator:wikidata": null, "wheelchair": null, "building:levels": null, "roof:levels": null, "addr:city": null, "addr:street": null, "alt_name": null, "leisure": null, "sport": null, "addr:postcode": null, "brand": null, "brand:wikidata": null, "opening_hours": null, "phone": null, "website": null, "shop": null, "addr:country": null, "addr:housenumber": null, "air_conditioning": null, "email": null, "fax": null, "internet_access": null, "internet_access:fee": null, "payment:mastercard": null, "payment:visa": null, "roof:shape": null, "rooms": null, "stars": null, "tourism": null, "check_date": null, "content": null, "man_made": null, "material": null, "source": null, "water": null, "cuisine": null, "layer": null, "contact:facebook": null, "type": null, "building:parts": null, "contact:email": null, "contact:phone": null, "height": 6.0 }, "geometry": { "type": "Polygon", "coordinates": [ [ [ 14.8130946, 40.6512177 ], [ 14.8132408, 40.6511591 ], [ 14.8130505, 40.6509081 ], [ 14.8128961, 40.6509708 ], [ 14.8130946, 40.6512177 ] ] ] } },
{ "type": "Feature", "properties": { "element": "way", "id": 240375692, "building": "yes", "amenity": null, "name": null, "denomination": null, "religion": null, "wikidata": null, "government": null, "office": null, "abandoned": null, "operator": null, "operator:wikidata": null, "wheelchair": null, "building:levels": null, "roof:levels": null, "addr:city": null, "addr:street": null, "alt_name": null, "leisure": null, "sport": null, "addr:postcode": null, "brand": null, "brand:wikidata": null, "opening_hours": null, "phone": null, "website": null, "shop": null, "addr:country": null, "addr:housenumber": null, "air_conditioning": null, "email": null, "fax": null, "internet_access": null, "internet_access:fee": null, "payment:mastercard": null, "payment:visa": null, "roof:shape": null, "rooms": null, "stars": null, "tourism": null, "check_date": null, "content": null, "man_made": null, "material": null, "source": null, "water": null, "cuisine": null, "layer": null, "contact:facebook": null, "type": null, "building:parts": null, "contact:email": null, "contact:phone": null, "height": 6.0 }, "geometry": { "type": "Polygon", "coordinates": [ [ [ 14.8129653, 40.6514351 ], [ 14.8130976, 40.6513117 ], [ 14.8129597, 40.6512364 ], [ 14.8129101, 40.6512887 ], [ 14.8127915, 40.6512259 ], [ 14.8127116, 40.6513201 ], [ 14.8128715, 40.6514184 ], [ 14.8129653, 40.6514351 ] ] ] } },
{ "type": "Feature", "properties": { "element": "way", "id": 240375693, "building": "yes", "amenity": null, "name": null, "denomination": null, "religion": null, "wikidata": null, "government": null, "office": null, "abandoned": null, "operator": null, "operator:wikidata": null, "wheelchair": null, "building:levels": null, "roof:levels": null, "addr:city": null, "addr:street": null, "alt_name": null, "leisure": null, "sport": null, "addr:postcode": null, "brand": null, "brand:wikidata": null, "opening_hours": null, "phone": null, "website": null, "shop": null, "addr:country": null, "addr:housenumber": null, "air_conditioning": null, "email": null, "fax": null, "internet_access": null, "internet_access:fee": null, "payment:mastercard": null, "payment:visa": null, "roof:shape": null, "rooms": null, "stars": null, "tourism": null, "check_date": null, "content": null, "man_made": null, "material": null, "source": null, "water": null, "cuisine": null, "layer": null, "contact:facebook": null, "type": null, "building:parts": null, "contact:email": null, "contact:phone": null, "height": 6.0 }, "geometry": { "type": "Polygon", "coordinates": [ [ [ 14.8123561, 40.6513744 ], [ 14.8126308, 40.6510869 ], [ 14.8124788, 40.6510075 ], [ 14.8122179, 40.6512966 ], [ 14.8123561, 40.6513744 ] ] ] } },
{ "type": "Feature", "properties": { "element": "way", "id": 240375694, "building": "apartments", "amenity": null, "name": null, "denomination": null, "religion": null, "wikidata": null, "government": null, "office": null, "abandoned": null, "operator": null, "operator:wikidata": null, "wheelchair": null, "building:levels": null, "roof:levels": null, "addr:city": null, "addr:street": null, "alt_name": null, "leisure": null, "sport": null, "addr:postcode": null, "brand": null, "brand:wikidata": null, "opening_hours": null, "phone": null, "website": null, "shop": null, "addr:country": null, "addr:housenumber": null, "air_conditioning": null, "email": null, "fax": null, "internet_access": null, "internet_access:fee": null, "payment:mastercard": null, "payment:visa": null, "roof:shape": null, "rooms": null, "stars": null, "tourism": null, "check_date": null, "content": null, "man_made": null, "material": null, "source": null, "water": null, "cuisine": null, "layer": null, "contact:facebook": null, "type": null, "building:parts": null, "contact:email": null, "contact:phone": null, "height": 6.0 }, "geometry": { "type": "Polygon", "coordinates": [ [ [ 14.8121347, 40.6512483 ], [ 14.8122545, 40.6511166 ], [ 14.8119604, 40.6509574 ], [ 14.8118301, 40.651088 ], [ 14.8121347, 40.6512483 ] ] ] } },
{ "type": "Feature", "properties": { "element": "way", "id": 240375695, "building": "apartments", "amenity": null, "name": null, "denomination": null, "religion": null, "wikidata": null, "government": null, "office": null, "abandoned": null, "operator": null, "operator:wikidata": null, "wheelchair": null, "building:levels": null, "roof:levels": null, "addr:city": null, "addr:street": null, "alt_name": null, "leisure": null, "sport": null, "addr:postcode": null, "brand": null, "brand:wikidata": null, "opening_hours": null, "phone": null, "website": null, "shop": null, "addr:country": null, "addr:housenumber": null, "air_conditioning": null, "email": null, "fax": null, "internet_access": null, "internet_access:fee": null, "payment:mastercard": null, "payment:visa": null, "roof:shape": null, "rooms": null, "stars": null, "tourism": null, "check_date": null, "content": null, "man_made": null, "material": null, "source": null, "water": null, "cuisine": null, "layer": null, "contact:facebook": null, "type": null, "building:parts": null, "contact:email": null, "contact:phone": null, "height": 6.0 }, "geometry": { "type": "Polygon", "coordinates": [ [ [ 14.8122913, 40.6510718 ], [ 14.8123872, 40.6509661 ], [ 14.8120906, 40.6508021 ], [ 14.8119883, 40.6509108 ], [ 14.8122913, 40.6510718 ] ] ] } },
{ "type": "Feature", "properties": { "element": "way", "id": 240375744, "building": "yes", "amenity": null, "name": null, "denomination": null, "religion": null, "wikidata": null, "government": null, "office": null, "abandoned": null, "operator": null, "operator:wikidata": null, "wheelchair": null, "building:levels": null, "roof:levels": null, "addr:city": null, "addr:street": null, "alt_name": null, "leisure": null, "sport": null, "addr:postcode": null, "brand": null, "brand:wikidata": null, "opening_hours": null, "phone": null, "website": null, "shop": null, "addr:country": null, "addr:housenumber": null, "air_conditioning": null, "email": null, "fax": null, "internet_access": null, "internet_access:fee": null, "payment:mastercard": null, "payment:visa": null, "roof:shape": null, "rooms": null, "stars": null, "tourism": null, "check_date": null, "content": null, "man_made": null, "material": null, "source": null, "water": null, "cuisine": null, "layer": null, "contact:facebook": null, "type": null, "building:parts": null, "contact:email": null, "contact:phone": null, "height": 6.0 }, "geometry": { "type": "Polygon", "coordinates": [ [ [ 14.8133764, 40.6510859 ], [ 14.8137707, 40.6511298 ], [ 14.813801, 40.6510043 ], [ 14.8133902, 40.6509729 ], [ 14.8133764, 40.6510859 ] ] ] } },
{ "type": "Feature", "properties": { "element": "way", "id": 240375745, "building": "yes", "amenity": null, "name": null, "denomination": null, "religion": null, "wikidata": null, "government": null, "office": null, "abandoned": null, "operator": null, "operator:wikidata": null, "wheelchair": null, "building:levels": null, "roof:levels": null, "addr:city": null, "addr:street": null, "alt_name": null, "leisure": null, "sport": null, "addr:postcode": null, "brand": null, "brand:wikidata": null, "opening_hours": null, "phone": null, "website": null, "shop": null, "addr:country": null, "addr:housenumber": null, "air_conditioning": null, "email": null, "fax": null, "internet_access": null, "internet_access:fee": null, "payment:mastercard": null, "payment:visa": null, "roof:shape": null, "rooms": null, "stars": null, "tourism": null, "check_date": null, "content": null, "man_made": null, "material": null, "source": null, "water": null, "cuisine": null, "layer": null, "contact:facebook": null, "type": null, "building:parts": null, "contact:email": null, "contact:phone": null, "height": 6.0 }, "geometry": { "type": "Polygon", "coordinates": [ [ [ 14.813162, 40.6508765 ], [ 14.813184, 40.6507552 ], [ 14.8135729, 40.6507886 ], [ 14.8135508, 40.6509205 ], [ 14.813162, 40.6508765 ] ] ] } },
{ "type": "Feature", "properties": { "element": "way", "id": 240375746, "building": "apartments", "amenity": null, "name": null, "denomination": null, "religion": null, "wikidata": null, "government": null, "office": null, "abandoned": null, "operator": null, "operator:wikidata": null, "wheelchair": null, "building:levels": null, "roof:levels": null, "addr:city": null, "addr:street": null, "alt_name": null, "leisure": null, "sport": null, "addr:postcode": null, "brand": null, "brand:wikidata": null, "opening_hours": null, "phone": null, "website": null, "shop": null, "addr:country": null, "addr:housenumber": null, "air_conditioning": null, "email": null, "fax": null, "internet_access": null, "internet_access:fee": null, "payment:mastercard": null, "payment:visa": null, "roof:shape": null, "rooms": null, "stars": null, "tourism": null, "check_date": null, "content": null, "man_made": null, "material": null, "source": null, "water": null, "cuisine": null, "layer": null, "contact:facebook": null, "type": null, "building:parts": null, "contact:email": null, "contact:phone": null, "height": 6.0 }, "geometry": { "type": "Polygon", "coordinates": [ [ [ 14.8128492, 40.6508712 ], [ 14.8132628, 40.6506641 ], [ 14.8131746, 40.650549 ], [ 14.8127582, 40.6507541 ], [ 14.8128492, 40.6508712 ] ] ] } },
{ "type": "Feature", "properties": { "element": "way", "id": 240375747, "building": "yes", "amenity": null, "name": null, "denomination": null, "religion": null, "wikidata": null, "government": null, "office": null, "abandoned": null, "operator": null, "operator:wikidata": null, "wheelchair": null, "building:levels": null, "roof:levels": null, "addr:city": null, "addr:street": null, "alt_name": null, "leisure": null, "sport": null, "addr:postcode": null, "brand": null, "brand:wikidata": null, "opening_hours": null, "phone": null, "website": null, "shop": null, "addr:country": null, "addr:housenumber": null, "air_conditioning": null, "email": null, "fax": null, "internet_access": null, "internet_access:fee": null, "payment:mastercard": null, "payment:visa": null, "roof:shape": null, "rooms": null, "stars": null, "tourism": null, "check_date": null, "content": null, "man_made": null, "material": null, "source": null, "water": null, "cuisine": null, "layer": null, "contact:facebook": null, "type": null, "building:parts": null, "contact:email": null, "contact:phone": null, "height": 6.0 }, "geometry": { "type": "Polygon", "coordinates": [ [ [ 14.8138587, 40.651274 ], [ 14.8140049, 40.6512322 ], [ 14.8139552, 40.6511255 ], [ 14.8138036, 40.6511653 ], [ 14.8138587, 40.651274 ] ] ] } },
{ "type": "Feature", "properties": { "element": "way", "id": 240375748, "building": "apartments", "amenity": null, "name": null, "denomination": null, "religion": null, "wikidata": null, "government": null, "office": null, "abandoned": null, "operator": null, "operator:wikidata": null, "wheelchair": null, "building:levels": null, "roof:levels": null, "addr:city": null, "addr:street": null, "alt_name": null, "leisure": null, "sport": null, "addr:postcode": null, "brand": null, "brand:wikidata": null, "opening_hours": null, "phone": null, "website": null, "shop": null, "addr:country": null, "addr:housenumber": null, "air_conditioning": null, "email": null, "fax": null, "internet_access": null, "internet_access:fee": null, "payment:mastercard": null, "payment:visa": null, "roof:shape": null, "rooms": null, "stars": null, "tourism": null, "check_date": null, "content": null, "man_made": null, "material": null, "source": null, "water": null, "cuisine": null, "layer": null, "contact:facebook": null, "type": null, "building:parts": null, "contact:email": null, "contact:phone": null, "height": 6.0 }, "geometry": { "type": "Polygon", "coordinates": [ [ [ 14.8124189, 40.6508688 ], [ 14.8124957, 40.6507861 ], [ 14.8124237, 40.6507488 ], [ 14.8125033, 40.6506704 ], [ 14.8124209, 40.6506346 ], [ 14.8124352, 40.6506182 ], [ 14.8123207, 40.6505594 ], [ 14.8121691, 40.6507178 ], [ 14.8122679, 40.6507713 ], [ 14.8122553, 40.6507824 ], [ 14.8124189, 40.6508688 ] ] ] } },
{ "type": "Feature", "properties": { "element": "way", "id": 240375749, "building": "office", "amenity": null, "name": null, "denomination": null, "religion": null, "wikidata": null, "government": null, "office": null, "abandoned": null, "operator": null, "operator:wikidata": null, "wheelchair": null, "building:levels": null, "roof:levels": null, "addr:city": null, "addr:street": null, "alt_name": null, "leisure": null, "sport": null, "addr:postcode": null, "brand": null, "brand:wikidata": null, "opening_hours": null, "phone": null, "website": null, "shop": null, "addr:country": null, "addr:housenumber": null, "air_conditioning": null, "email": null, "fax": null, "internet_access": null, "internet_access:fee": null, "payment:mastercard": null, "payment:visa": null, "roof:shape": null, "rooms": null, "stars": null, "tourism": null, "check_date": null, "content": null, "man_made": null, "material": null, "source": null, "water": null, "cuisine": null, "layer": null, "contact:facebook": null, "type": null, "building:parts": null, "contact:email": null, "contact:phone": null, "height": 6.0 }, "geometry": { "type": "Polygon", "coordinates": [ [ [ 14.8117772, 40.6515874 ], [ 14.8118786, 40.6514864 ], [ 14.8116054, 40.6513411 ], [ 14.811515, 40.6514383 ], [ 14.8117772, 40.6515874 ] ] ] } },
{ "type": "Feature", "properties": { "element": "way", "id": 240375750, "building": "office", "amenity": null, "name": null, "denomination": null, "religion": null, "wikidata": null, "government": null, "office": null, "abandoned": null, "operator": null, "operator:wikidata": null, "wheelchair": null, "building:levels": null, "roof:levels": null, "addr:city": null, "addr:street": null, "alt_name": null, "leisure": null, "sport": null, "addr:postcode": null, "brand": null, "brand:wikidata": null, "opening_hours": null, "phone": null, "website": null, "shop": null, "addr:country": null, "addr:housenumber": null, "air_conditioning": null, "email": null, "fax": null, "internet_access": null, "internet_access:fee": null, "payment:mastercard": null, "payment:visa": null, "roof:shape": null, "rooms": null, "stars": null, "tourism": null, "check_date": null, "content": null, "man_made": null, "material": null, "source": null, "water": null, "cuisine": null, "layer": null, "contact:facebook": null, "type": null, "building:parts": null, "contact:email": null, "contact:phone": null, "height": 6.0 }, "geometry": { "type": "Polygon", "coordinates": [ [ [ 14.8119487, 40.6514097 ], [ 14.8120424, 40.6513143 ], [ 14.8117709, 40.651174 ], [ 14.8116806, 40.6512654 ], [ 14.8119487, 40.6514097 ] ] ] } },
{ "type": "Feature", "properties": { "element": "way", "id": 240375751, "building": "hotel", "amenity": null, "name": null, "denomination": null, "religion": null, "wikidata": null, "government": null, "office": null, "abandoned": null, "operator": null, "operator:wikidata": null, "wheelchair": null, "building:levels": null, "roof:levels": null, "addr:city": null, "addr:street": null, "alt_name": null, "leisure": null, "sport": null, "addr:postcode": null, "brand": null, "brand:wikidata": null, "opening_hours": null, "phone": null, "website": null, "shop": null, "addr:country": null, "addr:housenumber": null, "air_conditioning": null, "email": null, "fax": null, "internet_access": null, "internet_access:fee": null, "payment:mastercard": null, "payment:visa": null, "roof:shape": null, "rooms": null, "stars": null, "tourism": null, "check_date": null, "content": null, "man_made": null, "material": null, "source": null, "water": null, "cuisine": null, "layer": null, "contact:facebook": null, "type": null, "building:parts": null, "contact:email": null, "contact:phone": null, "height": 6.0 }, "geometry": { "type": "Polygon", "coordinates": [ [ [ 14.8128725, 40.6506195 ], [ 14.8130149, 40.6505558 ], [ 14.8129729, 40.6505133 ], [ 14.8130143, 40.6504937 ], [ 14.8130593, 40.6504725 ], [ 14.8130219, 40.6504264 ], [ 14.8129854, 40.6504464 ], [ 14.8129472, 40.6504672 ], [ 14.8128281, 40.6503237 ], [ 14.8126764, 40.6503928 ], [ 14.8128725, 40.6506195 ] ] ] } },
{ "type": "Feature", "properties": { "element": "way", "id": 240375752, "building": "yes", "amenity": null, "name": null, "denomination": null, "religion": null, "wikidata": null, "government": null, "office": null, "abandoned": null, "operator": null, "operator:wikidata": null, "wheelchair": null, "building:levels": null, "roof:levels": null, "addr:city": null, "addr:street": null, "alt_name": null, "leisure": null, "sport": null, "addr:postcode": null, "brand": null, "brand:wikidata": null, "opening_hours": null, "phone": null, "website": null, "shop": null, "addr:country": null, "addr:housenumber": null, "air_conditioning": null, "email": null, "fax": null, "internet_access": null, "internet_access:fee": null, "payment:mastercard": null, "payment:visa": null, "roof:shape": null, "rooms": null, "stars": null, "tourism": null, "check_date": null, "content": null, "man_made": null, "material": null, "source": null, "water": null, "cuisine": null, "layer": null, "contact:facebook": null, "type": null, "building:parts": null, "contact:email": null, "contact:phone": null, "height": 6.0 }, "geometry": { "type": "Polygon", "coordinates": [ [ [ 14.8130143, 40.6504937 ], [ 14.813057, 40.6505522 ], [ 14.8133092, 40.6504158 ], [ 14.8131831, 40.6502741 ], [ 14.8129449, 40.6503946 ], [ 14.8129854, 40.6504464 ], [ 14.8130219, 40.6504264 ], [ 14.8130593, 40.6504725 ], [ 14.8130143, 40.6504937 ] ] ] } },
{ "type": "Feature", "properties": { "element": "way", "id": 240380207, "building": "yes", "amenity": null, "name": null, "denomination": null, "religion": null, "wikidata": null, "government": null, "office": null, "abandoned": null, "operator": null, "operator:wikidata": null, "wheelchair": null, "building:levels": null, "roof:levels": null, "addr:city": null, "addr:street": null, "alt_name": null, "leisure": null, "sport": null, "addr:postcode": null, "brand": null, "brand:wikidata": null, "opening_hours": null, "phone": null, "website": null, "shop": null, "addr:country": null, "addr:housenumber": null, "air_conditioning": null, "email": null, "fax": null, "internet_access": null, "internet_access:fee": null, "payment:mastercard": null, "payment:visa": null, "roof:shape": null, "rooms": null, "stars": null, "tourism": null, "check_date": null, "content": null, "man_made": null, "material": null, "source": null, "water": null, "cuisine": null, "layer": null, "contact:facebook": null, "type": null, "building:parts": null, "contact:email": null, "contact:phone": null, "height": 6.0 }, "geometry": { "type": "Polygon", "coordinates": [ [ [ 14.8175666, 40.651314 ], [ 14.8172071, 40.651432 ], [ 14.8168638, 40.6507483 ], [ 14.817234, 40.6506384 ], [ 14.8175666, 40.651314 ] ] ] } },
{ "type": "Feature", "properties": { "element": "way", "id": 240380208, "building": "yes", "amenity": null, "name": null, "denomination": null, "religion": null, "wikidata": null, "government": null, "office": null, "abandoned": null, "operator": null, "operator:wikidata": null, "wheelchair": null, "building:levels": null, "roof:levels": null, "addr:city": null, "addr:street": null, "alt_name": null, "leisure": null, "sport": null, "addr:postcode": null, "brand": null, "brand:wikidata": null, "opening_hours": null, "phone": null, "website": null, "shop": null, "addr:country": null, "addr:housenumber": null, "air_conditioning": null, "email": null, "fax": null, "internet_access": null, "internet_access:fee": null, "payment:mastercard": null, "payment:visa": null, "roof:shape": null, "rooms": null, "stars": null, "tourism": null, "check_date": null, "content": null, "man_made": null, "material": null, "source": null, "water": null, "cuisine": null, "layer": null, "contact:facebook": null, "type": null, "building:parts": null, "contact:email": null, "contact:phone": null, "height": 6.0 }, "geometry": { "type": "Polygon", "coordinates": [ [ [ 14.8189345, 40.6523152 ], [ 14.8192295, 40.6522379 ], [ 14.8187682, 40.6514483 ], [ 14.8190954, 40.6513425 ], [ 14.8190525, 40.6512285 ], [ 14.8184517, 40.6514117 ], [ 14.8189345, 40.6523152 ] ] ] } },
{ "type": "Feature", "properties": { "element": "way", "id": 240380209, "building": "yes", "amenity": null, "name": null, "denomination": null, "religion": null, "wikidata": null, "government": null, "office": null, "abandoned": null, "operator": null, "operator:wikidata": null, "wheelchair": null, "building:levels": null, "roof:levels": null, "addr:city": null, "addr:street": null, "alt_name": null, "leisure": null, "sport": null, "addr:postcode": null, "brand": null, "brand:wikidata": null, "opening_hours": null, "phone": null, "website": null, "shop": null, "addr:country": null, "addr:housenumber": null, "air_conditioning": null, "email": null, "fax": null, "internet_access": null, "internet_access:fee": null, "payment:mastercard": null, "payment:visa": null, "roof:shape": null, "rooms": null, "stars": null, "tourism": null, "check_date": null, "content": null, "man_made": null, "material": null, "source": null, "water": null, "cuisine": null, "layer": null, "contact:facebook": null, "type": null, "building:parts": null, "contact:email": null, "contact:phone": null, "height": 6.0 }, "geometry": { "type": "Polygon", "coordinates": [ [ [ 14.8185, 40.6512896 ], [ 14.8188433, 40.6511919 ], [ 14.8185912, 40.6506587 ], [ 14.8185482, 40.6505773 ], [ 14.818677, 40.6505285 ], [ 14.8185107, 40.650211 ], [ 14.8180279, 40.6503576 ], [ 14.8185, 40.6512896 ] ] ] } },
{ "type": "Feature", "properties": { "element": "way", "id": 240380210, "building": "yes", "amenity": null, "name": null, "denomination": null, "religion": null, "wikidata": null, "government": null, "office": null, "abandoned": null, "operator": null, "operator:wikidata": null, "wheelchair": null, "building:levels": null, "roof:levels": null, "addr:city": null, "addr:street": null, "alt_name": null, "leisure": null, "sport": null, "addr:postcode": null, "brand": null, "brand:wikidata": null, "opening_hours": null, "phone": null, "website": null, "shop": null, "addr:country": null, "addr:housenumber": null, "air_conditioning": null, "email": null, "fax": null, "internet_access": null, "internet_access:fee": null, "payment:mastercard": null, "payment:visa": null, "roof:shape": null, "rooms": null, "stars": null, "tourism": null, "check_date": null, "content": null, "man_made": null, "material": null, "source": null, "water": null, "cuisine": null, "layer": null, "contact:facebook": null, "type": null, "building:parts": null, "contact:email": null, "contact:phone": null, "height": 6.0 }, "geometry": { "type": "Polygon", "coordinates": [ [ [ 14.8174271, 40.650846 ], [ 14.8179367, 40.6506913 ], [ 14.8177758, 40.650325 ], [ 14.8173734, 40.650439 ], [ 14.8175236, 40.6506791 ], [ 14.8173627, 40.6507239 ], [ 14.8174271, 40.650846 ] ] ] } },
{ "type": "Feature", "properties": { "element": "way", "id": 240380211, "building": "yes", "amenity": null, "name": null, "denomination": null, "religion": null, "wikidata": null, "government": null, "office": null, "abandoned": null, "operator": null, "operator:wikidata": null, "wheelchair": null, "building:levels": null, "roof:levels": null, "addr:city": null, "addr:street": null, "alt_name": null, "leisure": null, "sport": null, "addr:postcode": null, "brand": null, "brand:wikidata": null, "opening_hours": null, "phone": null, "website": null, "shop": null, "addr:country": null, "addr:housenumber": null, "air_conditioning": null, "email": null, "fax": null, "internet_access": null, "internet_access:fee": null, "payment:mastercard": null, "payment:visa": null, "roof:shape": null, "rooms": null, "stars": null, "tourism": null, "check_date": null, "content": null, "man_made": null, "material": null, "source": null, "water": null, "cuisine": null, "layer": null, "contact:facebook": null, "type": null, "building:parts": null, "contact:email": null, "contact:phone": null, "height": 6.0 }, "geometry": { "type": "Polygon", "coordinates": [ [ [ 14.8190203, 40.6510861 ], [ 14.8192832, 40.6510047 ], [ 14.8187253, 40.6499994 ], [ 14.8184946, 40.6500645 ], [ 14.8190203, 40.6510861 ] ] ] } },
{ "type": "Feature", "properties": { "element": "way", "id": 240380330, "building": "yes", "amenity": null, "name": null, "denomination": null, "religion": null, "wikidata": null, "government": null, "office": null, "abandoned": null, "operator": null, "operator:wikidata": null, "wheelchair": null, "building:levels": null, "roof:levels": null, "addr:city": null, "addr:street": null, "alt_name": null, "leisure": null, "sport": null, "addr:postcode": null, "brand": null, "brand:wikidata": null, "opening_hours": null, "phone": null, "website": null, "shop": null, "addr:country": null, "addr:housenumber": null, "air_conditioning": null, "email": null, "fax": null, "internet_access": null, "internet_access:fee": null, "payment:mastercard": null, "payment:visa": null, "roof:shape": null, "rooms": null, "stars": null, "tourism": null, "check_date": null, "content": null, "man_made": null, "material": null, "source": null, "water": null, "cuisine": null, "layer": null, "contact:facebook": null, "type": null, "building:parts": null, "contact:email": null, "contact:phone": null, "height": 6.0 }, "geometry": { "type": "Polygon", "coordinates": [ [ [ 14.8199653, 40.6516758 ], [ 14.8203105, 40.6515001 ], [ 14.8197018, 40.6508694 ], [ 14.8193248, 40.6510521 ], [ 14.8193793, 40.651121 ], [ 14.8194429, 40.6511727 ], [ 14.8194883, 40.6511933 ], [ 14.8192944, 40.6512957 ], [ 14.8193629, 40.6514092 ], [ 14.8194066, 40.6513863 ], [ 14.8194247, 40.6514173 ], [ 14.8196064, 40.6513277 ], [ 14.8199653, 40.6516758 ] ] ] } },
{ "type": "Feature", "properties": { "element": "way", "id": 240380332, "building": "yes", "amenity": null, "name": null, "denomination": null, "religion": null, "wikidata": null, "government": null, "office": null, "abandoned": null, "operator": null, "operator:wikidata": null, "wheelchair": null, "building:levels": null, "roof:levels": null, "addr:city": null, "addr:street": null, "alt_name": null, "leisure": null, "sport": null, "addr:postcode": null, "brand": null, "brand:wikidata": null, "opening_hours": null, "phone": null, "website": null, "shop": null, "addr:country": null, "addr:housenumber": null, "air_conditioning": null, "email": null, "fax": null, "internet_access": null, "internet_access:fee": null, "payment:mastercard": null, "payment:visa": null, "roof:shape": null, "rooms": null, "stars": null, "tourism": null, "check_date": null, "content": null, "man_made": null, "material": null, "source": null, "water": null, "cuisine": null, "layer": null, "contact:facebook": null, "type": null, "building:parts": null, "contact:email": null, "contact:phone": null, "height": 6.0 }, "geometry": { "type": "Polygon", "coordinates": [ [ [ 14.8176941, 40.6510417 ], [ 14.8178713, 40.6509935 ], [ 14.8178031, 40.6508143 ], [ 14.8175851, 40.6508728 ], [ 14.8176941, 40.6510417 ] ] ] } },
{ "type": "Feature", "properties": { "element": "way", "id": 240380333, "building": "yes", "amenity": null, "name": null, "denomination": null, "religion": null, "wikidata": null, "government": null, "office": null, "abandoned": null, "operator": null, "operator:wikidata": null, "wheelchair": null, "building:levels": null, "roof:levels": null, "addr:city": null, "addr:street": null, "alt_name": null, "leisure": null, "sport": null, "addr:postcode": null, "brand": null, "brand:wikidata": null, "opening_hours": null, "phone": null, "website": null, "shop": null, "addr:country": null, "addr:housenumber": null, "air_conditioning": null, "email": null, "fax": null, "internet_access": null, "internet_access:fee": null, "payment:mastercard": null, "payment:visa": null, "roof:shape": null, "rooms": null, "stars": null, "tourism": null, "check_date": null, "content": null, "man_made": null, "material": null, "source": null, "water": null, "cuisine": null, "layer": null, "contact:facebook": null, "type": null, "building:parts": null, "contact:email": null, "contact:phone": null, "height": 6.0 }, "geometry": { "type": "Polygon", "coordinates": [ [ [ 14.8176669, 40.6511244 ], [ 14.8180348, 40.6510279 ], [ 14.8180166, 40.6509693 ], [ 14.8176441, 40.6510796 ], [ 14.8176669, 40.6511244 ] ] ] } },
{ "type": "Feature", "properties": { "element": "way", "id": 240380334, "building": "yes", "amenity": null, "name": null, "denomination": null, "religion": null, "wikidata": null, "government": null, "office": null, "abandoned": null, "operator": null, "operator:wikidata": null, "wheelchair": null, "building:levels": null, "roof:levels": null, "addr:city": null, "addr:street": null, "alt_name": null, "leisure": null, "sport": null, "addr:postcode": null, "brand": null, "brand:wikidata": null, "opening_hours": null, "phone": null, "website": null, "shop": null, "addr:country": null, "addr:housenumber": null, "air_conditioning": null, "email": null, "fax": null, "internet_access": null, "internet_access:fee": null, "payment:mastercard": null, "payment:visa": null, "roof:shape": null, "rooms": null, "stars": null, "tourism": null, "check_date": null, "content": null, "man_made": null, "material": null, "source": null, "water": null, "cuisine": null, "layer": null, "contact:facebook": null, "type": null, "building:parts": null, "contact:email": null, "contact:phone": null, "height": 6.0 }, "geometry": { "type": "Polygon", "coordinates": [ [ [ 14.8177759, 40.6514587 ], [ 14.8181847, 40.6513346 ], [ 14.8181211, 40.6511899 ], [ 14.8179848, 40.6512381 ], [ 14.8179439, 40.6511072 ], [ 14.8177668, 40.6511554 ], [ 14.8178077, 40.6512485 ], [ 14.8176805, 40.6512726 ], [ 14.8177759, 40.6514587 ] ] ] } },
{ "type": "Feature", "properties": { "element": "way", "id": 240387182, "building": "yes", "amenity": null, "name": null, "denomination": null, "religion": null, "wikidata": null, "government": null, "office": null, "abandoned": null, "operator": null, "operator:wikidata": null, "wheelchair": null, "building:levels": null, "roof:levels": null, "addr:city": null, "addr:street": null, "alt_name": null, "leisure": null, "sport": null, "addr:postcode": null, "brand": null, "brand:wikidata": null, "opening_hours": null, "phone": null, "website": null, "shop": null, "addr:country": null, "addr:housenumber": null, "air_conditioning": null, "email": null, "fax": null, "internet_access": null, "internet_access:fee": null, "payment:mastercard": null, "payment:visa": null, "roof:shape": null, "rooms": null, "stars": null, "tourism": null, "check_date": null, "content": null, "man_made": null, "material": null, "source": null, "water": null, "cuisine": null, "layer": null, "contact:facebook": null, "type": null, "building:parts": null, "contact:email": null, "contact:phone": null, "height": 6.0 }, "geometry": { "type": "Polygon", "coordinates": [ [ [ 14.8153303, 40.6513185 ], [ 14.8154438, 40.6512847 ], [ 14.8154117, 40.6511612 ], [ 14.8153229, 40.6511949 ], [ 14.8153031, 40.6511593 ], [ 14.8152143, 40.651193 ], [ 14.8152069, 40.651163 ], [ 14.8148219, 40.6512773 ], [ 14.8148811, 40.6513934 ], [ 14.8152242, 40.651296 ], [ 14.8153303, 40.6513185 ] ] ] } },
{ "type": "Feature", "properties": { "element": "way", "id": 240387183, "building": "yes", "amenity": null, "name": null, "denomination": null, "religion": null, "wikidata": null, "government": null, "office": null, "abandoned": null, "operator": null, "operator:wikidata": null, "wheelchair": null, "building:levels": null, "roof:levels": null, "addr:city": null, "addr:street": null, "alt_name": null, "leisure": null, "sport": null, "addr:postcode": null, "brand": null, "brand:wikidata": null, "opening_hours": null, "phone": null, "website": null, "shop": null, "addr:country": null, "addr:housenumber": null, "air_conditioning": null, "email": null, "fax": null, "internet_access": null, "internet_access:fee": null, "payment:mastercard": null, "payment:visa": null, "roof:shape": null, "rooms": null, "stars": null, "tourism": null, "check_date": null, "content": null, "man_made": null, "material": null, "source": null, "water": null, "cuisine": null, "layer": null, "contact:facebook": null, "type": null, "building:parts": null, "contact:email": null, "contact:phone": null, "height": 6.0 }, "geometry": { "type": "Polygon", "coordinates": [ [ [ 14.8165101, 40.6511387 ], [ 14.8164261, 40.6511799 ], [ 14.8164015, 40.6511649 ], [ 14.8163027, 40.6512192 ], [ 14.8162855, 40.6512061 ], [ 14.8162193, 40.6512482 ], [ 14.8161917, 40.6512267 ], [ 14.816051, 40.6512979 ], [ 14.8159918, 40.6512979 ], [ 14.8159251, 40.6513316 ], [ 14.8159054, 40.6513222 ], [ 14.8158264, 40.6513671 ], [ 14.8158042, 40.6513503 ], [ 14.8157277, 40.6513784 ], [ 14.8156487, 40.6512979 ], [ 14.8157474, 40.6512417 ], [ 14.8157647, 40.6512604 ], [ 14.8159054, 40.6511836 ], [ 14.8159375, 40.6512042 ], [ 14.8160979, 40.6511237 ], [ 14.8161275, 40.6511424 ], [ 14.8162978, 40.6510675 ], [ 14.8163299, 40.6510788 ], [ 14.8164163, 40.6510469 ], [ 14.8165101, 40.6511387 ] ] ] } },
{ "type": "Feature", "properties": { "element": "way", "id": 240387184, "building": "yes", "amenity": null, "name": null, "denomination": null, "religion": null, "wikidata": null, "government": null, "office": null, "abandoned": null, "operator": null, "operator:wikidata": null, "wheelchair": null, "building:levels": null, "roof:levels": null, "addr:city": null, "addr:street": null, "alt_name": null, "leisure": null, "sport": null, "addr:postcode": null, "brand": null, "brand:wikidata": null, "opening_hours": null, "phone": null, "website": null, "shop": null, "addr:country": null, "addr:housenumber": null, "air_conditioning": null, "email": null, "fax": null, "internet_access": null, "internet_access:fee": null, "payment:mastercard": null, "payment:visa": null, "roof:shape": null, "rooms": null, "stars": null, "tourism": null, "check_date": null, "content": null, "man_made": null, "material": null, "source": null, "water": null, "cuisine": null, "layer": null, "contact:facebook": null, "type": null, "building:parts": null, "contact:email": null, "contact:phone": null, "height": 6.0 }, "geometry": { "type": "Polygon", "coordinates": [ [ [ 14.815587, 40.6511743 ], [ 14.8157054, 40.6511743 ], [ 14.8157104, 40.6511462 ], [ 14.8158906, 40.65112 ], [ 14.8158906, 40.6510919 ], [ 14.8160831, 40.6510675 ], [ 14.816088, 40.6510301 ], [ 14.8162731, 40.6510057 ], [ 14.8162756, 40.650972 ], [ 14.8163644, 40.6509533 ], [ 14.816362, 40.6508484 ], [ 14.8162015, 40.6508559 ], [ 14.8161991, 40.6508878 ], [ 14.8160954, 40.6509027 ], [ 14.8160831, 40.6509365 ], [ 14.8158757, 40.6509739 ], [ 14.8158782, 40.6510001 ], [ 14.8155771, 40.6510507 ], [ 14.815587, 40.6511743 ] ] ] } },
{ "type": "Feature", "properties": { "element": "way", "id": 241112517, "building": "yes", "amenity": null, "name": null, "denomination": null, "religion": null, "wikidata": null, "government": null, "office": null, "abandoned": null, "operator": null, "operator:wikidata": null, "wheelchair": null, "building:levels": null, "roof:levels": null, "addr:city": null, "addr:street": null, "alt_name": null, "leisure": null, "sport": null, "addr:postcode": null, "brand": null, "brand:wikidata": null, "opening_hours": null, "phone": null, "website": null, "shop": null, "addr:country": null, "addr:housenumber": null, "air_conditioning": null, "email": null, "fax": null, "internet_access": null, "internet_access:fee": null, "payment:mastercard": null, "payment:visa": null, "roof:shape": null, "rooms": null, "stars": null, "tourism": null, "check_date": null, "content": null, "man_made": null, "material": null, "source": null, "water": null, "cuisine": null, "layer": null, "contact:facebook": null, "type": null, "building:parts": null, "contact:email": null, "contact:phone": null, "height": 6.0 }, "geometry": { "type": "Polygon", "coordinates": [ [ [ 14.8290753, 40.6395971 ], [ 14.8287034, 40.6400653 ], [ 14.8284773, 40.6399619 ], [ 14.8288492, 40.6394937 ], [ 14.8290753, 40.6395971 ] ] ] } },
{ "type": "Feature", "properties": { "element": "way", "id": 241112520, "building": "yes", "amenity": null, "name": null, "denomination": null, "religion": null, "wikidata": null, "government": null, "office": null, "abandoned": null, "operator": null, "operator:wikidata": null, "wheelchair": null, "building:levels": null, "roof:levels": null, "addr:city": null, "addr:street": null, "alt_name": null, "leisure": null, "sport": null, "addr:postcode": null, "brand": null, "brand:wikidata": null, "opening_hours": null, "phone": null, "website": null, "shop": null, "addr:country": null, "addr:housenumber": null, "air_conditioning": null, "email": null, "fax": null, "internet_access": null, "internet_access:fee": null, "payment:mastercard": null, "payment:visa": null, "roof:shape": null, "rooms": null, "stars": null, "tourism": null, "check_date": null, "content": null, "man_made": null, "material": null, "source": null, "water": null, "cuisine": null, "layer": null, "contact:facebook": null, "type": null, "building:parts": null, "contact:email": null, "contact:phone": null, "height": 6.0 }, "geometry": { "type": "Polygon", "coordinates": [ [ [ 14.8285469, 40.639285 ], [ 14.8287786, 40.6393938 ], [ 14.8290709, 40.639059 ], [ 14.8288392, 40.6389544 ], [ 14.8285469, 40.639285 ] ] ] } },
{ "type": "Feature", "properties": { "element": "way", "id": 241112521, "building": "yes", "amenity": null, "name": null, "denomination": null, "religion": null, "wikidata": null, "government": null, "office": null, "abandoned": null, "operator": null, "operator:wikidata": null, "wheelchair": null, "building:levels": null, "roof:levels": null, "addr:city": null, "addr:street": null, "alt_name": null, "leisure": null, "sport": null, "addr:postcode": null, "brand": null, "brand:wikidata": null, "opening_hours": null, "phone": null, "website": null, "shop": null, "addr:country": null, "addr:housenumber": null, "air_conditioning": null, "email": null, "fax": null, "internet_access": null, "internet_access:fee": null, "payment:mastercard": null, "payment:visa": null, "roof:shape": null, "rooms": null, "stars": null, "tourism": null, "check_date": null, "content": null, "man_made": null, "material": null, "source": null, "water": null, "cuisine": null, "layer": null, "contact:facebook": null, "type": null, "building:parts": null, "contact:email": null, "contact:phone": null, "height": 6.0 }, "geometry": { "type": "Polygon", "coordinates": [ [ [ 14.8275432, 40.6394608 ], [ 14.82767, 40.6395194 ], [ 14.827852, 40.6392934 ], [ 14.8277141, 40.6392348 ], [ 14.8275432, 40.6394608 ] ] ] } },
{ "type": "Feature", "properties": { "element": "way", "id": 241112523, "building": "yes", "amenity": null, "name": null, "denomination": null, "religion": null, "wikidata": null, "government": null, "office": null, "abandoned": null, "operator": null, "operator:wikidata": null, "wheelchair": null, "building:levels": null, "roof:levels": null, "addr:city": null, "addr:street": null, "alt_name": null, "leisure": null, "sport": null, "addr:postcode": null, "brand": null, "brand:wikidata": null, "opening_hours": null, "phone": null, "website": null, "shop": null, "addr:country": null, "addr:housenumber": null, "air_conditioning": null, "email": null, "fax": null, "internet_access": null, "internet_access:fee": null, "payment:mastercard": null, "payment:visa": null, "roof:shape": null, "rooms": null, "stars": null, "tourism": null, "check_date": null, "content": null, "man_made": null, "material": null, "source": null, "water": null, "cuisine": null, "layer": null, "contact:facebook": null, "type": null, "building:parts": null, "contact:email": null, "contact:phone": null, "height": 6.0 }, "geometry": { "type": "Polygon", "coordinates": [ [ [ 14.8272319, 40.6389441 ], [ 14.8275166, 40.6391632 ], [ 14.827572, 40.6391122 ], [ 14.8275166, 40.6390762 ], [ 14.8275641, 40.6390221 ], [ 14.8274889, 40.6389621 ], [ 14.8274178, 40.6389711 ], [ 14.8272873, 40.6388871 ], [ 14.8272319, 40.6389441 ] ] ] } },
{ "type": "Feature", "properties": { "element": "way", "id": 241112525, "building": "yes", "amenity": null, "name": null, "denomination": null, "religion": null, "wikidata": null, "government": null, "office": null, "abandoned": null, "operator": null, "operator:wikidata": null, "wheelchair": null, "building:levels": null, "roof:levels": null, "addr:city": null, "addr:street": null, "alt_name": null, "leisure": null, "sport": null, "addr:postcode": null, "brand": null, "brand:wikidata": null, "opening_hours": null, "phone": null, "website": null, "shop": null, "addr:country": null, "addr:housenumber": null, "air_conditioning": null, "email": null, "fax": null, "internet_access": null, "internet_access:fee": null, "payment:mastercard": null, "payment:visa": null, "roof:shape": null, "rooms": null, "stars": null, "tourism": null, "check_date": null, "content": null, "man_made": null, "material": null, "source": null, "water": null, "cuisine": null, "layer": null, "contact:facebook": null, "type": null, "building:parts": null, "contact:email": null, "contact:phone": null, "height": 6.0 }, "geometry": { "type": "Polygon", "coordinates": [ [ [ 14.8272873, 40.6388871 ], [ 14.8274019, 40.6387971 ], [ 14.8274968, 40.6388601 ], [ 14.8274415, 40.6388901 ], [ 14.8274968, 40.6389141 ], [ 14.8274178, 40.6389711 ], [ 14.8272873, 40.6388871 ] ] ] } },
{ "type": "Feature", "properties": { "element": "way", "id": 241112527, "building": "yes", "amenity": null, "name": null, "denomination": null, "religion": null, "wikidata": null, "government": null, "office": null, "abandoned": null, "operator": null, "operator:wikidata": null, "wheelchair": null, "building:levels": null, "roof:levels": null, "addr:city": null, "addr:street": null, "alt_name": null, "leisure": null, "sport": null, "addr:postcode": null, "brand": null, "brand:wikidata": null, "opening_hours": null, "phone": null, "website": null, "shop": null, "addr:country": null, "addr:housenumber": null, "air_conditioning": null, "email": null, "fax": null, "internet_access": null, "internet_access:fee": null, "payment:mastercard": null, "payment:visa": null, "roof:shape": null, "rooms": null, "stars": null, "tourism": null, "check_date": null, "content": null, "man_made": null, "material": null, "source": null, "water": null, "cuisine": null, "layer": null, "contact:facebook": null, "type": null, "building:parts": null, "contact:email": null, "contact:phone": null, "height": 6.0 }, "geometry": { "type": "Polygon", "coordinates": [ [ [ 14.8284484, 40.6401173 ], [ 14.8287805, 40.6402883 ], [ 14.8288675, 40.6401863 ], [ 14.8285393, 40.6400183 ], [ 14.8284484, 40.6401173 ] ] ] } },
{ "type": "Feature", "properties": { "element": "way", "id": 241112528, "building": "yes", "amenity": null, "name": null, "denomination": null, "religion": null, "wikidata": null, "government": null, "office": null, "abandoned": null, "operator": null, "operator:wikidata": null, "wheelchair": null, "building:levels": null, "roof:levels": null, "addr:city": null, "addr:street": null, "alt_name": null, "leisure": null, "sport": null, "addr:postcode": null, "brand": null, "brand:wikidata": null, "opening_hours": null, "phone": null, "website": null, "shop": null, "addr:country": null, "addr:housenumber": null, "air_conditioning": null, "email": null, "fax": null, "internet_access": null, "internet_access:fee": null, "payment:mastercard": null, "payment:visa": null, "roof:shape": null, "rooms": null, "stars": null, "tourism": null, "check_date": null, "content": null, "man_made": null, "material": null, "source": null, "water": null, "cuisine": null, "layer": null, "contact:facebook": null, "type": null, "building:parts": null, "contact:email": null, "contact:phone": null, "height": 6.0 }, "geometry": { "type": "Polygon", "coordinates": [ [ [ 14.8281453, 40.6399523 ], [ 14.8282758, 40.6400454 ], [ 14.8283707, 40.6399703 ], [ 14.8282719, 40.6398833 ], [ 14.8281453, 40.6399523 ] ] ] } },
{ "type": "Feature", "properties": { "element": "way", "id": 241112530, "building": "yes", "amenity": null, "name": null, "denomination": null, "religion": null, "wikidata": null, "government": null, "office": null, "abandoned": null, "operator": null, "operator:wikidata": null, "wheelchair": null, "building:levels": null, "roof:levels": null, "addr:city": null, "addr:street": null, "alt_name": null, "leisure": null, "sport": null, "addr:postcode": null, "brand": null, "brand:wikidata": null, "opening_hours": null, "phone": null, "website": null, "shop": null, "addr:country": null, "addr:housenumber": null, "air_conditioning": null, "email": null, "fax": null, "internet_access": null, "internet_access:fee": null, "payment:mastercard": null, "payment:visa": null, "roof:shape": null, "rooms": null, "stars": null, "tourism": null, "check_date": null, "content": null, "man_made": null, "material": null, "source": null, "water": null, "cuisine": null, "layer": null, "contact:facebook": null, "type": null, "building:parts": null, "contact:email": null, "contact:phone": null, "height": 6.0 }, "geometry": { "type": "Polygon", "coordinates": [ [ [ 14.8289758, 40.6395233 ], [ 14.8291774, 40.6396163 ], [ 14.8292367, 40.6395353 ], [ 14.8292763, 40.6395533 ], [ 14.8293751, 40.6394332 ], [ 14.82913, 40.6393072 ], [ 14.8290351, 40.6394212 ], [ 14.8290588, 40.6394392 ], [ 14.8289758, 40.6395233 ] ] ] } },
{ "type": "Feature", "properties": { "element": "way", "id": 241112532, "building": "yes", "amenity": null, "name": null, "denomination": null, "religion": null, "wikidata": null, "government": null, "office": null, "abandoned": null, "operator": null, "operator:wikidata": null, "wheelchair": null, "building:levels": null, "roof:levels": null, "addr:city": null, "addr:street": null, "alt_name": null, "leisure": null, "sport": null, "addr:postcode": null, "brand": null, "brand:wikidata": null, "opening_hours": null, "phone": null, "website": null, "shop": null, "addr:country": null, "addr:housenumber": null, "air_conditioning": null, "email": null, "fax": null, "internet_access": null, "internet_access:fee": null, "payment:mastercard": null, "payment:visa": null, "roof:shape": null, "rooms": null, "stars": null, "tourism": null, "check_date": null, "content": null, "man_made": null, "material": null, "source": null, "water": null, "cuisine": null, "layer": null, "contact:facebook": null, "type": null, "building:parts": null, "contact:email": null, "contact:phone": null, "height": 6.0 }, "geometry": { "type": "Polygon", "coordinates": [ [ [ 14.8289323, 40.6406335 ], [ 14.8290786, 40.6407505 ], [ 14.8292051, 40.6406575 ], [ 14.8290548, 40.6405434 ], [ 14.8289323, 40.6406335 ] ] ] } },
{ "type": "Feature", "properties": { "element": "way", "id": 241112533, "building": "yes", "amenity": null, "name": null, "denomination": null, "religion": null, "wikidata": null, "government": null, "office": null, "abandoned": null, "operator": null, "operator:wikidata": null, "wheelchair": null, "building:levels": null, "roof:levels": null, "addr:city": null, "addr:street": null, "alt_name": null, "leisure": null, "sport": null, "addr:postcode": null, "brand": null, "brand:wikidata": null, "opening_hours": null, "phone": null, "website": null, "shop": null, "addr:country": null, "addr:housenumber": null, "air_conditioning": null, "email": null, "fax": null, "internet_access": null, "internet_access:fee": null, "payment:mastercard": null, "payment:visa": null, "roof:shape": null, "rooms": null, "stars": null, "tourism": null, "check_date": null, "content": null, "man_made": null, "material": null, "source": null, "water": null, "cuisine": null, "layer": null, "contact:facebook": null, "type": null, "building:parts": null, "contact:email": null, "contact:phone": null, "height": 6.0 }, "geometry": { "type": "Polygon", "coordinates": [ [ [ 14.8290904, 40.6405284 ], [ 14.8300197, 40.6398563 ], [ 14.8301225, 40.6399343 ], [ 14.8291853, 40.6406065 ], [ 14.8290904, 40.6405284 ] ] ] } },
{ "type": "Feature", "properties": { "element": "way", "id": 241112535, "building": "yes", "amenity": null, "name": null, "denomination": null, "religion": null, "wikidata": null, "government": null, "office": null, "abandoned": null, "operator": null, "operator:wikidata": null, "wheelchair": null, "building:levels": null, "roof:levels": null, "addr:city": null, "addr:street": null, "alt_name": null, "leisure": null, "sport": null, "addr:postcode": null, "brand": null, "brand:wikidata": null, "opening_hours": null, "phone": null, "website": null, "shop": null, "addr:country": null, "addr:housenumber": null, "air_conditioning": null, "email": null, "fax": null, "internet_access": null, "internet_access:fee": null, "payment:mastercard": null, "payment:visa": null, "roof:shape": null, "rooms": null, "stars": null, "tourism": null, "check_date": null, "content": null, "man_made": null, "material": null, "source": null, "water": null, "cuisine": null, "layer": null, "contact:facebook": null, "type": null, "building:parts": null, "contact:email": null, "contact:phone": null, "height": 6.0 }, "geometry": { "type": "Polygon", "coordinates": [ [ [ 14.8291853, 40.6406065 ], [ 14.8292746, 40.6406855 ], [ 14.8302181, 40.6400287 ], [ 14.8301225, 40.6399343 ], [ 14.8291853, 40.6406065 ] ] ] } },
{ "type": "Feature", "properties": { "element": "way", "id": 241112537, "building": "yes", "amenity": null, "name": null, "denomination": null, "religion": null, "wikidata": null, "government": null, "office": null, "abandoned": null, "operator": null, "operator:wikidata": null, "wheelchair": null, "building:levels": null, "roof:levels": null, "addr:city": null, "addr:street": null, "alt_name": null, "leisure": null, "sport": null, "addr:postcode": null, "brand": null, "brand:wikidata": null, "opening_hours": null, "phone": null, "website": null, "shop": null, "addr:country": null, "addr:housenumber": null, "air_conditioning": null, "email": null, "fax": null, "internet_access": null, "internet_access:fee": null, "payment:mastercard": null, "payment:visa": null, "roof:shape": null, "rooms": null, "stars": null, "tourism": null, "check_date": null, "content": null, "man_made": null, "material": null, "source": null, "water": null, "cuisine": null, "layer": null, "contact:facebook": null, "type": null, "building:parts": null, "contact:email": null, "contact:phone": null, "height": 6.0 }, "geometry": { "type": "Polygon", "coordinates": [ [ [ 14.8291131, 40.6407979 ], [ 14.8295526, 40.6411068 ], [ 14.8294972, 40.6411526 ], [ 14.8296758, 40.6412967 ], [ 14.8299166, 40.6410859 ], [ 14.8295195, 40.6407929 ], [ 14.8300545, 40.6404037 ], [ 14.8299166, 40.6402907 ], [ 14.8293761, 40.6406925 ], [ 14.8292746, 40.6406855 ], [ 14.8291131, 40.6407979 ] ] ] } },
{ "type": "Feature", "properties": { "element": "way", "id": 241112538, "building": "yes", "amenity": null, "name": null, "denomination": null, "religion": null, "wikidata": null, "government": null, "office": null, "abandoned": null, "operator": null, "operator:wikidata": null, "wheelchair": null, "building:levels": null, "roof:levels": null, "addr:city": null, "addr:street": null, "alt_name": null, "leisure": null, "sport": null, "addr:postcode": null, "brand": null, "brand:wikidata": null, "opening_hours": null, "phone": null, "website": null, "shop": null, "addr:country": null, "addr:housenumber": null, "air_conditioning": null, "email": null, "fax": null, "internet_access": null, "internet_access:fee": null, "payment:mastercard": null, "payment:visa": null, "roof:shape": null, "rooms": null, "stars": null, "tourism": null, "check_date": null, "content": null, "man_made": null, "material": null, "source": null, "water": null, "cuisine": null, "layer": null, "contact:facebook": null, "type": null, "building:parts": null, "contact:email": null, "contact:phone": null, "height": 6.0 }, "geometry": { "type": "Polygon", "coordinates": [ [ [ 14.8299663, 40.640818 ], [ 14.8301097, 40.640931 ], [ 14.8303634, 40.6407511 ], [ 14.8302255, 40.6406423 ], [ 14.8299663, 40.640818 ] ] ] } },
{ "type": "Feature", "properties": { "element": "way", "id": 241112539, "building": "yes", "amenity": null, "name": null, "denomination": null, "religion": null, "wikidata": null, "government": null, "office": null, "abandoned": null, "operator": null, "operator:wikidata": null, "wheelchair": null, "building:levels": null, "roof:levels": null, "addr:city": null, "addr:street": null, "alt_name": null, "leisure": null, "sport": null, "addr:postcode": null, "brand": null, "brand:wikidata": null, "opening_hours": null, "phone": null, "website": null, "shop": null, "addr:country": null, "addr:housenumber": null, "air_conditioning": null, "email": null, "fax": null, "internet_access": null, "internet_access:fee": null, "payment:mastercard": null, "payment:visa": null, "roof:shape": null, "rooms": null, "stars": null, "tourism": null, "check_date": null, "content": null, "man_made": null, "material": null, "source": null, "water": null, "cuisine": null, "layer": null, "contact:facebook": null, "type": null, "building:parts": null, "contact:email": null, "contact:phone": null, "height": 6.0 }, "geometry": { "type": "Polygon", "coordinates": [ [ [ 14.8301207, 40.6402572 ], [ 14.830424, 40.6405209 ], [ 14.8305399, 40.6405837 ], [ 14.8306777, 40.6405084 ], [ 14.8302641, 40.6401735 ], [ 14.8301207, 40.6402572 ] ] ] } },
{ "type": "Feature", "properties": { "element": "way", "id": 241115752, "building": "yes", "amenity": null, "name": null, "denomination": null, "religion": null, "wikidata": null, "government": null, "office": null, "abandoned": null, "operator": null, "operator:wikidata": null, "wheelchair": null, "building:levels": null, "roof:levels": null, "addr:city": null, "addr:street": null, "alt_name": null, "leisure": null, "sport": null, "addr:postcode": null, "brand": null, "brand:wikidata": null, "opening_hours": null, "phone": null, "website": null, "shop": null, "addr:country": null, "addr:housenumber": null, "air_conditioning": null, "email": null, "fax": null, "internet_access": null, "internet_access:fee": null, "payment:mastercard": null, "payment:visa": null, "roof:shape": null, "rooms": null, "stars": null, "tourism": null, "check_date": null, "content": null, "man_made": null, "material": null, "source": null, "water": null, "cuisine": null, "layer": null, "contact:facebook": null, "type": null, "building:parts": null, "contact:email": null, "contact:phone": null, "height": 6.0 }, "geometry": { "type": "Polygon", "coordinates": [ [ [ 14.8255435, 40.6480021 ], [ 14.826014, 40.6483681 ], [ 14.8261089, 40.6483111 ], [ 14.8256876, 40.6479641 ], [ 14.8256463, 40.6479301 ], [ 14.8255435, 40.6480021 ] ] ] } },
{ "type": "Feature", "properties": { "element": "way", "id": 241115753, "building": "yes", "amenity": null, "name": null, "denomination": null, "religion": null, "wikidata": null, "government": null, "office": null, "abandoned": null, "operator": null, "operator:wikidata": null, "wheelchair": null, "building:levels": null, "roof:levels": null, "addr:city": null, "addr:street": null, "alt_name": null, "leisure": null, "sport": null, "addr:postcode": null, "brand": null, "brand:wikidata": null, "opening_hours": null, "phone": null, "website": null, "shop": null, "addr:country": null, "addr:housenumber": null, "air_conditioning": null, "email": null, "fax": null, "internet_access": null, "internet_access:fee": null, "payment:mastercard": null, "payment:visa": null, "roof:shape": null, "rooms": null, "stars": null, "tourism": null, "check_date": null, "content": null, "man_made": null, "material": null, "source": null, "water": null, "cuisine": null, "layer": null, "contact:facebook": null, "type": null, "building:parts": null, "contact:email": null, "contact:phone": null, "height": 6.0 }, "geometry": { "type": "Polygon", "coordinates": [ [ [ 14.8256876, 40.6479641 ], [ 14.8258084, 40.6478851 ], [ 14.8258473, 40.6479182 ], [ 14.8262236, 40.6482391 ], [ 14.8261089, 40.6483111 ], [ 14.8256876, 40.6479641 ] ] ] } },
{ "type": "Feature", "properties": { "element": "way", "id": 241115754, "building": "yes", "amenity": null, "name": null, "denomination": null, "religion": null, "wikidata": null, "government": null, "office": null, "abandoned": null, "operator": null, "operator:wikidata": null, "wheelchair": null, "building:levels": null, "roof:levels": null, "addr:city": null, "addr:street": null, "alt_name": null, "leisure": null, "sport": null, "addr:postcode": null, "brand": null, "brand:wikidata": null, "opening_hours": null, "phone": null, "website": null, "shop": null, "addr:country": null, "addr:housenumber": null, "air_conditioning": null, "email": null, "fax": null, "internet_access": null, "internet_access:fee": null, "payment:mastercard": null, "payment:visa": null, "roof:shape": null, "rooms": null, "stars": null, "tourism": null, "check_date": null, "content": null, "man_made": null, "material": null, "source": null, "water": null, "cuisine": null, "layer": null, "contact:facebook": null, "type": null, "building:parts": null, "contact:email": null, "contact:phone": null, "height": 6.0 }, "geometry": { "type": "Polygon", "coordinates": [ [ [ 14.8258473, 40.6479182 ], [ 14.8260208, 40.6478403 ], [ 14.8263826, 40.6481619 ], [ 14.8262236, 40.6482391 ], [ 14.8258473, 40.6479182 ] ] ] } },
{ "type": "Feature", "properties": { "element": "way", "id": 241115755, "building": "yes", "amenity": null, "name": "Kit Emporio", "denomination": null, "religion": null, "wikidata": null, "government": null, "office": null, "abandoned": null, "operator": null, "operator:wikidata": null, "wheelchair": null, "building:levels": null, "roof:levels": null, "addr:city": null, "addr:street": null, "alt_name": null, "leisure": null, "sport": null, "addr:postcode": null, "brand": null, "brand:wikidata": null, "opening_hours": null, "phone": null, "website": null, "shop": "clothes", "addr:country": null, "addr:housenumber": null, "air_conditioning": null, "email": null, "fax": null, "internet_access": null, "internet_access:fee": null, "payment:mastercard": null, "payment:visa": null, "roof:shape": null, "rooms": null, "stars": null, "tourism": null, "check_date": null, "content": null, "man_made": null, "material": null, "source": null, "water": null, "cuisine": null, "layer": null, "contact:facebook": null, "type": null, "building:parts": null, "contact:email": null, "contact:phone": null, "height": 6.0 }, "geometry": { "type": "Polygon", "coordinates": [ [ [ 14.8263826, 40.6481619 ], [ 14.8264735, 40.6481047 ], [ 14.8265793, 40.6481957 ], [ 14.8267518, 40.6480825 ], [ 14.8263758, 40.6477457 ], [ 14.8262183, 40.6478536 ], [ 14.8261178, 40.6477739 ], [ 14.8260208, 40.6478403 ], [ 14.8263826, 40.6481619 ] ] ] } },
{ "type": "Feature", "properties": { "element": "way", "id": 241115756, "building": "yes", "amenity": null, "name": null, "denomination": null, "religion": null, "wikidata": null, "government": null, "office": null, "abandoned": null, "operator": null, "operator:wikidata": null, "wheelchair": null, "building:levels": null, "roof:levels": null, "addr:city": null, "addr:street": null, "alt_name": null, "leisure": null, "sport": null, "addr:postcode": null, "brand": null, "brand:wikidata": null, "opening_hours": null, "phone": null, "website": null, "shop": null, "addr:country": null, "addr:housenumber": null, "air_conditioning": null, "email": null, "fax": null, "internet_access": null, "internet_access:fee": null, "payment:mastercard": null, "payment:visa": null, "roof:shape": null, "rooms": null, "stars": null, "tourism": null, "check_date": null, "content": null, "man_made": null, "material": null, "source": null, "water": null, "cuisine": null, "layer": null, "contact:facebook": null, "type": null, "building:parts": null, "contact:email": null, "contact:phone": null, "height": 6.0 }, "geometry": { "type": "Polygon", "coordinates": [ [ [ 14.8263407, 40.6485119 ], [ 14.826509, 40.648658 ], [ 14.8267547, 40.6484948 ], [ 14.8268027, 40.6484629 ], [ 14.8267057, 40.64839 ], [ 14.8266477, 40.6484234 ], [ 14.8266287, 40.6484343 ], [ 14.826568, 40.6484021 ], [ 14.8264998, 40.6483957 ], [ 14.8263407, 40.6485119 ] ] ] } },
{ "type": "Feature", "properties": { "element": "way", "id": 241115757, "building": "yes", "amenity": null, "name": null, "denomination": null, "religion": null, "wikidata": null, "government": null, "office": null, "abandoned": null, "operator": null, "operator:wikidata": null, "wheelchair": null, "building:levels": null, "roof:levels": null, "addr:city": null, "addr:street": null, "alt_name": null, "leisure": null, "sport": null, "addr:postcode": null, "brand": null, "brand:wikidata": null, "opening_hours": null, "phone": null, "website": null, "shop": null, "addr:country": null, "addr:housenumber": null, "air_conditioning": null, "email": null, "fax": null, "internet_access": null, "internet_access:fee": null, "payment:mastercard": null, "payment:visa": null, "roof:shape": null, "rooms": null, "stars": null, "tourism": null, "check_date": null, "content": null, "man_made": null, "material": null, "source": null, "water": null, "cuisine": null, "layer": null, "contact:facebook": null, "type": null, "building:parts": null, "contact:email": null, "contact:phone": null, "height": 6.0 }, "geometry": { "type": "Polygon", "coordinates": [ [ [ 14.8268027, 40.6484629 ], [ 14.8269891, 40.6483479 ], [ 14.8269166, 40.6482618 ], [ 14.8268296, 40.6482168 ], [ 14.8266358, 40.6483098 ], [ 14.8267057, 40.64839 ], [ 14.8268027, 40.6484629 ] ] ] } },
{ "type": "Feature", "properties": { "element": "way", "id": 241115758, "building": "yes", "amenity": null, "name": null, "denomination": null, "religion": null, "wikidata": null, "government": null, "office": null, "abandoned": null, "operator": null, "operator:wikidata": null, "wheelchair": null, "building:levels": null, "roof:levels": null, "addr:city": null, "addr:street": null, "alt_name": null, "leisure": null, "sport": null, "addr:postcode": null, "brand": null, "brand:wikidata": null, "opening_hours": null, "phone": null, "website": null, "shop": null, "addr:country": null, "addr:housenumber": null, "air_conditioning": null, "email": null, "fax": null, "internet_access": null, "internet_access:fee": null, "payment:mastercard": null, "payment:visa": null, "roof:shape": null, "rooms": null, "stars": null, "tourism": null, "check_date": null, "content": null, "man_made": null, "material": null, "source": null, "water": null, "cuisine": null, "layer": null, "contact:facebook": null, "type": null, "building:parts": null, "contact:email": null, "contact:phone": null, "height": 6.0 }, "geometry": { "type": "Polygon", "coordinates": [ [ [ 14.8271138, 40.6482679 ], [ 14.8273497, 40.6481295 ], [ 14.8272302, 40.6480122 ], [ 14.827025, 40.6481325 ], [ 14.8269942, 40.6481506 ], [ 14.8271138, 40.6482679 ] ] ] } },
{ "type": "Feature", "properties": { "element": "way", "id": 241115759, "building": "yes", "amenity": null, "name": null, "denomination": null, "religion": null, "wikidata": null, "government": null, "office": null, "abandoned": null, "operator": null, "operator:wikidata": null, "wheelchair": null, "building:levels": null, "roof:levels": null, "addr:city": null, "addr:street": null, "alt_name": null, "leisure": null, "sport": null, "addr:postcode": null, "brand": null, "brand:wikidata": null, "opening_hours": null, "phone": null, "website": null, "shop": null, "addr:country": null, "addr:housenumber": null, "air_conditioning": null, "email": null, "fax": null, "internet_access": null, "internet_access:fee": null, "payment:mastercard": null, "payment:visa": null, "roof:shape": null, "rooms": null, "stars": null, "tourism": null, "check_date": null, "content": null, "man_made": null, "material": null, "source": null, "water": null, "cuisine": null, "layer": null, "contact:facebook": null, "type": null, "building:parts": null, "contact:email": null, "contact:phone": null, "height": 6.0 }, "geometry": { "type": "Polygon", "coordinates": [ [ [ 14.8275494, 40.6480441 ], [ 14.8270005, 40.6475055 ], [ 14.8271388, 40.6474247 ], [ 14.8276951, 40.6479562 ], [ 14.8275494, 40.6480441 ] ] ] } },
{ "type": "Feature", "properties": { "element": "way", "id": 241115760, "building": "yes", "amenity": null, "name": null, "denomination": null, "religion": null, "wikidata": null, "government": null, "office": null, "abandoned": null, "operator": null, "operator:wikidata": null, "wheelchair": null, "building:levels": null, "roof:levels": null, "addr:city": null, "addr:street": null, "alt_name": null, "leisure": null, "sport": null, "addr:postcode": null, "brand": null, "brand:wikidata": null, "opening_hours": null, "phone": null, "website": null, "shop": null, "addr:country": null, "addr:housenumber": null, "air_conditioning": null, "email": null, "fax": null, "internet_access": null, "internet_access:fee": null, "payment:mastercard": null, "payment:visa": null, "roof:shape": null, "rooms": null, "stars": null, "tourism": null, "check_date": null, "content": null, "man_made": null, "material": null, "source": null, "water": null, "cuisine": null, "layer": null, "contact:facebook": null, "type": null, "building:parts": null, "contact:email": null, "contact:phone": null, "height": 6.0 }, "geometry": { "type": "Polygon", "coordinates": [ [ [ 14.827576, 40.6477501 ], [ 14.8278765, 40.6475611 ], [ 14.8276966, 40.6473737 ], [ 14.8276037, 40.647288 ], [ 14.8272201, 40.647414 ], [ 14.827576, 40.6477501 ] ] ] } },
{ "type": "Feature", "properties": { "element": "way", "id": 241115761, "building": "yes", "amenity": null, "name": null, "denomination": null, "religion": null, "wikidata": null, "government": null, "office": null, "abandoned": null, "operator": null, "operator:wikidata": null, "wheelchair": null, "building:levels": null, "roof:levels": null, "addr:city": null, "addr:street": null, "alt_name": null, "leisure": null, "sport": null, "addr:postcode": null, "brand": null, "brand:wikidata": null, "opening_hours": null, "phone": null, "website": null, "shop": null, "addr:country": null, "addr:housenumber": null, "air_conditioning": null, "email": null, "fax": null, "internet_access": null, "internet_access:fee": null, "payment:mastercard": null, "payment:visa": null, "roof:shape": null, "rooms": null, "stars": null, "tourism": null, "check_date": null, "content": null, "man_made": null, "material": null, "source": null, "water": null, "cuisine": null, "layer": null, "contact:facebook": null, "type": null, "building:parts": null, "contact:email": null, "contact:phone": null, "height": 6.0 }, "geometry": { "type": "Polygon", "coordinates": [ [ [ 14.8279202, 40.6475955 ], [ 14.8279945, 40.6475524 ], [ 14.8277709, 40.6473306 ], [ 14.8276966, 40.6473737 ], [ 14.8279202, 40.6475955 ] ] ] } },
{ "type": "Feature", "properties": { "element": "way", "id": 241115762, "building": "yes", "amenity": null, "name": "Caseficio San Leonardo", "denomination": null, "religion": null, "wikidata": null, "government": null, "office": null, "abandoned": null, "operator": null, "operator:wikidata": null, "wheelchair": null, "building:levels": null, "roof:levels": null, "addr:city": "Salerno", "addr:street": "Via San Leonardo", "alt_name": null, "leisure": null, "sport": null, "addr:postcode": "84131", "brand": null, "brand:wikidata": null, "opening_hours": null, "phone": null, "website": null, "shop": "food", "addr:country": null, "addr:housenumber": "110", "air_conditioning": null, "email": null, "fax": null, "internet_access": null, "internet_access:fee": null, "payment:mastercard": null, "payment:visa": null, "roof:shape": null, "rooms": null, "stars": null, "tourism": null, "check_date": null, "content": null, "man_made": null, "material": null, "source": null, "water": null, "cuisine": null, "layer": null, "contact:facebook": null, "type": null, "building:parts": null, "contact:email": null, "contact:phone": null, "height": 6.0 }, "geometry": { "type": "Polygon", "coordinates": [ [ [ 14.8283648, 40.6475851 ], [ 14.8279589, 40.6472046 ], [ 14.828058, 40.6471437 ], [ 14.8282219, 40.6472974 ], [ 14.8284639, 40.6475243 ], [ 14.8283648, 40.6475851 ] ] ] } },
{ "type": "Feature", "properties": { "element": "way", "id": 241115763, "building": "yes", "amenity": null, "name": null, "denomination": null, "religion": null, "wikidata": null, "government": null, "office": null, "abandoned": null, "operator": null, "operator:wikidata": null, "wheelchair": null, "building:levels": null, "roof:levels": null, "addr:city": null, "addr:street": null, "alt_name": null, "leisure": null, "sport": null, "addr:postcode": null, "brand": null, "brand:wikidata": null, "opening_hours": null, "phone": null, "website": null, "shop": null, "addr:country": null, "addr:housenumber": null, "air_conditioning": null, "email": null, "fax": null, "internet_access": null, "internet_access:fee": null, "payment:mastercard": null, "payment:visa": null, "roof:shape": null, "rooms": null, "stars": null, "tourism": null, "check_date": null, "content": null, "man_made": null, "material": null, "source": null, "water": null, "cuisine": null, "layer": null, "contact:facebook": null, "type": null, "building:parts": null, "contact:email": null, "contact:phone": null, "height": 6.0 }, "geometry": { "type": "Polygon", "coordinates": [ [ [ 14.8287357, 40.6472926 ], [ 14.8288994, 40.6472064 ], [ 14.82878, 40.6470758 ], [ 14.8286163, 40.6471621 ], [ 14.8287357, 40.6472926 ] ] ] } },
{ "type": "Feature", "properties": { "element": "way", "id": 241115764, "building": "yes", "amenity": null, "name": null, "denomination": null, "religion": null, "wikidata": null, "government": null, "office": null, "abandoned": null, "operator": null, "operator:wikidata": null, "wheelchair": null, "building:levels": null, "roof:levels": null, "addr:city": null, "addr:street": null, "alt_name": null, "leisure": null, "sport": null, "addr:postcode": null, "brand": null, "brand:wikidata": null, "opening_hours": null, "phone": null, "website": null, "shop": null, "addr:country": null, "addr:housenumber": null, "air_conditioning": null, "email": null, "fax": null, "internet_access": null, "internet_access:fee": null, "payment:mastercard": null, "payment:visa": null, "roof:shape": null, "rooms": null, "stars": null, "tourism": null, "check_date": null, "content": null, "man_made": null, "material": null, "source": null, "water": null, "cuisine": null, "layer": null, "contact:facebook": null, "type": null, "building:parts": null, "contact:email": null, "contact:phone": null, "height": 6.0 }, "geometry": { "type": "Polygon", "coordinates": [ [ [ 14.828992, 40.6471454 ], [ 14.8291999, 40.6470369 ], [ 14.8290855, 40.6469108 ], [ 14.8288776, 40.6470192 ], [ 14.828992, 40.6471454 ] ] ] } },
{ "type": "Feature", "properties": { "element": "way", "id": 241115765, "building": "yes", "amenity": null, "name": null, "denomination": null, "religion": null, "wikidata": null, "government": null, "office": null, "abandoned": null, "operator": null, "operator:wikidata": null, "wheelchair": null, "building:levels": null, "roof:levels": null, "addr:city": null, "addr:street": null, "alt_name": null, "leisure": null, "sport": null, "addr:postcode": null, "brand": null, "brand:wikidata": null, "opening_hours": null, "phone": null, "website": null, "shop": null, "addr:country": null, "addr:housenumber": null, "air_conditioning": null, "email": null, "fax": null, "internet_access": null, "internet_access:fee": null, "payment:mastercard": null, "payment:visa": null, "roof:shape": null, "rooms": null, "stars": null, "tourism": null, "check_date": null, "content": null, "man_made": null, "material": null, "source": null, "water": null, "cuisine": null, "layer": null, "contact:facebook": null, "type": null, "building:parts": null, "contact:email": null, "contact:phone": null, "height": 6.0 }, "geometry": { "type": "Polygon", "coordinates": [ [ [ 14.8293752, 40.647162 ], [ 14.829996, 40.646979 ], [ 14.8298869, 40.6467653 ], [ 14.8298734, 40.646739 ], [ 14.8297152, 40.64679 ], [ 14.8297271, 40.646865 ], [ 14.829565, 40.646904 ], [ 14.8296045, 40.646994 ], [ 14.8293317, 40.647075 ], [ 14.8293752, 40.647162 ] ] ] } },
{ "type": "Feature", "properties": { "element": "way", "id": 241115766, "building": "yes", "amenity": null, "name": null, "denomination": null, "religion": null, "wikidata": null, "government": null, "office": null, "abandoned": null, "operator": null, "operator:wikidata": null, "wheelchair": null, "building:levels": null, "roof:levels": null, "addr:city": null, "addr:street": null, "alt_name": null, "leisure": null, "sport": null, "addr:postcode": null, "brand": null, "brand:wikidata": null, "opening_hours": null, "phone": null, "website": null, "shop": null, "addr:country": null, "addr:housenumber": null, "air_conditioning": null, "email": null, "fax": null, "internet_access": null, "internet_access:fee": null, "payment:mastercard": null, "payment:visa": null, "roof:shape": null, "rooms": null, "stars": null, "tourism": null, "check_date": null, "content": null, "man_made": null, "material": null, "source": null, "water": null, "cuisine": null, "layer": null, "contact:facebook": null, "type": null, "building:parts": null, "contact:email": null, "contact:phone": null, "height": 6.0 }, "geometry": { "type": "Polygon", "coordinates": [ [ [ 14.8300028, 40.6472365 ], [ 14.8303454, 40.6472177 ], [ 14.8303454, 40.6470784 ], [ 14.8299835, 40.647105 ], [ 14.8300028, 40.6472365 ] ] ] } },
{ "type": "Feature", "properties": { "element": "way", "id": 241115767, "building": "yes", "amenity": null, "name": null, "denomination": null, "religion": null, "wikidata": null, "government": null, "office": null, "abandoned": null, "operator": null, "operator:wikidata": null, "wheelchair": null, "building:levels": null, "roof:levels": null, "addr:city": null, "addr:street": null, "alt_name": null, "leisure": null, "sport": null, "addr:postcode": null, "brand": null, "brand:wikidata": null, "opening_hours": null, "phone": null, "website": null, "shop": null, "addr:country": null, "addr:housenumber": null, "air_conditioning": null, "email": null, "fax": null, "internet_access": null, "internet_access:fee": null, "payment:mastercard": null, "payment:visa": null, "roof:shape": null, "rooms": null, "stars": null, "tourism": null, "check_date": null, "content": null, "man_made": null, "material": null, "source": null, "water": null, "cuisine": null, "layer": null, "contact:facebook": null, "type": null, "building:parts": null, "contact:email": null, "contact:phone": null, "height": 6.0 }, "geometry": { "type": "Polygon", "coordinates": [ [ [ 14.8307943, 40.6474079 ], [ 14.8311994, 40.6474123 ], [ 14.8311994, 40.6471447 ], [ 14.830851, 40.6471062 ], [ 14.8308516, 40.6471682 ], [ 14.830791, 40.6471676 ], [ 14.8307943, 40.6474079 ] ] ] } },
{ "type": "Feature", "properties": { "element": "way", "id": 241115768, "building": "yes", "amenity": null, "name": null, "denomination": null, "religion": null, "wikidata": null, "government": null, "office": null, "abandoned": null, "operator": null, "operator:wikidata": null, "wheelchair": null, "building:levels": null, "roof:levels": null, "addr:city": null, "addr:street": null, "alt_name": null, "leisure": null, "sport": null, "addr:postcode": null, "brand": null, "brand:wikidata": null, "opening_hours": null, "phone": null, "website": null, "shop": null, "addr:country": null, "addr:housenumber": null, "air_conditioning": null, "email": null, "fax": null, "internet_access": null, "internet_access:fee": null, "payment:mastercard": null, "payment:visa": null, "roof:shape": null, "rooms": null, "stars": null, "tourism": null, "check_date": null, "content": null, "man_made": null, "material": null, "source": null, "water": null, "cuisine": null, "layer": null, "contact:facebook": null, "type": null, "building:parts": null, "contact:email": null, "contact:phone": null, "height": 6.0 }, "geometry": { "type": "Polygon", "coordinates": [ [ [ 14.8303454, 40.6472177 ], [ 14.8304707, 40.6472133 ], [ 14.8305028, 40.6471646 ], [ 14.8305502, 40.647163 ], [ 14.8305493, 40.647148 ], [ 14.8305472, 40.6471148 ], [ 14.8305439, 40.6470699 ], [ 14.8303454, 40.6470784 ], [ 14.8303454, 40.6472177 ] ] ] } },
{ "type": "Feature", "properties": { "element": "way", "id": 241115769, "building": "yes", "amenity": null, "name": null, "denomination": null, "religion": null, "wikidata": null, "government": null, "office": null, "abandoned": null, "operator": null, "operator:wikidata": null, "wheelchair": null, "building:levels": null, "roof:levels": null, "addr:city": null, "addr:street": null, "alt_name": null, "leisure": null, "sport": null, "addr:postcode": null, "brand": null, "brand:wikidata": null, "opening_hours": null, "phone": null, "website": null, "shop": null, "addr:country": null, "addr:housenumber": null, "air_conditioning": null, "email": null, "fax": null, "internet_access": null, "internet_access:fee": null, "payment:mastercard": null, "payment:visa": null, "roof:shape": null, "rooms": null, "stars": null, "tourism": null, "check_date": null, "content": null, "man_made": null, "material": null, "source": null, "water": null, "cuisine": null, "layer": null, "contact:facebook": null, "type": null, "building:parts": null, "contact:email": null, "contact:phone": null, "height": 6.0 }, "geometry": { "type": "Polygon", "coordinates": [ [ [ 14.8303933, 40.6474528 ], [ 14.8304713, 40.6474516 ], [ 14.830472, 40.6474775 ], [ 14.8307228, 40.6474735 ], [ 14.8307178, 40.647292 ], [ 14.8307123, 40.6470917 ], [ 14.8306234, 40.6470903 ], [ 14.8306273, 40.6471442 ], [ 14.8305493, 40.647148 ], [ 14.8305502, 40.647163 ], [ 14.8305028, 40.6471646 ], [ 14.8304707, 40.6472133 ], [ 14.8304716, 40.6472465 ], [ 14.8306165, 40.6472442 ], [ 14.8306212, 40.6474268 ], [ 14.8303928, 40.6474302 ], [ 14.8303933, 40.6474528 ] ] ] } },
{ "type": "Feature", "properties": { "element": "way", "id": 241115770, "building": "yes", "amenity": null, "name": null, "denomination": null, "religion": null, "wikidata": null, "government": null, "office": null, "abandoned": null, "operator": null, "operator:wikidata": null, "wheelchair": null, "building:levels": null, "roof:levels": null, "addr:city": null, "addr:street": null, "alt_name": null, "leisure": null, "sport": null, "addr:postcode": null, "brand": null, "brand:wikidata": null, "opening_hours": null, "phone": null, "website": null, "shop": null, "addr:country": null, "addr:housenumber": null, "air_conditioning": null, "email": null, "fax": null, "internet_access": null, "internet_access:fee": null, "payment:mastercard": null, "payment:visa": null, "roof:shape": null, "rooms": null, "stars": null, "tourism": null, "check_date": null, "content": null, "man_made": null, "material": null, "source": null, "water": null, "cuisine": null, "layer": null, "contact:facebook": null, "type": null, "building:parts": null, "contact:email": null, "contact:phone": null, "height": 6.0 }, "geometry": { "type": "Polygon", "coordinates": [ [ [ 14.8312101, 40.6473844 ], [ 14.8313288, 40.6474085 ], [ 14.831377, 40.6472721 ], [ 14.8312582, 40.647248 ], [ 14.8312101, 40.6473844 ] ] ] } },
{ "type": "Feature", "properties": { "element": "way", "id": 241115771, "building": "yes", "amenity": null, "name": null, "denomination": null, "religion": null, "wikidata": null, "government": null, "office": null, "abandoned": null, "operator": null, "operator:wikidata": null, "wheelchair": null, "building:levels": null, "roof:levels": null, "addr:city": null, "addr:street": null, "alt_name": null, "leisure": null, "sport": null, "addr:postcode": null, "brand": null, "brand:wikidata": null, "opening_hours": null, "phone": null, "website": null, "shop": null, "addr:country": null, "addr:housenumber": null, "air_conditioning": null, "email": null, "fax": null, "internet_access": null, "internet_access:fee": null, "payment:mastercard": null, "payment:visa": null, "roof:shape": null, "rooms": null, "stars": null, "tourism": null, "check_date": null, "content": null, "man_made": null, "material": null, "source": null, "water": null, "cuisine": null, "layer": null, "contact:facebook": null, "type": null, "building:parts": null, "contact:email": null, "contact:phone": null, "height": 6.0 }, "geometry": { "type": "Polygon", "coordinates": [ [ [ 14.8300523, 40.6469319 ], [ 14.8301239, 40.6469188 ], [ 14.8301437, 40.6469488 ], [ 14.8307854, 40.6467522 ], [ 14.8308175, 40.6467016 ], [ 14.8307656, 40.6466192 ], [ 14.8305632, 40.646681 ], [ 14.8305632, 40.6467035 ], [ 14.8303189, 40.6467784 ], [ 14.8303312, 40.646814 ], [ 14.8302769, 40.6468327 ], [ 14.8302671, 40.6468027 ], [ 14.8302152, 40.6467915 ], [ 14.8301363, 40.6468102 ], [ 14.8300671, 40.6466904 ], [ 14.8301313, 40.6466829 ], [ 14.8300869, 40.6465256 ], [ 14.8298351, 40.6466061 ], [ 14.8298746, 40.6466604 ], [ 14.8298425, 40.6466735 ], [ 14.8298869, 40.6467653 ], [ 14.8299166, 40.6467746 ], [ 14.8299561, 40.6467915 ], [ 14.8299832, 40.6468364 ], [ 14.8300104, 40.6468289 ], [ 14.8300523, 40.6469319 ] ] ] } },
{ "type": "Feature", "properties": { "element": "way", "id": 241115772, "building": "yes", "amenity": null, "name": null, "denomination": null, "religion": null, "wikidata": null, "government": null, "office": null, "abandoned": null, "operator": null, "operator:wikidata": null, "wheelchair": null, "building:levels": null, "roof:levels": null, "addr:city": null, "addr:street": null, "alt_name": null, "leisure": null, "sport": null, "addr:postcode": null, "brand": null, "brand:wikidata": null, "opening_hours": null, "phone": null, "website": null, "shop": null, "addr:country": null, "addr:housenumber": null, "air_conditioning": null, "email": null, "fax": null, "internet_access": null, "internet_access:fee": null, "payment:mastercard": null, "payment:visa": null, "roof:shape": null, "rooms": null, "stars": null, "tourism": null, "check_date": null, "content": null, "man_made": null, "material": null, "source": null, "water": null, "cuisine": null, "layer": null, "contact:facebook": null, "type": null, "building:parts": null, "contact:email": null, "contact:phone": null, "height": 6.0 }, "geometry": { "type": "Polygon", "coordinates": [ [ [ 14.8303263, 40.6467278 ], [ 14.8306225, 40.6466379 ], [ 14.8305953, 40.6465293 ], [ 14.8302745, 40.646608 ], [ 14.8303263, 40.6467278 ] ] ] } },
{ "type": "Feature", "properties": { "element": "way", "id": 241115773, "building": "yes", "amenity": null, "name": null, "denomination": null, "religion": null, "wikidata": null, "government": null, "office": null, "abandoned": null, "operator": null, "operator:wikidata": null, "wheelchair": null, "building:levels": null, "roof:levels": null, "addr:city": null, "addr:street": null, "alt_name": null, "leisure": null, "sport": null, "addr:postcode": null, "brand": null, "brand:wikidata": null, "opening_hours": null, "phone": null, "website": null, "shop": null, "addr:country": null, "addr:housenumber": null, "air_conditioning": null, "email": null, "fax": null, "internet_access": null, "internet_access:fee": null, "payment:mastercard": null, "payment:visa": null, "roof:shape": null, "rooms": null, "stars": null, "tourism": null, "check_date": null, "content": null, "man_made": null, "material": null, "source": null, "water": null, "cuisine": null, "layer": null, "contact:facebook": null, "type": null, "building:parts": null, "contact:email": null, "contact:phone": null, "height": 6.0 }, "geometry": { "type": "Polygon", "coordinates": [ [ [ 14.8296253, 40.6474226 ], [ 14.8297858, 40.6474207 ], [ 14.8297864, 40.6474407 ], [ 14.8299339, 40.6474413 ], [ 14.8299215, 40.6473027 ], [ 14.8297932, 40.6473083 ], [ 14.8297882, 40.6472877 ], [ 14.8297562, 40.6472784 ], [ 14.8296204, 40.6472859 ], [ 14.8296253, 40.6474226 ] ] ] } },
{ "type": "Feature", "properties": { "element": "way", "id": 241115774, "building": "yes", "amenity": null, "name": null, "denomination": null, "religion": null, "wikidata": null, "government": null, "office": null, "abandoned": null, "operator": null, "operator:wikidata": null, "wheelchair": null, "building:levels": null, "roof:levels": null, "addr:city": null, "addr:street": null, "alt_name": null, "leisure": null, "sport": null, "addr:postcode": null, "brand": null, "brand:wikidata": null, "opening_hours": null, "phone": null, "website": null, "shop": null, "addr:country": null, "addr:housenumber": null, "air_conditioning": null, "email": null, "fax": null, "internet_access": null, "internet_access:fee": null, "payment:mastercard": null, "payment:visa": null, "roof:shape": null, "rooms": null, "stars": null, "tourism": null, "check_date": null, "content": null, "man_made": null, "material": null, "source": null, "water": null, "cuisine": null, "layer": null, "contact:facebook": null, "type": null, "building:parts": null, "contact:email": null, "contact:phone": null, "height": 6.0 }, "geometry": { "type": "Polygon", "coordinates": [ [ [ 14.8305361, 40.646945 ], [ 14.8308866, 40.6469862 ], [ 14.8308747, 40.6467923 ], [ 14.8307876, 40.646799 ], [ 14.8305238, 40.6468983 ], [ 14.8305361, 40.646945 ] ] ] } },
{ "type": "Feature", "properties": { "element": "way", "id": 241115775, "building": "yes", "amenity": null, "name": null, "denomination": null, "religion": null, "wikidata": null, "government": null, "office": null, "abandoned": null, "operator": null, "operator:wikidata": null, "wheelchair": null, "building:levels": null, "roof:levels": null, "addr:city": null, "addr:street": null, "alt_name": null, "leisure": null, "sport": null, "addr:postcode": null, "brand": null, "brand:wikidata": null, "opening_hours": null, "phone": null, "website": null, "shop": null, "addr:country": null, "addr:housenumber": null, "air_conditioning": null, "email": null, "fax": null, "internet_access": null, "internet_access:fee": null, "payment:mastercard": null, "payment:visa": null, "roof:shape": null, "rooms": null, "stars": null, "tourism": null, "check_date": null, "content": null, "man_made": null, "material": null, "source": null, "water": null, "cuisine": null, "layer": null, "contact:facebook": null, "type": null, "building:parts": null, "contact:email": null, "contact:phone": null, "height": 6.0 }, "geometry": { "type": "Polygon", "coordinates": [ [ [ 14.8309932, 40.6470001 ], [ 14.8312483, 40.6470583 ], [ 14.831303, 40.6469203 ], [ 14.8310224, 40.6468563 ], [ 14.8309932, 40.6470001 ] ] ] } },
{ "type": "Feature", "properties": { "element": "way", "id": 241115776, "building": "yes", "amenity": null, "name": null, "denomination": null, "religion": null, "wikidata": null, "government": null, "office": null, "abandoned": null, "operator": null, "operator:wikidata": null, "wheelchair": null, "building:levels": null, "roof:levels": null, "addr:city": null, "addr:street": null, "alt_name": null, "leisure": null, "sport": null, "addr:postcode": null, "brand": null, "brand:wikidata": null, "opening_hours": null, "phone": null, "website": null, "shop": null, "addr:country": null, "addr:housenumber": null, "air_conditioning": null, "email": null, "fax": null, "internet_access": null, "internet_access:fee": null, "payment:mastercard": null, "payment:visa": null, "roof:shape": null, "rooms": null, "stars": null, "tourism": null, "check_date": null, "content": null, "man_made": null, "material": null, "source": null, "water": null, "cuisine": null, "layer": null, "contact:facebook": null, "type": null, "building:parts": null, "contact:email": null, "contact:phone": null, "height": 6.0 }, "geometry": { "type": "Polygon", "coordinates": [ [ [ 14.8314354, 40.6467622 ], [ 14.8315763, 40.6467179 ], [ 14.8315074, 40.6465918 ], [ 14.8313665, 40.6466362 ], [ 14.8314354, 40.6467622 ] ] ] } },
{ "type": "Feature", "properties": { "element": "way", "id": 241115777, "building": "yes", "amenity": null, "name": null, "denomination": null, "religion": null, "wikidata": null, "government": null, "office": null, "abandoned": null, "operator": null, "operator:wikidata": null, "wheelchair": null, "building:levels": null, "roof:levels": null, "addr:city": null, "addr:street": null, "alt_name": null, "leisure": null, "sport": null, "addr:postcode": null, "brand": null, "brand:wikidata": null, "opening_hours": null, "phone": null, "website": null, "shop": null, "addr:country": null, "addr:housenumber": null, "air_conditioning": null, "email": null, "fax": null, "internet_access": null, "internet_access:fee": null, "payment:mastercard": null, "payment:visa": null, "roof:shape": null, "rooms": null, "stars": null, "tourism": null, "check_date": null, "content": null, "man_made": null, "material": null, "source": null, "water": null, "cuisine": null, "layer": null, "contact:facebook": null, "type": null, "building:parts": null, "contact:email": null, "contact:phone": null, "height": 6.0 }, "geometry": { "type": "Polygon", "coordinates": [ [ [ 14.8317235, 40.6467535 ], [ 14.8319229, 40.646691 ], [ 14.8318765, 40.6466058 ], [ 14.8320273, 40.6465585 ], [ 14.8320601, 40.6466189 ], [ 14.8321873, 40.646579 ], [ 14.8321391, 40.6464906 ], [ 14.8321878, 40.6464753 ], [ 14.8321551, 40.6464153 ], [ 14.8317172, 40.6465526 ], [ 14.8317395, 40.6465934 ], [ 14.8316514, 40.646621 ], [ 14.8317235, 40.6467535 ] ] ] } },
{ "type": "Feature", "properties": { "element": "way", "id": 241115812, "building": "yes", "amenity": null, "name": null, "denomination": null, "religion": null, "wikidata": null, "government": null, "office": null, "abandoned": null, "operator": null, "operator:wikidata": null, "wheelchair": null, "building:levels": null, "roof:levels": null, "addr:city": null, "addr:street": null, "alt_name": null, "leisure": null, "sport": null, "addr:postcode": null, "brand": null, "brand:wikidata": null, "opening_hours": null, "phone": null, "website": null, "shop": null, "addr:country": null, "addr:housenumber": null, "air_conditioning": null, "email": null, "fax": null, "internet_access": null, "internet_access:fee": null, "payment:mastercard": null, "payment:visa": null, "roof:shape": null, "rooms": null, "stars": null, "tourism": null, "check_date": null, "content": null, "man_made": null, "material": null, "source": null, "water": null, "cuisine": null, "layer": null, "contact:facebook": null, "type": null, "building:parts": null, "contact:email": null, "contact:phone": null, "height": 6.0 }, "geometry": { "type": "Polygon", "coordinates": [ [ [ 14.8316149, 40.647068 ], [ 14.8324056, 40.6469666 ], [ 14.8323391, 40.6466681 ], [ 14.8321835, 40.6466881 ], [ 14.832224, 40.6468701 ], [ 14.831589, 40.6469515 ], [ 14.8316149, 40.647068 ] ] ] } },
{ "type": "Feature", "properties": { "element": "way", "id": 241119233, "building": "greenhouse", "amenity": null, "name": null, "denomination": null, "religion": null, "wikidata": null, "government": null, "office": null, "abandoned": null, "operator": null, "operator:wikidata": null, "wheelchair": null, "building:levels": null, "roof:levels": null, "addr:city": null, "addr:street": null, "alt_name": null, "leisure": null, "sport": null, "addr:postcode": null, "brand": null, "brand:wikidata": null, "opening_hours": null, "phone": null, "website": null, "shop": null, "addr:country": null, "addr:housenumber": null, "air_conditioning": null, "email": null, "fax": null, "internet_access": null, "internet_access:fee": null, "payment:mastercard": null, "payment:visa": null, "roof:shape": null, "rooms": null, "stars": null, "tourism": null, "check_date": null, "content": null, "man_made": null, "material": null, "source": null, "water": null, "cuisine": null, "layer": null, "contact:facebook": null, "type": null, "building:parts": null, "contact:email": null, "contact:phone": null, "height": 6.0 }, "geometry": { "type": "Polygon", "coordinates": [ [ [ 14.834468, 40.6379181 ], [ 14.8349481, 40.638257 ], [ 14.8355627, 40.6377797 ], [ 14.8350729, 40.6374299 ], [ 14.834468, 40.6379181 ] ] ] } },
{ "type": "Feature", "properties": { "element": "way", "id": 241119234, "building": "greenhouse", "amenity": null, "name": null, "denomination": null, "religion": null, "wikidata": null, "government": null, "office": null, "abandoned": null, "operator": null, "operator:wikidata": null, "wheelchair": null, "building:levels": null, "roof:levels": null, "addr:city": null, "addr:street": null, "alt_name": null, "leisure": null, "sport": null, "addr:postcode": null, "brand": null, "brand:wikidata": null, "opening_hours": null, "phone": null, "website": null, "shop": null, "addr:country": null, "addr:housenumber": null, "air_conditioning": null, "email": null, "fax": null, "internet_access": null, "internet_access:fee": null, "payment:mastercard": null, "payment:visa": null, "roof:shape": null, "rooms": null, "stars": null, "tourism": null, "check_date": null, "content": null, "man_made": null, "material": null, "source": null, "water": null, "cuisine": null, "layer": null, "contact:facebook": null, "type": null, "building:parts": null, "contact:email": null, "contact:phone": null, "height": 6.0 }, "geometry": { "type": "Polygon", "coordinates": [ [ [ 14.8336566, 40.6380201 ], [ 14.8339302, 40.6382205 ], [ 14.8357355, 40.6368142 ], [ 14.8354666, 40.6366028 ], [ 14.8336566, 40.6380201 ] ] ] } },
{ "type": "Feature", "properties": { "element": "way", "id": 241119237, "building": "greenhouse", "amenity": null, "name": null, "denomination": null, "religion": null, "wikidata": null, "government": null, "office": null, "abandoned": null, "operator": null, "operator:wikidata": null, "wheelchair": null, "building:levels": null, "roof:levels": null, "addr:city": null, "addr:street": null, "alt_name": null, "leisure": null, "sport": null, "addr:postcode": null, "brand": null, "brand:wikidata": null, "opening_hours": null, "phone": null, "website": null, "shop": null, "addr:country": null, "addr:housenumber": null, "air_conditioning": null, "email": null, "fax": null, "internet_access": null, "internet_access:fee": null, "payment:mastercard": null, "payment:visa": null, "roof:shape": null, "rooms": null, "stars": null, "tourism": null, "check_date": null, "content": null, "man_made": null, "material": null, "source": null, "water": null, "cuisine": null, "layer": null, "contact:facebook": null, "type": null, "building:parts": null, "contact:email": null, "contact:phone": null, "height": 6.0 }, "geometry": { "type": "Polygon", "coordinates": [ [ [ 14.8350777, 40.6373898 ], [ 14.835337, 40.6375756 ], [ 14.836062, 40.63704 ], [ 14.8357883, 40.636836 ], [ 14.8350777, 40.6373898 ] ] ] } },
{ "type": "Feature", "properties": { "element": "way", "id": 241119238, "building": "greenhouse", "amenity": null, "name": null, "denomination": null, "religion": null, "wikidata": null, "government": null, "office": null, "abandoned": null, "operator": null, "operator:wikidata": null, "wheelchair": null, "building:levels": null, "roof:levels": null, "addr:city": null, "addr:street": null, "alt_name": null, "leisure": null, "sport": null, "addr:postcode": null, "brand": null, "brand:wikidata": null, "opening_hours": null, "phone": null, "website": null, "shop": null, "addr:country": null, "addr:housenumber": null, "air_conditioning": null, "email": null, "fax": null, "internet_access": null, "internet_access:fee": null, "payment:mastercard": null, "payment:visa": null, "roof:shape": null, "rooms": null, "stars": null, "tourism": null, "check_date": null, "content": null, "man_made": null, "material": null, "source": null, "water": null, "cuisine": null, "layer": null, "contact:facebook": null, "type": null, "building:parts": null, "contact:email": null, "contact:phone": null, "height": 6.0 }, "geometry": { "type": "Polygon", "coordinates": [ [ [ 14.8339734, 40.638246 ], [ 14.8344728, 40.6385994 ], [ 14.8347176, 40.6384245 ], [ 14.8342231, 40.6380639 ], [ 14.8339734, 40.638246 ] ] ] } },
{ "type": "Feature", "properties": { "element": "way", "id": 242016115, "building": "yes", "amenity": null, "name": null, "denomination": null, "religion": null, "wikidata": null, "government": null, "office": null, "abandoned": null, "operator": null, "operator:wikidata": null, "wheelchair": null, "building:levels": null, "roof:levels": null, "addr:city": null, "addr:street": null, "alt_name": null, "leisure": null, "sport": null, "addr:postcode": null, "brand": null, "brand:wikidata": null, "opening_hours": null, "phone": null, "website": null, "shop": null, "addr:country": null, "addr:housenumber": null, "air_conditioning": null, "email": null, "fax": null, "internet_access": null, "internet_access:fee": null, "payment:mastercard": null, "payment:visa": null, "roof:shape": null, "rooms": null, "stars": null, "tourism": null, "check_date": null, "content": null, "man_made": null, "material": null, "source": null, "water": null, "cuisine": null, "layer": null, "contact:facebook": null, "type": null, "building:parts": null, "contact:email": null, "contact:phone": null, "height": 6.0 }, "geometry": { "type": "Polygon", "coordinates": [ [ [ 14.8336526, 40.6323131 ], [ 14.8337593, 40.6323941 ], [ 14.8338075, 40.6323602 ], [ 14.8338488, 40.6323994 ], [ 14.8339142, 40.6323523 ], [ 14.8338729, 40.6323184 ], [ 14.8339142, 40.6322896 ], [ 14.8338006, 40.6321956 ], [ 14.8336526, 40.6323131 ] ] ] } },
{ "type": "Feature", "properties": { "element": "way", "id": 242016116, "building": "yes", "amenity": null, "name": null, "denomination": null, "religion": null, "wikidata": null, "government": null, "office": null, "abandoned": null, "operator": null, "operator:wikidata": null, "wheelchair": null, "building:levels": null, "roof:levels": null, "addr:city": null, "addr:street": null, "alt_name": null, "leisure": null, "sport": null, "addr:postcode": null, "brand": null, "brand:wikidata": null, "opening_hours": null, "phone": null, "website": null, "shop": null, "addr:country": null, "addr:housenumber": null, "air_conditioning": null, "email": null, "fax": null, "internet_access": null, "internet_access:fee": null, "payment:mastercard": null, "payment:visa": null, "roof:shape": null, "rooms": null, "stars": null, "tourism": null, "check_date": null, "content": null, "man_made": null, "material": null, "source": null, "water": null, "cuisine": null, "layer": null, "contact:facebook": null, "type": null, "building:parts": null, "contact:email": null, "contact:phone": null, "height": 6.0 }, "geometry": { "type": "Polygon", "coordinates": [ [ [ 14.834193, 40.6323393 ], [ 14.8342963, 40.632415 ], [ 14.8344547, 40.6322949 ], [ 14.8343548, 40.6322139 ], [ 14.834193, 40.6323393 ] ] ] } },
{ "type": "Feature", "properties": { "element": "way", "id": 242016117, "building": "yes", "amenity": null, "name": null, "denomination": null, "religion": null, "wikidata": null, "government": null, "office": null, "abandoned": null, "operator": null, "operator:wikidata": null, "wheelchair": null, "building:levels": null, "roof:levels": null, "addr:city": null, "addr:street": null, "alt_name": null, "leisure": null, "sport": null, "addr:postcode": null, "brand": null, "brand:wikidata": null, "opening_hours": null, "phone": null, "website": null, "shop": null, "addr:country": null, "addr:housenumber": null, "air_conditioning": null, "email": null, "fax": null, "internet_access": null, "internet_access:fee": null, "payment:mastercard": null, "payment:visa": null, "roof:shape": null, "rooms": null, "stars": null, "tourism": null, "check_date": null, "content": null, "man_made": null, "material": null, "source": null, "water": null, "cuisine": null, "layer": null, "contact:facebook": null, "type": null, "building:parts": null, "contact:email": null, "contact:phone": null, "height": 6.0 }, "geometry": { "type": "Polygon", "coordinates": [ [ [ 14.8342206, 40.6325039 ], [ 14.8342688, 40.6325352 ], [ 14.8343548, 40.6324803 ], [ 14.8343066, 40.6324438 ], [ 14.8342206, 40.6325039 ] ] ] } },
{ "type": "Feature", "properties": { "element": "way", "id": 242016118, "building": "yes", "amenity": null, "name": null, "denomination": null, "religion": null, "wikidata": null, "government": null, "office": null, "abandoned": null, "operator": null, "operator:wikidata": null, "wheelchair": null, "building:levels": null, "roof:levels": null, "addr:city": null, "addr:street": null, "alt_name": null, "leisure": null, "sport": null, "addr:postcode": null, "brand": null, "brand:wikidata": null, "opening_hours": null, "phone": null, "website": null, "shop": null, "addr:country": null, "addr:housenumber": null, "air_conditioning": null, "email": null, "fax": null, "internet_access": null, "internet_access:fee": null, "payment:mastercard": null, "payment:visa": null, "roof:shape": null, "rooms": null, "stars": null, "tourism": null, "check_date": null, "content": null, "man_made": null, "material": null, "source": null, "water": null, "cuisine": null, "layer": null, "contact:facebook": null, "type": null, "building:parts": null, "contact:email": null, "contact:phone": null, "height": 6.0 }, "geometry": { "type": "Polygon", "coordinates": [ [ [ 14.8339073, 40.6326658 ], [ 14.8340209, 40.6325927 ], [ 14.8341139, 40.6326684 ], [ 14.8340932, 40.6326867 ], [ 14.834138, 40.6327181 ], [ 14.8342137, 40.6326684 ], [ 14.8341655, 40.6326371 ], [ 14.8341965, 40.6326188 ], [ 14.8340726, 40.6325091 ], [ 14.8338763, 40.6326423 ], [ 14.8339073, 40.6326658 ] ] ] } },
{ "type": "Feature", "properties": { "element": "way", "id": 242016119, "building": "yes", "amenity": null, "name": null, "denomination": null, "religion": null, "wikidata": null, "government": null, "office": null, "abandoned": null, "operator": null, "operator:wikidata": null, "wheelchair": null, "building:levels": null, "roof:levels": null, "addr:city": null, "addr:street": null, "alt_name": null, "leisure": null, "sport": null, "addr:postcode": null, "brand": null, "brand:wikidata": null, "opening_hours": null, "phone": null, "website": null, "shop": null, "addr:country": null, "addr:housenumber": null, "air_conditioning": null, "email": null, "fax": null, "internet_access": null, "internet_access:fee": null, "payment:mastercard": null, "payment:visa": null, "roof:shape": null, "rooms": null, "stars": null, "tourism": null, "check_date": null, "content": null, "man_made": null, "material": null, "source": null, "water": null, "cuisine": null, "layer": null, "contact:facebook": null, "type": null, "building:parts": null, "contact:email": null, "contact:phone": null, "height": 6.0 }, "geometry": { "type": "Polygon", "coordinates": [ [ [ 14.8337937, 40.6327233 ], [ 14.833897, 40.6328121 ], [ 14.8340381, 40.6327207 ], [ 14.8339968, 40.6326919 ], [ 14.8339142, 40.6327442 ], [ 14.8338454, 40.6326815 ], [ 14.8337937, 40.6327233 ] ] ] } },
{ "type": "Feature", "properties": { "element": "way", "id": 242016120, "building": "yes", "amenity": null, "name": null, "denomination": null, "religion": null, "wikidata": null, "government": null, "office": null, "abandoned": null, "operator": null, "operator:wikidata": null, "wheelchair": null, "building:levels": null, "roof:levels": null, "addr:city": null, "addr:street": null, "alt_name": null, "leisure": null, "sport": null, "addr:postcode": null, "brand": null, "brand:wikidata": null, "opening_hours": null, "phone": null, "website": null, "shop": null, "addr:country": null, "addr:housenumber": null, "air_conditioning": null, "email": null, "fax": null, "internet_access": null, "internet_access:fee": null, "payment:mastercard": null, "payment:visa": null, "roof:shape": null, "rooms": null, "stars": null, "tourism": null, "check_date": null, "content": null, "man_made": null, "material": null, "source": null, "water": null, "cuisine": null, "layer": null, "contact:facebook": null, "type": null, "building:parts": null, "contact:email": null, "contact:phone": null, "height": 6.0 }, "geometry": { "type": "Polygon", "coordinates": [ [ [ 14.8343307, 40.6331883 ], [ 14.8345029, 40.6330838 ], [ 14.8346165, 40.6331935 ], [ 14.8344581, 40.633298 ], [ 14.8343307, 40.6331883 ] ] ] } },
{ "type": "Feature", "properties": { "element": "way", "id": 242016121, "building": "yes", "amenity": null, "name": null, "denomination": null, "religion": null, "wikidata": null, "government": null, "office": null, "abandoned": null, "operator": null, "operator:wikidata": null, "wheelchair": null, "building:levels": null, "roof:levels": null, "addr:city": null, "addr:street": null, "alt_name": null, "leisure": null, "sport": null, "addr:postcode": null, "brand": null, "brand:wikidata": null, "opening_hours": null, "phone": null, "website": null, "shop": null, "addr:country": null, "addr:housenumber": null, "air_conditioning": null, "email": null, "fax": null, "internet_access": null, "internet_access:fee": null, "payment:mastercard": null, "payment:visa": null, "roof:shape": null, "rooms": null, "stars": null, "tourism": null, "check_date": null, "content": null, "man_made": null, "material": null, "source": null, "water": null, "cuisine": null, "layer": null, "contact:facebook": null, "type": null, "building:parts": null, "contact:email": null, "contact:phone": null, "height": 6.0 }, "geometry": { "type": "Polygon", "coordinates": [ [ [ 14.8343755, 40.6328382 ], [ 14.8344891, 40.6329375 ], [ 14.8346371, 40.6328409 ], [ 14.8345132, 40.6327259 ], [ 14.8343755, 40.6328382 ] ] ] } },
{ "type": "Feature", "properties": { "element": "way", "id": 242016122, "building": "yes", "amenity": null, "name": null, "denomination": null, "religion": null, "wikidata": null, "government": null, "office": null, "abandoned": null, "operator": null, "operator:wikidata": null, "wheelchair": null, "building:levels": null, "roof:levels": null, "addr:city": null, "addr:street": null, "alt_name": null, "leisure": null, "sport": null, "addr:postcode": null, "brand": null, "brand:wikidata": null, "opening_hours": null, "phone": null, "website": null, "shop": null, "addr:country": null, "addr:housenumber": null, "air_conditioning": null, "email": null, "fax": null, "internet_access": null, "internet_access:fee": null, "payment:mastercard": null, "payment:visa": null, "roof:shape": null, "rooms": null, "stars": null, "tourism": null, "check_date": null, "content": null, "man_made": null, "material": null, "source": null, "water": null, "cuisine": null, "layer": null, "contact:facebook": null, "type": null, "building:parts": null, "contact:email": null, "contact:phone": null, "height": 6.0 }, "geometry": { "type": "Polygon", "coordinates": [ [ [ 14.8357284, 40.6324072 ], [ 14.8359005, 40.6322922 ], [ 14.836021, 40.6324098 ], [ 14.8358385, 40.6325143 ], [ 14.8357284, 40.6324072 ] ] ] } },
{ "type": "Feature", "properties": { "element": "way", "id": 242016123, "building": "yes", "amenity": null, "name": null, "denomination": null, "religion": null, "wikidata": null, "government": null, "office": null, "abandoned": null, "operator": null, "operator:wikidata": null, "wheelchair": null, "building:levels": null, "roof:levels": null, "addr:city": null, "addr:street": null, "alt_name": null, "leisure": null, "sport": null, "addr:postcode": null, "brand": null, "brand:wikidata": null, "opening_hours": null, "phone": null, "website": null, "shop": null, "addr:country": null, "addr:housenumber": null, "air_conditioning": null, "email": null, "fax": null, "internet_access": null, "internet_access:fee": null, "payment:mastercard": null, "payment:visa": null, "roof:shape": null, "rooms": null, "stars": null, "tourism": null, "check_date": null, "content": null, "man_made": null, "material": null, "source": null, "water": null, "cuisine": null, "layer": null, "contact:facebook": null, "type": null, "building:parts": null, "contact:email": null, "contact:phone": null, "height": 6.0 }, "geometry": { "type": "Polygon", "coordinates": [ [ [ 14.835539, 40.6328618 ], [ 14.8356423, 40.6327912 ], [ 14.835391, 40.6325718 ], [ 14.835329, 40.6325979 ], [ 14.8352808, 40.6326475 ], [ 14.835539, 40.6328618 ] ] ] } },
{ "type": "Feature", "properties": { "element": "way", "id": 242016124, "building": "yes", "amenity": null, "name": null, "denomination": null, "religion": null, "wikidata": null, "government": null, "office": null, "abandoned": null, "operator": null, "operator:wikidata": null, "wheelchair": null, "building:levels": null, "roof:levels": null, "addr:city": null, "addr:street": null, "alt_name": null, "leisure": null, "sport": null, "addr:postcode": null, "brand": null, "brand:wikidata": null, "opening_hours": null, "phone": null, "website": null, "shop": null, "addr:country": null, "addr:housenumber": null, "air_conditioning": null, "email": null, "fax": null, "internet_access": null, "internet_access:fee": null, "payment:mastercard": null, "payment:visa": null, "roof:shape": null, "rooms": null, "stars": null, "tourism": null, "check_date": null, "content": null, "man_made": null, "material": null, "source": null, "water": null, "cuisine": null, "layer": null, "contact:facebook": null, "type": null, "building:parts": null, "contact:email": null, "contact:phone": null, "height": 6.0 }, "geometry": { "type": "Polygon", "coordinates": [ [ [ 14.8348574, 40.6313021 ], [ 14.8351225, 40.6311271 ], [ 14.8352395, 40.6312263 ], [ 14.834971, 40.631404 ], [ 14.8348574, 40.6313021 ] ] ] } },
{ "type": "Feature", "properties": { "element": "way", "id": 242016125, "building": "yes", "amenity": null, "name": null, "denomination": null, "religion": null, "wikidata": null, "government": null, "office": null, "abandoned": null, "operator": null, "operator:wikidata": null, "wheelchair": null, "building:levels": null, "roof:levels": null, "addr:city": null, "addr:street": null, "alt_name": null, "leisure": null, "sport": null, "addr:postcode": null, "brand": null, "brand:wikidata": null, "opening_hours": null, "phone": null, "website": null, "shop": null, "addr:country": null, "addr:housenumber": null, "air_conditioning": null, "email": null, "fax": null, "internet_access": null, "internet_access:fee": null, "payment:mastercard": null, "payment:visa": null, "roof:shape": null, "rooms": null, "stars": null, "tourism": null, "check_date": null, "content": null, "man_made": null, "material": null, "source": null, "water": null, "cuisine": null, "layer": null, "contact:facebook": null, "type": null, "building:parts": null, "contact:email": null, "contact:phone": null, "height": 6.0 }, "geometry": { "type": "Polygon", "coordinates": [ [ [ 14.8354254, 40.6311689 ], [ 14.8355769, 40.6310618 ], [ 14.8356871, 40.6311506 ], [ 14.8355253, 40.6312577 ], [ 14.8354254, 40.6311689 ] ] ] } },
{ "type": "Feature", "properties": { "element": "way", "id": 242016126, "building": "yes", "amenity": null, "name": null, "denomination": null, "religion": null, "wikidata": null, "government": null, "office": null, "abandoned": null, "operator": null, "operator:wikidata": null, "wheelchair": null, "building:levels": null, "roof:levels": null, "addr:city": null, "addr:street": null, "alt_name": null, "leisure": null, "sport": null, "addr:postcode": null, "brand": null, "brand:wikidata": null, "opening_hours": null, "phone": null, "website": null, "shop": null, "addr:country": null, "addr:housenumber": null, "air_conditioning": null, "email": null, "fax": null, "internet_access": null, "internet_access:fee": null, "payment:mastercard": null, "payment:visa": null, "roof:shape": null, "rooms": null, "stars": null, "tourism": null, "check_date": null, "content": null, "man_made": null, "material": null, "source": null, "water": null, "cuisine": null, "layer": null, "contact:facebook": null, "type": null, "building:parts": null, "contact:email": null, "contact:phone": null, "height": 6.0 }, "geometry": { "type": "Polygon", "coordinates": [ [ [ 14.8350743, 40.6309024 ], [ 14.8352189, 40.63102 ], [ 14.8353084, 40.6309599 ], [ 14.8351707, 40.6308345 ], [ 14.8350743, 40.6309024 ] ] ] } },
{ "type": "Feature", "properties": { "element": "way", "id": 242016127, "building": "residential", "amenity": null, "name": null, "denomination": null, "religion": null, "wikidata": null, "government": null, "office": null, "abandoned": null, "operator": null, "operator:wikidata": null, "wheelchair": null, "building:levels": null, "roof:levels": null, "addr:city": null, "addr:street": null, "alt_name": null, "leisure": null, "sport": null, "addr:postcode": null, "brand": null, "brand:wikidata": null, "opening_hours": null, "phone": null, "website": null, "shop": null, "addr:country": null, "addr:housenumber": null, "air_conditioning": null, "email": null, "fax": null, "internet_access": null, "internet_access:fee": null, "payment:mastercard": null, "payment:visa": null, "roof:shape": null, "rooms": null, "stars": null, "tourism": null, "check_date": null, "content": null, "man_made": null, "material": null, "source": null, "water": null, "cuisine": null, "layer": null, "contact:facebook": null, "type": null, "building:parts": null, "contact:email": null, "contact:phone": null, "height": 6.0 }, "geometry": { "type": "Polygon", "coordinates": [ [ [ 14.8359341, 40.6308593 ], [ 14.8360723, 40.630968 ], [ 14.8361636, 40.6310167 ], [ 14.8362623, 40.6309511 ], [ 14.8360723, 40.6307638 ], [ 14.8359341, 40.6308593 ] ] ] } },
{ "type": "Feature", "properties": { "element": "way", "id": 242016128, "building": "residential", "amenity": null, "name": null, "denomination": null, "religion": null, "wikidata": null, "government": null, "office": null, "abandoned": null, "operator": null, "operator:wikidata": null, "wheelchair": null, "building:levels": "2", "roof:levels": "1", "addr:city": null, "addr:street": null, "alt_name": null, "leisure": null, "sport": null, "addr:postcode": null, "brand": null, "brand:wikidata": null, "opening_hours": null, "phone": null, "website": null, "shop": null, "addr:country": null, "addr:housenumber": null, "air_conditioning": null, "email": null, "fax": null, "internet_access": null, "internet_access:fee": null, "payment:mastercard": null, "payment:visa": null, "roof:shape": null, "rooms": null, "stars": null, "tourism": null, "check_date": null, "content": null, "man_made": null, "material": null, "source": null, "water": null, "cuisine": null, "layer": null, "contact:facebook": null, "type": null, "building:parts": null, "contact:email": null, "contact:phone": null, "height": 6.0 }, "geometry": { "type": "Polygon", "coordinates": [ [ [ 14.8355515, 40.6307525 ], [ 14.835628, 40.6308218 ], [ 14.8356897, 40.6307863 ], [ 14.8356675, 40.6307582 ], [ 14.8358008, 40.6306814 ], [ 14.8357347, 40.6306251 ], [ 14.8355515, 40.6307525 ] ] ] } },
{ "type": "Feature", "properties": { "element": "way", "id": 242495161, "building": "residential", "amenity": null, "name": null, "denomination": null, "religion": null, "wikidata": null, "government": null, "office": null, "abandoned": null, "operator": null, "operator:wikidata": null, "wheelchair": null, "building:levels": null, "roof:levels": null, "addr:city": null, "addr:street": null, "alt_name": null, "leisure": null, "sport": null, "addr:postcode": null, "brand": null, "brand:wikidata": null, "opening_hours": null, "phone": null, "website": null, "shop": null, "addr:country": null, "addr:housenumber": null, "air_conditioning": null, "email": null, "fax": null, "internet_access": null, "internet_access:fee": null, "payment:mastercard": null, "payment:visa": null, "roof:shape": null, "rooms": null, "stars": null, "tourism": null, "check_date": null, "content": null, "man_made": null, "material": null, "source": null, "water": null, "cuisine": null, "layer": null, "contact:facebook": null, "type": null, "building:parts": null, "contact:email": null, "contact:phone": null, "height": 6.0 }, "geometry": { "type": "Polygon", "coordinates": [ [ [ 14.8271276, 40.643651 ], [ 14.82728, 40.6437986 ], [ 14.8274403, 40.6437032 ], [ 14.8274002, 40.6436644 ], [ 14.827352, 40.6436618 ], [ 14.8273038, 40.6435913 ], [ 14.8273351, 40.6435727 ], [ 14.8273063, 40.6435448 ], [ 14.8271276, 40.643651 ] ] ] } },
{ "type": "Feature", "properties": { "element": "way", "id": 242495162, "building": "residential", "amenity": null, "name": null, "denomination": null, "religion": null, "wikidata": null, "government": null, "office": null, "abandoned": null, "operator": null, "operator:wikidata": null, "wheelchair": null, "building:levels": null, "roof:levels": null, "addr:city": null, "addr:street": null, "alt_name": null, "leisure": null, "sport": null, "addr:postcode": null, "brand": null, "brand:wikidata": null, "opening_hours": null, "phone": null, "website": null, "shop": null, "addr:country": null, "addr:housenumber": null, "air_conditioning": null, "email": null, "fax": null, "internet_access": null, "internet_access:fee": null, "payment:mastercard": null, "payment:visa": null, "roof:shape": null, "rooms": null, "stars": null, "tourism": null, "check_date": null, "content": null, "man_made": null, "material": null, "source": null, "water": null, "cuisine": null, "layer": null, "contact:facebook": null, "type": null, "building:parts": null, "contact:email": null, "contact:phone": null, "height": 6.0 }, "geometry": { "type": "Polygon", "coordinates": [ [ [ 14.8271543, 40.6440539 ], [ 14.8272463, 40.6441615 ], [ 14.8274147, 40.6440786 ], [ 14.8273228, 40.643971 ], [ 14.8271543, 40.6440539 ] ] ] } },
{ "type": "Feature", "properties": { "element": "way", "id": 242495163, "building": "residential", "amenity": null, "name": null, "denomination": null, "religion": null, "wikidata": null, "government": null, "office": null, "abandoned": null, "operator": null, "operator:wikidata": null, "wheelchair": null, "building:levels": null, "roof:levels": null, "addr:city": null, "addr:street": null, "alt_name": null, "leisure": null, "sport": null, "addr:postcode": null, "brand": null, "brand:wikidata": null, "opening_hours": null, "phone": null, "website": null, "shop": null, "addr:country": null, "addr:housenumber": null, "air_conditioning": null, "email": null, "fax": null, "internet_access": null, "internet_access:fee": null, "payment:mastercard": null, "payment:visa": null, "roof:shape": null, "rooms": null, "stars": null, "tourism": null, "check_date": null, "content": null, "man_made": null, "material": null, "source": null, "water": null, "cuisine": null, "layer": null, "contact:facebook": null, "type": null, "building:parts": null, "contact:email": null, "contact:phone": null, "height": 6.0 }, "geometry": { "type": "Polygon", "coordinates": [ [ [ 14.827516, 40.6440239 ], [ 14.8277922, 40.643891 ], [ 14.8276989, 40.6437794 ], [ 14.8274227, 40.6439123 ], [ 14.827516, 40.6440239 ] ] ] } },
{ "type": "Feature", "properties": { "element": "way", "id": 242495164, "building": "residential", "amenity": null, "name": null, "denomination": null, "religion": null, "wikidata": null, "government": null, "office": null, "abandoned": null, "operator": null, "operator:wikidata": null, "wheelchair": null, "building:levels": null, "roof:levels": null, "addr:city": null, "addr:street": null, "alt_name": null, "leisure": null, "sport": null, "addr:postcode": null, "brand": null, "brand:wikidata": null, "opening_hours": null, "phone": null, "website": null, "shop": null, "addr:country": null, "addr:housenumber": null, "air_conditioning": null, "email": null, "fax": null, "internet_access": null, "internet_access:fee": null, "payment:mastercard": null, "payment:visa": null, "roof:shape": null, "rooms": null, "stars": null, "tourism": null, "check_date": null, "content": null, "man_made": null, "material": null, "source": null, "water": null, "cuisine": null, "layer": null, "contact:facebook": null, "type": null, "building:parts": null, "contact:email": null, "contact:phone": null, "height": 6.0 }, "geometry": { "type": "Polygon", "coordinates": [ [ [ 14.8269271, 40.6438762 ], [ 14.8270249, 40.643973 ], [ 14.8271331, 40.6439101 ], [ 14.8270353, 40.6438133 ], [ 14.8269271, 40.6438762 ] ] ] } },
{ "type": "Feature", "properties": { "element": "way", "id": 242495165, "building": "residential", "amenity": null, "name": null, "denomination": null, "religion": null, "wikidata": null, "government": null, "office": null, "abandoned": null, "operator": null, "operator:wikidata": null, "wheelchair": null, "building:levels": null, "roof:levels": null, "addr:city": null, "addr:street": null, "alt_name": null, "leisure": null, "sport": null, "addr:postcode": null, "brand": null, "brand:wikidata": null, "opening_hours": null, "phone": null, "website": null, "shop": null, "addr:country": null, "addr:housenumber": null, "air_conditioning": null, "email": null, "fax": null, "internet_access": null, "internet_access:fee": null, "payment:mastercard": null, "payment:visa": null, "roof:shape": null, "rooms": null, "stars": null, "tourism": null, "check_date": null, "content": null, "man_made": null, "material": null, "source": null, "water": null, "cuisine": null, "layer": null, "contact:facebook": null, "type": null, "building:parts": null, "contact:email": null, "contact:phone": null, "height": 6.0 }, "geometry": { "type": "Polygon", "coordinates": [ [ [ 14.8280017, 40.644431 ], [ 14.8281066, 40.644536 ], [ 14.828144, 40.6445145 ], [ 14.8281924, 40.6445629 ], [ 14.8283541, 40.6444699 ], [ 14.8282009, 40.6443165 ], [ 14.8280017, 40.644431 ] ] ] } },
{ "type": "Feature", "properties": { "element": "way", "id": 242495166, "building": "residential", "amenity": null, "name": null, "denomination": null, "religion": null, "wikidata": null, "government": null, "office": null, "abandoned": null, "operator": null, "operator:wikidata": null, "wheelchair": null, "building:levels": null, "roof:levels": null, "addr:city": null, "addr:street": null, "alt_name": null, "leisure": null, "sport": null, "addr:postcode": null, "brand": null, "brand:wikidata": null, "opening_hours": null, "phone": null, "website": null, "shop": null, "addr:country": null, "addr:housenumber": null, "air_conditioning": null, "email": null, "fax": null, "internet_access": null, "internet_access:fee": null, "payment:mastercard": null, "payment:visa": null, "roof:shape": null, "rooms": null, "stars": null, "tourism": null, "check_date": null, "content": null, "man_made": null, "material": null, "source": null, "water": null, "cuisine": null, "layer": null, "contact:facebook": null, "type": null, "building:parts": null, "contact:email": null, "contact:phone": null, "height": 6.0 }, "geometry": { "type": "Polygon", "coordinates": [ [ [ 14.8282642, 40.6446883 ], [ 14.8283744, 40.6447902 ], [ 14.8285809, 40.6446805 ], [ 14.8284742, 40.6445708 ], [ 14.8282642, 40.6446883 ] ] ] } },
{ "type": "Feature", "properties": { "element": "way", "id": 242495167, "building": "residential", "amenity": null, "name": null, "denomination": null, "religion": null, "wikidata": null, "government": null, "office": null, "abandoned": null, "operator": null, "operator:wikidata": null, "wheelchair": null, "building:levels": null, "roof:levels": null, "addr:city": null, "addr:street": null, "alt_name": null, "leisure": null, "sport": null, "addr:postcode": null, "brand": null, "brand:wikidata": null, "opening_hours": null, "phone": null, "website": null, "shop": null, "addr:country": null, "addr:housenumber": null, "air_conditioning": null, "email": null, "fax": null, "internet_access": null, "internet_access:fee": null, "payment:mastercard": null, "payment:visa": null, "roof:shape": null, "rooms": null, "stars": null, "tourism": null, "check_date": null, "content": null, "man_made": null, "material": null, "source": null, "water": null, "cuisine": null, "layer": null, "contact:facebook": null, "type": null, "building:parts": null, "contact:email": null, "contact:phone": null, "height": 6.0 }, "geometry": { "type": "Polygon", "coordinates": [ [ [ 14.8277019, 40.6440901 ], [ 14.8277963, 40.6441769 ], [ 14.8279384, 40.6440879 ], [ 14.8278439, 40.6440011 ], [ 14.8277019, 40.6440901 ] ] ] } },
{ "type": "Feature", "properties": { "element": "way", "id": 242495168, "building": "residential", "amenity": null, "name": null, "denomination": null, "religion": null, "wikidata": null, "government": null, "office": null, "abandoned": null, "operator": null, "operator:wikidata": null, "wheelchair": null, "building:levels": null, "roof:levels": null, "addr:city": null, "addr:street": null, "alt_name": null, "leisure": null, "sport": null, "addr:postcode": null, "brand": null, "brand:wikidata": null, "opening_hours": null, "phone": null, "website": null, "shop": null, "addr:country": null, "addr:housenumber": null, "air_conditioning": null, "email": null, "fax": null, "internet_access": null, "internet_access:fee": null, "payment:mastercard": null, "payment:visa": null, "roof:shape": null, "rooms": null, "stars": null, "tourism": null, "check_date": null, "content": null, "man_made": null, "material": null, "source": null, "water": null, "cuisine": null, "layer": null, "contact:facebook": null, "type": null, "building:parts": null, "contact:email": null, "contact:phone": null, "height": 6.0 }, "geometry": { "type": "Polygon", "coordinates": [ [ [ 14.828975, 40.6447747 ], [ 14.8290583, 40.644868 ], [ 14.8292348, 40.6447771 ], [ 14.8291515, 40.6446839 ], [ 14.828975, 40.6447747 ] ] ] } },
{ "type": "Feature", "properties": { "element": "way", "id": 242495169, "building": "residential", "amenity": null, "name": null, "denomination": null, "religion": null, "wikidata": null, "government": null, "office": null, "abandoned": null, "operator": null, "operator:wikidata": null, "wheelchair": null, "building:levels": null, "roof:levels": null, "addr:city": null, "addr:street": null, "alt_name": null, "leisure": null, "sport": null, "addr:postcode": null, "brand": null, "brand:wikidata": null, "opening_hours": null, "phone": null, "website": null, "shop": null, "addr:country": null, "addr:housenumber": null, "air_conditioning": null, "email": null, "fax": null, "internet_access": null, "internet_access:fee": null, "payment:mastercard": null, "payment:visa": null, "roof:shape": null, "rooms": null, "stars": null, "tourism": null, "check_date": null, "content": null, "man_made": null, "material": null, "source": null, "water": null, "cuisine": null, "layer": null, "contact:facebook": null, "type": null, "building:parts": null, "contact:email": null, "contact:phone": null, "height": 6.0 }, "geometry": { "type": "Polygon", "coordinates": [ [ [ 14.8286898, 40.6444904 ], [ 14.8289535, 40.6443364 ], [ 14.8290378, 40.6444195 ], [ 14.8287741, 40.6445735 ], [ 14.8286898, 40.6444904 ] ] ] } },
{ "type": "Feature", "properties": { "element": "way", "id": 242495170, "building": "yes", "amenity": null, "name": null, "denomination": null, "religion": null, "wikidata": null, "government": null, "office": null, "abandoned": null, "operator": null, "operator:wikidata": null, "wheelchair": null, "building:levels": null, "roof:levels": null, "addr:city": null, "addr:street": null, "alt_name": null, "leisure": null, "sport": null, "addr:postcode": null, "brand": null, "brand:wikidata": null, "opening_hours": null, "phone": null, "website": null, "shop": null, "addr:country": null, "addr:housenumber": null, "air_conditioning": null, "email": null, "fax": null, "internet_access": null, "internet_access:fee": null, "payment:mastercard": null, "payment:visa": null, "roof:shape": null, "rooms": null, "stars": null, "tourism": null, "check_date": null, "content": null, "man_made": null, "material": null, "source": null, "water": null, "cuisine": null, "layer": null, "contact:facebook": null, "type": null, "building:parts": null, "contact:email": null, "contact:phone": null, "height": 6.0 }, "geometry": { "type": "Polygon", "coordinates": [ [ [ 14.8281093, 40.6450359 ], [ 14.8281807, 40.6450016 ], [ 14.8280779, 40.6448782 ], [ 14.8280064, 40.6449125 ], [ 14.8281093, 40.6450359 ] ] ] } },
{ "type": "Feature", "properties": { "element": "way", "id": 242495171, "building": "yes", "amenity": null, "name": null, "denomination": null, "religion": null, "wikidata": null, "government": null, "office": null, "abandoned": null, "operator": null, "operator:wikidata": null, "wheelchair": null, "building:levels": null, "roof:levels": null, "addr:city": null, "addr:street": null, "alt_name": null, "leisure": null, "sport": null, "addr:postcode": null, "brand": null, "brand:wikidata": null, "opening_hours": null, "phone": null, "website": null, "shop": null, "addr:country": null, "addr:housenumber": null, "air_conditioning": null, "email": null, "fax": null, "internet_access": null, "internet_access:fee": null, "payment:mastercard": null, "payment:visa": null, "roof:shape": null, "rooms": null, "stars": null, "tourism": null, "check_date": null, "content": null, "man_made": null, "material": null, "source": null, "water": null, "cuisine": null, "layer": null, "contact:facebook": null, "type": null, "building:parts": null, "contact:email": null, "contact:phone": null, "height": 6.0 }, "geometry": { "type": "Polygon", "coordinates": [ [ [ 14.8275671, 40.6445378 ], [ 14.8277873, 40.6447679 ], [ 14.8278981, 40.6447069 ], [ 14.8276779, 40.6444767 ], [ 14.8275671, 40.6445378 ] ] ] } },
{ "type": "Feature", "properties": { "element": "way", "id": 242495172, "building": "residential", "amenity": null, "name": null, "denomination": null, "religion": null, "wikidata": null, "government": null, "office": null, "abandoned": null, "operator": null, "operator:wikidata": null, "wheelchair": null, "building:levels": null, "roof:levels": null, "addr:city": null, "addr:street": null, "alt_name": null, "leisure": null, "sport": null, "addr:postcode": null, "brand": null, "brand:wikidata": null, "opening_hours": null, "phone": null, "website": null, "shop": null, "addr:country": null, "addr:housenumber": null, "air_conditioning": null, "email": null, "fax": null, "internet_access": null, "internet_access:fee": null, "payment:mastercard": null, "payment:visa": null, "roof:shape": null, "rooms": null, "stars": null, "tourism": null, "check_date": null, "content": null, "man_made": null, "material": null, "source": null, "water": null, "cuisine": null, "layer": null, "contact:facebook": null, "type": null, "building:parts": null, "contact:email": null, "contact:phone": null, "height": 6.0 }, "geometry": { "type": "Polygon", "coordinates": [ [ [ 14.8293347, 40.6450235 ], [ 14.8294281, 40.6451177 ], [ 14.829567, 40.6450385 ], [ 14.8294736, 40.6449442 ], [ 14.8293347, 40.6450235 ] ] ] } },
{ "type": "Feature", "properties": { "element": "way", "id": 242495173, "building": "residential", "amenity": null, "name": null, "denomination": null, "religion": null, "wikidata": null, "government": null, "office": null, "abandoned": null, "operator": null, "operator:wikidata": null, "wheelchair": null, "building:levels": null, "roof:levels": null, "addr:city": null, "addr:street": null, "alt_name": null, "leisure": null, "sport": null, "addr:postcode": null, "brand": null, "brand:wikidata": null, "opening_hours": null, "phone": null, "website": null, "shop": null, "addr:country": null, "addr:housenumber": null, "air_conditioning": null, "email": null, "fax": null, "internet_access": null, "internet_access:fee": null, "payment:mastercard": null, "payment:visa": null, "roof:shape": null, "rooms": null, "stars": null, "tourism": null, "check_date": null, "content": null, "man_made": null, "material": null, "source": null, "water": null, "cuisine": null, "layer": null, "contact:facebook": null, "type": null, "building:parts": null, "contact:email": null, "contact:phone": null, "height": 6.0 }, "geometry": { "type": "Polygon", "coordinates": [ [ [ 14.8294158, 40.6445524 ], [ 14.8295652, 40.6446834 ], [ 14.8297007, 40.6445944 ], [ 14.8295513, 40.6444634 ], [ 14.8294158, 40.6445524 ] ] ] } },
{ "type": "Feature", "properties": { "element": "way", "id": 242495174, "building": "residential", "amenity": null, "name": null, "denomination": null, "religion": null, "wikidata": null, "government": null, "office": null, "abandoned": null, "operator": null, "operator:wikidata": null, "wheelchair": null, "building:levels": null, "roof:levels": null, "addr:city": null, "addr:street": null, "alt_name": null, "leisure": null, "sport": null, "addr:postcode": null, "brand": null, "brand:wikidata": null, "opening_hours": null, "phone": null, "website": null, "shop": null, "addr:country": null, "addr:housenumber": null, "air_conditioning": null, "email": null, "fax": null, "internet_access": null, "internet_access:fee": null, "payment:mastercard": null, "payment:visa": null, "roof:shape": null, "rooms": null, "stars": null, "tourism": null, "check_date": null, "content": null, "man_made": null, "material": null, "source": null, "water": null, "cuisine": null, "layer": null, "contact:facebook": null, "type": null, "building:parts": null, "contact:email": null, "contact:phone": null, "height": 6.0 }, "geometry": { "type": "Polygon", "coordinates": [ [ [ 14.8291646, 40.6443697 ], [ 14.8292726, 40.6444605 ], [ 14.8293519, 40.6444061 ], [ 14.8293998, 40.6444464 ], [ 14.8294593, 40.6444056 ], [ 14.8293033, 40.6442746 ], [ 14.8291646, 40.6443697 ] ] ] } },
{ "type": "Feature", "properties": { "element": "way", "id": 242495175, "building": "residential", "amenity": null, "name": null, "denomination": null, "religion": null, "wikidata": null, "government": null, "office": null, "abandoned": null, "operator": null, "operator:wikidata": null, "wheelchair": null, "building:levels": null, "roof:levels": null, "addr:city": null, "addr:street": null, "alt_name": null, "leisure": null, "sport": null, "addr:postcode": null, "brand": null, "brand:wikidata": null, "opening_hours": null, "phone": null, "website": null, "shop": null, "addr:country": null, "addr:housenumber": null, "air_conditioning": null, "email": null, "fax": null, "internet_access": null, "internet_access:fee": null, "payment:mastercard": null, "payment:visa": null, "roof:shape": null, "rooms": null, "stars": null, "tourism": null, "check_date": null, "content": null, "man_made": null, "material": null, "source": null, "water": null, "cuisine": null, "layer": null, "contact:facebook": null, "type": null, "building:parts": null, "contact:email": null, "contact:phone": null, "height": 6.0 }, "geometry": { "type": "Polygon", "coordinates": [ [ [ 14.8291307, 40.643526 ], [ 14.8293313, 40.643683 ], [ 14.8294595, 40.6435888 ], [ 14.8292589, 40.6434317 ], [ 14.8291307, 40.643526 ] ] ] } },
{ "type": "Feature", "properties": { "element": "way", "id": 242495176, "building": "residential", "amenity": null, "name": null, "denomination": null, "religion": null, "wikidata": null, "government": null, "office": null, "abandoned": null, "operator": null, "operator:wikidata": null, "wheelchair": null, "building:levels": null, "roof:levels": null, "addr:city": null, "addr:street": null, "alt_name": null, "leisure": null, "sport": null, "addr:postcode": null, "brand": null, "brand:wikidata": null, "opening_hours": null, "phone": null, "website": null, "shop": null, "addr:country": null, "addr:housenumber": null, "air_conditioning": null, "email": null, "fax": null, "internet_access": null, "internet_access:fee": null, "payment:mastercard": null, "payment:visa": null, "roof:shape": null, "rooms": null, "stars": null, "tourism": null, "check_date": null, "content": null, "man_made": null, "material": null, "source": null, "water": null, "cuisine": null, "layer": null, "contact:facebook": null, "type": null, "building:parts": null, "contact:email": null, "contact:phone": null, "height": 6.0 }, "geometry": { "type": "Polygon", "coordinates": [ [ [ 14.8295905, 40.6440902 ], [ 14.8297273, 40.644194 ], [ 14.8298778, 40.6440797 ], [ 14.829741, 40.6439759 ], [ 14.8295905, 40.6440902 ] ] ] } },
{ "type": "Feature", "properties": { "element": "way", "id": 242495177, "building": "residential", "amenity": null, "name": null, "denomination": null, "religion": null, "wikidata": null, "government": null, "office": null, "abandoned": null, "operator": null, "operator:wikidata": null, "wheelchair": null, "building:levels": null, "roof:levels": null, "addr:city": null, "addr:street": null, "alt_name": null, "leisure": null, "sport": null, "addr:postcode": null, "brand": null, "brand:wikidata": null, "opening_hours": null, "phone": null, "website": null, "shop": null, "addr:country": null, "addr:housenumber": null, "air_conditioning": null, "email": null, "fax": null, "internet_access": null, "internet_access:fee": null, "payment:mastercard": null, "payment:visa": null, "roof:shape": null, "rooms": null, "stars": null, "tourism": null, "check_date": null, "content": null, "man_made": null, "material": null, "source": null, "water": null, "cuisine": null, "layer": null, "contact:facebook": null, "type": null, "building:parts": null, "contact:email": null, "contact:phone": null, "height": 6.0 }, "geometry": { "type": "Polygon", "coordinates": [ [ [ 14.8299618, 40.6445342 ], [ 14.830095, 40.6446426 ], [ 14.8302562, 40.6445286 ], [ 14.830123, 40.6444201 ], [ 14.8299618, 40.6445342 ] ] ] } },
{ "type": "Feature", "properties": { "element": "way", "id": 242495178, "building": "residential", "amenity": null, "name": null, "denomination": null, "religion": null, "wikidata": null, "government": null, "office": null, "abandoned": null, "operator": null, "operator:wikidata": null, "wheelchair": null, "building:levels": null, "roof:levels": null, "addr:city": null, "addr:street": null, "alt_name": null, "leisure": null, "sport": null, "addr:postcode": null, "brand": null, "brand:wikidata": null, "opening_hours": null, "phone": null, "website": null, "shop": null, "addr:country": null, "addr:housenumber": null, "air_conditioning": null, "email": null, "fax": null, "internet_access": null, "internet_access:fee": null, "payment:mastercard": null, "payment:visa": null, "roof:shape": null, "rooms": null, "stars": null, "tourism": null, "check_date": null, "content": null, "man_made": null, "material": null, "source": null, "water": null, "cuisine": null, "layer": null, "contact:facebook": null, "type": null, "building:parts": null, "contact:email": null, "contact:phone": null, "height": 6.0 }, "geometry": { "type": "Polygon", "coordinates": [ [ [ 14.830661, 40.6435419 ], [ 14.8307978, 40.6436549 ], [ 14.8310274, 40.643495 ], [ 14.8308906, 40.6433819 ], [ 14.830661, 40.6435419 ] ] ] } },
{ "type": "Feature", "properties": { "element": "way", "id": 242495179, "building": "residential", "amenity": null, "name": null, "denomination": null, "religion": null, "wikidata": null, "government": null, "office": null, "abandoned": null, "operator": null, "operator:wikidata": null, "wheelchair": null, "building:levels": null, "roof:levels": null, "addr:city": null, "addr:street": null, "alt_name": null, "leisure": null, "sport": null, "addr:postcode": null, "brand": null, "brand:wikidata": null, "opening_hours": null, "phone": null, "website": null, "shop": null, "addr:country": null, "addr:housenumber": null, "air_conditioning": null, "email": null, "fax": null, "internet_access": null, "internet_access:fee": null, "payment:mastercard": null, "payment:visa": null, "roof:shape": null, "rooms": null, "stars": null, "tourism": null, "check_date": null, "content": null, "man_made": null, "material": null, "source": null, "water": null, "cuisine": null, "layer": null, "contact:facebook": null, "type": null, "building:parts": null, "contact:email": null, "contact:phone": null, "height": 6.0 }, "geometry": { "type": "Polygon", "coordinates": [ [ [ 14.8301285, 40.644284 ], [ 14.830205, 40.644361 ], [ 14.8303548, 40.6442754 ], [ 14.8302783, 40.6441984 ], [ 14.8301285, 40.644284 ] ] ] } },
{ "type": "Feature", "properties": { "element": "way", "id": 242495722, "building": "yes", "amenity": null, "name": null, "denomination": null, "religion": null, "wikidata": null, "government": null, "office": null, "abandoned": null, "operator": null, "operator:wikidata": null, "wheelchair": null, "building:levels": null, "roof:levels": null, "addr:city": null, "addr:street": null, "alt_name": null, "leisure": null, "sport": null, "addr:postcode": null, "brand": null, "brand:wikidata": null, "opening_hours": null, "phone": null, "website": null, "shop": null, "addr:country": null, "addr:housenumber": null, "air_conditioning": null, "email": null, "fax": null, "internet_access": null, "internet_access:fee": null, "payment:mastercard": null, "payment:visa": null, "roof:shape": null, "rooms": null, "stars": null, "tourism": null, "check_date": null, "content": null, "man_made": null, "material": null, "source": null, "water": null, "cuisine": null, "layer": null, "contact:facebook": null, "type": null, "building:parts": null, "contact:email": null, "contact:phone": null, "height": 6.0 }, "geometry": { "type": "Polygon", "coordinates": [ [ [ 14.8288538, 40.6457687 ], [ 14.8290709, 40.6456745 ], [ 14.8290142, 40.6455993 ], [ 14.8287971, 40.6456935 ], [ 14.8288538, 40.6457687 ] ] ] } },
{ "type": "Feature", "properties": { "element": "way", "id": 242495723, "building": "yes", "amenity": null, "name": null, "denomination": null, "religion": null, "wikidata": null, "government": null, "office": null, "abandoned": null, "operator": null, "operator:wikidata": null, "wheelchair": null, "building:levels": null, "roof:levels": null, "addr:city": null, "addr:street": null, "alt_name": null, "leisure": null, "sport": null, "addr:postcode": null, "brand": null, "brand:wikidata": null, "opening_hours": null, "phone": null, "website": null, "shop": null, "addr:country": null, "addr:housenumber": null, "air_conditioning": null, "email": null, "fax": null, "internet_access": null, "internet_access:fee": null, "payment:mastercard": null, "payment:visa": null, "roof:shape": null, "rooms": null, "stars": null, "tourism": null, "check_date": null, "content": null, "man_made": null, "material": null, "source": null, "water": null, "cuisine": null, "layer": null, "contact:facebook": null, "type": null, "building:parts": null, "contact:email": null, "contact:phone": null, "height": 6.0 }, "geometry": { "type": "Polygon", "coordinates": [ [ [ 14.829259, 40.6457167 ], [ 14.8294103, 40.6458852 ], [ 14.8295578, 40.645809 ], [ 14.8294064, 40.6456404 ], [ 14.829259, 40.6457167 ] ] ] } },
{ "type": "Feature", "properties": { "element": "way", "id": 242495724, "building": "residential", "amenity": null, "name": null, "denomination": null, "religion": null, "wikidata": null, "government": null, "office": null, "abandoned": null, "operator": null, "operator:wikidata": null, "wheelchair": null, "building:levels": null, "roof:levels": null, "addr:city": null, "addr:street": null, "alt_name": null, "leisure": null, "sport": null, "addr:postcode": null, "brand": null, "brand:wikidata": null, "opening_hours": null, "phone": null, "website": null, "shop": null, "addr:country": null, "addr:housenumber": null, "air_conditioning": null, "email": null, "fax": null, "internet_access": null, "internet_access:fee": null, "payment:mastercard": null, "payment:visa": null, "roof:shape": null, "rooms": null, "stars": null, "tourism": null, "check_date": null, "content": null, "man_made": null, "material": null, "source": null, "water": null, "cuisine": null, "layer": null, "contact:facebook": null, "type": null, "building:parts": null, "contact:email": null, "contact:phone": null, "height": 6.0 }, "geometry": { "type": "Polygon", "coordinates": [ [ [ 14.8294517, 40.6460365 ], [ 14.8295113, 40.6461052 ], [ 14.8295744, 40.6460737 ], [ 14.8296597, 40.6461385 ], [ 14.8298047, 40.6460661 ], [ 14.82968, 40.6459224 ], [ 14.8294517, 40.6460365 ] ] ] } },
{ "type": "Feature", "properties": { "element": "way", "id": 242495725, "building": "yes", "amenity": null, "name": null, "denomination": null, "religion": null, "wikidata": null, "government": null, "office": null, "abandoned": null, "operator": null, "operator:wikidata": null, "wheelchair": null, "building:levels": null, "roof:levels": null, "addr:city": null, "addr:street": null, "alt_name": null, "leisure": null, "sport": null, "addr:postcode": null, "brand": null, "brand:wikidata": null, "opening_hours": null, "phone": null, "website": null, "shop": null, "addr:country": null, "addr:housenumber": null, "air_conditioning": null, "email": null, "fax": null, "internet_access": null, "internet_access:fee": null, "payment:mastercard": null, "payment:visa": null, "roof:shape": null, "rooms": null, "stars": null, "tourism": null, "check_date": null, "content": null, "man_made": null, "material": null, "source": null, "water": null, "cuisine": null, "layer": null, "contact:facebook": null, "type": null, "building:parts": null, "contact:email": null, "contact:phone": null, "height": 6.0 }, "geometry": { "type": "Polygon", "coordinates": [ [ [ 14.8298061, 40.6461878 ], [ 14.8299443, 40.6463205 ], [ 14.8301842, 40.6462033 ], [ 14.8300581, 40.6460675 ], [ 14.8298061, 40.6461878 ] ] ] } },
{ "type": "Feature", "properties": { "element": "way", "id": 242495726, "building": "yes", "amenity": null, "name": null, "denomination": null, "religion": null, "wikidata": null, "government": null, "office": null, "abandoned": null, "operator": null, "operator:wikidata": null, "wheelchair": null, "building:levels": null, "roof:levels": null, "addr:city": null, "addr:street": null, "alt_name": null, "leisure": null, "sport": null, "addr:postcode": null, "brand": null, "brand:wikidata": null, "opening_hours": null, "phone": null, "website": null, "shop": null, "addr:country": null, "addr:housenumber": null, "air_conditioning": null, "email": null, "fax": null, "internet_access": null, "internet_access:fee": null, "payment:mastercard": null, "payment:visa": null, "roof:shape": null, "rooms": null, "stars": null, "tourism": null, "check_date": null, "content": null, "man_made": null, "material": null, "source": null, "water": null, "cuisine": null, "layer": null, "contact:facebook": null, "type": null, "building:parts": null, "contact:email": null, "contact:phone": null, "height": 6.0 }, "geometry": { "type": "Polygon", "coordinates": [ [ [ 14.8303996, 40.6461261 ], [ 14.830481, 40.6462125 ], [ 14.8306802, 40.6461817 ], [ 14.8306395, 40.6460953 ], [ 14.8306761, 40.6460768 ], [ 14.830611, 40.6460058 ], [ 14.8303996, 40.6461261 ] ] ] } },
{ "type": "Feature", "properties": { "element": "way", "id": 242495727, "building": "yes", "amenity": null, "name": null, "denomination": null, "religion": null, "wikidata": null, "government": null, "office": null, "abandoned": null, "operator": null, "operator:wikidata": null, "wheelchair": null, "building:levels": null, "roof:levels": null, "addr:city": null, "addr:street": null, "alt_name": null, "leisure": null, "sport": null, "addr:postcode": null, "brand": null, "brand:wikidata": null, "opening_hours": null, "phone": null, "website": null, "shop": null, "addr:country": null, "addr:housenumber": null, "air_conditioning": null, "email": null, "fax": null, "internet_access": null, "internet_access:fee": null, "payment:mastercard": null, "payment:visa": null, "roof:shape": null, "rooms": null, "stars": null, "tourism": null, "check_date": null, "content": null, "man_made": null, "material": null, "source": null, "water": null, "cuisine": null, "layer": null, "contact:facebook": null, "type": null, "building:parts": null, "contact:email": null, "contact:phone": null, "height": 6.0 }, "geometry": { "type": "Polygon", "coordinates": [ [ [ 14.8306151, 40.6459596 ], [ 14.8307086, 40.6460521 ], [ 14.8308062, 40.646012 ], [ 14.8307167, 40.6459071 ], [ 14.8306151, 40.6459596 ] ] ] } },
{ "type": "Feature", "properties": { "element": "way", "id": 242495728, "building": "yes", "amenity": null, "name": null, "denomination": null, "religion": null, "wikidata": null, "government": null, "office": null, "abandoned": null, "operator": null, "operator:wikidata": null, "wheelchair": null, "building:levels": null, "roof:levels": null, "addr:city": null, "addr:street": null, "alt_name": null, "leisure": null, "sport": null, "addr:postcode": null, "brand": null, "brand:wikidata": null, "opening_hours": null, "phone": null, "website": null, "shop": null, "addr:country": null, "addr:housenumber": null, "air_conditioning": null, "email": null, "fax": null, "internet_access": null, "internet_access:fee": null, "payment:mastercard": null, "payment:visa": null, "roof:shape": null, "rooms": null, "stars": null, "tourism": null, "check_date": null, "content": null, "man_made": null, "material": null, "source": null, "water": null, "cuisine": null, "layer": null, "contact:facebook": null, "type": null, "building:parts": null, "contact:email": null, "contact:phone": null, "height": 6.0 }, "geometry": { "type": "Polygon", "coordinates": [ [ [ 14.8307859, 40.6461786 ], [ 14.8309078, 40.6461447 ], [ 14.8308914, 40.6460893 ], [ 14.8307657, 40.6461108 ], [ 14.8307859, 40.6461786 ] ] ] } },
{ "type": "Feature", "properties": { "element": "way", "id": 242495729, "building": "yes", "amenity": null, "name": null, "denomination": null, "religion": null, "wikidata": null, "government": null, "office": null, "abandoned": null, "operator": null, "operator:wikidata": null, "wheelchair": null, "building:levels": null, "roof:levels": null, "addr:city": null, "addr:street": null, "alt_name": null, "leisure": null, "sport": null, "addr:postcode": null, "brand": null, "brand:wikidata": null, "opening_hours": null, "phone": null, "website": null, "shop": null, "addr:country": null, "addr:housenumber": null, "air_conditioning": null, "email": null, "fax": null, "internet_access": null, "internet_access:fee": null, "payment:mastercard": null, "payment:visa": null, "roof:shape": null, "rooms": null, "stars": null, "tourism": null, "check_date": null, "content": null, "man_made": null, "material": null, "source": null, "water": null, "cuisine": null, "layer": null, "contact:facebook": null, "type": null, "building:parts": null, "contact:email": null, "contact:phone": null, "height": 6.0 }, "geometry": { "type": "Polygon", "coordinates": [ [ [ 14.8301638, 40.6458547 ], [ 14.8303956, 40.6457622 ], [ 14.8303305, 40.6456604 ], [ 14.8300988, 40.6457529 ], [ 14.8301638, 40.6458547 ] ] ] } },
{ "type": "Feature", "properties": { "element": "way", "id": 242495730, "building": "yes", "amenity": null, "name": null, "denomination": null, "religion": null, "wikidata": null, "government": null, "office": null, "abandoned": null, "operator": null, "operator:wikidata": null, "wheelchair": null, "building:levels": null, "roof:levels": null, "addr:city": null, "addr:street": null, "alt_name": null, "leisure": null, "sport": null, "addr:postcode": null, "brand": null, "brand:wikidata": null, "opening_hours": null, "phone": null, "website": null, "shop": null, "addr:country": null, "addr:housenumber": null, "air_conditioning": null, "email": null, "fax": null, "internet_access": null, "internet_access:fee": null, "payment:mastercard": null, "payment:visa": null, "roof:shape": null, "rooms": null, "stars": null, "tourism": null, "check_date": null, "content": null, "man_made": null, "material": null, "source": null, "water": null, "cuisine": null, "layer": null, "contact:facebook": null, "type": null, "building:parts": null, "contact:email": null, "contact:phone": null, "height": 6.0 }, "geometry": { "type": "Polygon", "coordinates": [ [ [ 14.8295784, 40.645318 ], [ 14.8296801, 40.6454198 ], [ 14.8298752, 40.6452994 ], [ 14.8297939, 40.6451977 ], [ 14.8295784, 40.645318 ] ] ] } },
{ "type": "Feature", "properties": { "element": "way", "id": 242495731, "building": "industrial", "amenity": null, "name": null, "denomination": null, "religion": null, "wikidata": null, "government": null, "office": null, "abandoned": null, "operator": null, "operator:wikidata": null, "wheelchair": null, "building:levels": null, "roof:levels": null, "addr:city": null, "addr:street": null, "alt_name": null, "leisure": null, "sport": null, "addr:postcode": null, "brand": null, "brand:wikidata": null, "opening_hours": null, "phone": null, "website": null, "shop": null, "addr:country": null, "addr:housenumber": null, "air_conditioning": null, "email": null, "fax": null, "internet_access": null, "internet_access:fee": null, "payment:mastercard": null, "payment:visa": null, "roof:shape": null, "rooms": null, "stars": null, "tourism": null, "check_date": null, "content": null, "man_made": null, "material": null, "source": null, "water": null, "cuisine": null, "layer": null, "contact:facebook": null, "type": null, "building:parts": null, "contact:email": null, "contact:phone": null, "height": 6.0 }, "geometry": { "type": "Polygon", "coordinates": [ [ [ 14.8318001, 40.6455363 ], [ 14.8321637, 40.6453493 ], [ 14.8318657, 40.6450157 ], [ 14.8315021, 40.6452027 ], [ 14.8318001, 40.6455363 ] ] ] } },
{ "type": "Feature", "properties": { "element": "way", "id": 242495732, "building": "industrial", "amenity": null, "name": null, "denomination": null, "religion": null, "wikidata": null, "government": null, "office": null, "abandoned": null, "operator": null, "operator:wikidata": null, "wheelchair": null, "building:levels": null, "roof:levels": null, "addr:city": null, "addr:street": null, "alt_name": null, "leisure": null, "sport": null, "addr:postcode": null, "brand": null, "brand:wikidata": null, "opening_hours": null, "phone": null, "website": null, "shop": null, "addr:country": null, "addr:housenumber": null, "air_conditioning": null, "email": null, "fax": null, "internet_access": null, "internet_access:fee": null, "payment:mastercard": null, "payment:visa": null, "roof:shape": null, "rooms": null, "stars": null, "tourism": null, "check_date": null, "content": null, "man_made": null, "material": null, "source": null, "water": null, "cuisine": null, "layer": null, "contact:facebook": null, "type": null, "building:parts": null, "contact:email": null, "contact:phone": null, "height": 6.0 }, "geometry": { "type": "Polygon", "coordinates": [ [ [ 14.8307823, 40.6450847 ], [ 14.8312712, 40.6448362 ], [ 14.8308281, 40.6443341 ], [ 14.8306907, 40.644404 ], [ 14.8310491, 40.6448101 ], [ 14.8306975, 40.6449887 ], [ 14.8307823, 40.6450847 ] ] ] } },
{ "type": "Feature", "properties": { "element": "way", "id": 242495733, "building": "industrial", "amenity": null, "name": null, "denomination": null, "religion": null, "wikidata": null, "government": null, "office": null, "abandoned": null, "operator": null, "operator:wikidata": null, "wheelchair": null, "building:levels": null, "roof:levels": null, "addr:city": null, "addr:street": null, "alt_name": null, "leisure": null, "sport": null, "addr:postcode": null, "brand": null, "brand:wikidata": null, "opening_hours": null, "phone": null, "website": null, "shop": null, "addr:country": null, "addr:housenumber": null, "air_conditioning": null, "email": null, "fax": null, "internet_access": null, "internet_access:fee": null, "payment:mastercard": null, "payment:visa": null, "roof:shape": null, "rooms": null, "stars": null, "tourism": null, "check_date": null, "content": null, "man_made": null, "material": null, "source": null, "water": null, "cuisine": null, "layer": null, "contact:facebook": null, "type": null, "building:parts": null, "contact:email": null, "contact:phone": null, "height": 6.0 }, "geometry": { "type": "Polygon", "coordinates": [ [ [ 14.8317091, 40.6444333 ], [ 14.8323188, 40.6451041 ], [ 14.8326785, 40.6449158 ], [ 14.8320689, 40.644245 ], [ 14.8317091, 40.6444333 ] ] ] } },
{ "type": "Feature", "properties": { "element": "way", "id": 242495734, "building": "industrial", "amenity": null, "name": null, "denomination": null, "religion": null, "wikidata": null, "government": null, "office": null, "abandoned": null, "operator": null, "operator:wikidata": null, "wheelchair": null, "building:levels": null, "roof:levels": null, "addr:city": null, "addr:street": null, "alt_name": null, "leisure": null, "sport": null, "addr:postcode": null, "brand": null, "brand:wikidata": null, "opening_hours": null, "phone": null, "website": null, "shop": null, "addr:country": null, "addr:housenumber": null, "air_conditioning": null, "email": null, "fax": null, "internet_access": null, "internet_access:fee": null, "payment:mastercard": null, "payment:visa": null, "roof:shape": null, "rooms": null, "stars": null, "tourism": null, "check_date": null, "content": null, "man_made": null, "material": null, "source": null, "water": null, "cuisine": null, "layer": null, "contact:facebook": null, "type": null, "building:parts": null, "contact:email": null, "contact:phone": null, "height": 6.0 }, "geometry": { "type": "Polygon", "coordinates": [ [ [ 14.83269, 40.644911 ], [ 14.8329611, 40.6447757 ], [ 14.8323815, 40.6441072 ], [ 14.8321104, 40.6442425 ], [ 14.83269, 40.644911 ] ] ] } },
{ "type": "Feature", "properties": { "element": "way", "id": 242495735, "building": "industrial", "amenity": null, "name": null, "denomination": null, "religion": null, "wikidata": null, "government": null, "office": null, "abandoned": null, "operator": null, "operator:wikidata": null, "wheelchair": null, "building:levels": null, "roof:levels": null, "addr:city": null, "addr:street": null, "alt_name": null, "leisure": null, "sport": null, "addr:postcode": null, "brand": null, "brand:wikidata": null, "opening_hours": null, "phone": null, "website": null, "shop": null, "addr:country": null, "addr:housenumber": null, "air_conditioning": null, "email": null, "fax": null, "internet_access": null, "internet_access:fee": null, "payment:mastercard": null, "payment:visa": null, "roof:shape": null, "rooms": null, "stars": null, "tourism": null, "check_date": null, "content": null, "man_made": null, "material": null, "source": null, "water": null, "cuisine": null, "layer": null, "contact:facebook": null, "type": null, "building:parts": null, "contact:email": null, "contact:phone": null, "height": 6.0 }, "geometry": { "type": "Polygon", "coordinates": [ [ [ 14.8320462, 40.6454475 ], [ 14.8321478, 40.6455586 ], [ 14.8322738, 40.6455 ], [ 14.8321803, 40.6453858 ], [ 14.8320462, 40.6454475 ] ] ] } },
{ "type": "Feature", "properties": { "element": "way", "id": 242495736, "building": "industrial", "amenity": null, "name": null, "denomination": null, "religion": null, "wikidata": null, "government": null, "office": null, "abandoned": null, "operator": null, "operator:wikidata": null, "wheelchair": null, "building:levels": null, "roof:levels": null, "addr:city": null, "addr:street": null, "alt_name": null, "leisure": null, "sport": null, "addr:postcode": null, "brand": null, "brand:wikidata": null, "opening_hours": null, "phone": null, "website": null, "shop": null, "addr:country": null, "addr:housenumber": null, "air_conditioning": null, "email": null, "fax": null, "internet_access": null, "internet_access:fee": null, "payment:mastercard": null, "payment:visa": null, "roof:shape": null, "rooms": null, "stars": null, "tourism": null, "check_date": null, "content": null, "man_made": null, "material": null, "source": null, "water": null, "cuisine": null, "layer": null, "contact:facebook": null, "type": null, "building:parts": null, "contact:email": null, "contact:phone": null, "height": 6.0 }, "geometry": { "type": "Polygon", "coordinates": [ [ [ 14.8323329, 40.6453064 ], [ 14.8324934, 40.6455 ], [ 14.8333128, 40.6452485 ], [ 14.8331962, 40.6450297 ], [ 14.8330646, 40.6450701 ], [ 14.8331417, 40.6452149 ], [ 14.8325747, 40.6453889 ], [ 14.8324571, 40.6452471 ], [ 14.8323329, 40.6453064 ] ] ] } },
{ "type": "Feature", "properties": { "element": "way", "id": 242495737, "building": "industrial", "amenity": null, "name": null, "denomination": null, "religion": null, "wikidata": null, "government": null, "office": null, "abandoned": null, "operator": null, "operator:wikidata": null, "wheelchair": null, "building:levels": null, "roof:levels": null, "addr:city": null, "addr:street": null, "alt_name": null, "leisure": null, "sport": null, "addr:postcode": null, "brand": null, "brand:wikidata": null, "opening_hours": null, "phone": null, "website": null, "shop": null, "addr:country": null, "addr:housenumber": null, "air_conditioning": null, "email": null, "fax": null, "internet_access": null, "internet_access:fee": null, "payment:mastercard": null, "payment:visa": null, "roof:shape": null, "rooms": null, "stars": null, "tourism": null, "check_date": null, "content": null, "man_made": null, "material": null, "source": null, "water": null, "cuisine": null, "layer": null, "contact:facebook": null, "type": null, "building:parts": null, "contact:email": null, "contact:phone": null, "height": 6.0 }, "geometry": { "type": "Polygon", "coordinates": [ [ [ 14.8312127, 40.6443308 ], [ 14.8309973, 40.6444388 ], [ 14.8312087, 40.644664 ], [ 14.8314079, 40.6445684 ], [ 14.8312127, 40.6443308 ] ] ] } },
{ "type": "Feature", "properties": { "element": "way", "id": 242495738, "building": "industrial", "amenity": null, "name": null, "denomination": null, "religion": null, "wikidata": null, "government": null, "office": null, "abandoned": null, "operator": null, "operator:wikidata": null, "wheelchair": null, "building:levels": null, "roof:levels": null, "addr:city": null, "addr:street": null, "alt_name": null, "leisure": null, "sport": null, "addr:postcode": null, "brand": null, "brand:wikidata": null, "opening_hours": null, "phone": null, "website": null, "shop": null, "addr:country": null, "addr:housenumber": null, "air_conditioning": null, "email": null, "fax": null, "internet_access": null, "internet_access:fee": null, "payment:mastercard": null, "payment:visa": null, "roof:shape": null, "rooms": null, "stars": null, "tourism": null, "check_date": null, "content": null, "man_made": null, "material": null, "source": null, "water": null, "cuisine": null, "layer": null, "contact:facebook": null, "type": null, "building:parts": null, "contact:email": null, "contact:phone": null, "height": 6.0 }, "geometry": { "type": "Polygon", "coordinates": [ [ [ 14.8310282, 40.6440446 ], [ 14.8309038, 40.6441674 ], [ 14.830929, 40.6441977 ], [ 14.8308147, 40.6442526 ], [ 14.8307694, 40.6441982 ], [ 14.8308497, 40.6441597 ], [ 14.8308021, 40.6441026 ], [ 14.8309231, 40.6439832 ], [ 14.8310282, 40.6440446 ] ] ] } },
{ "type": "Feature", "properties": { "element": "way", "id": 242566553, "building": "residential", "amenity": null, "name": null, "denomination": null, "religion": null, "wikidata": null, "government": null, "office": null, "abandoned": null, "operator": null, "operator:wikidata": null, "wheelchair": null, "building:levels": null, "roof:levels": null, "addr:city": null, "addr:street": null, "alt_name": null, "leisure": null, "sport": null, "addr:postcode": null, "brand": null, "brand:wikidata": null, "opening_hours": null, "phone": null, "website": null, "shop": null, "addr:country": null, "addr:housenumber": null, "air_conditioning": null, "email": null, "fax": null, "internet_access": null, "internet_access:fee": null, "payment:mastercard": null, "payment:visa": null, "roof:shape": null, "rooms": null, "stars": null, "tourism": null, "check_date": null, "content": null, "man_made": null, "material": null, "source": null, "water": null, "cuisine": null, "layer": null, "contact:facebook": null, "type": null, "building:parts": null, "contact:email": null, "contact:phone": null, "height": 6.0 }, "geometry": { "type": "Polygon", "coordinates": [ [ [ 14.8313753, 40.6463261 ], [ 14.8314759, 40.6464979 ], [ 14.8315467, 40.6465138 ], [ 14.8319208, 40.6463878 ], [ 14.8318683, 40.6462981 ], [ 14.8314734, 40.6464312 ], [ 14.8314059, 40.6463158 ], [ 14.8313753, 40.6463261 ] ] ] } },
{ "type": "Feature", "properties": { "element": "way", "id": 242566554, "building": "residential", "amenity": null, "name": null, "denomination": null, "religion": null, "wikidata": null, "government": null, "office": null, "abandoned": null, "operator": null, "operator:wikidata": null, "wheelchair": null, "building:levels": null, "roof:levels": null, "addr:city": null, "addr:street": null, "alt_name": null, "leisure": null, "sport": null, "addr:postcode": null, "brand": null, "brand:wikidata": null, "opening_hours": null, "phone": null, "website": null, "shop": null, "addr:country": null, "addr:housenumber": null, "air_conditioning": null, "email": null, "fax": null, "internet_access": null, "internet_access:fee": null, "payment:mastercard": null, "payment:visa": null, "roof:shape": null, "rooms": null, "stars": null, "tourism": null, "check_date": null, "content": null, "man_made": null, "material": null, "source": null, "water": null, "cuisine": null, "layer": null, "contact:facebook": null, "type": null, "building:parts": null, "contact:email": null, "contact:phone": null, "height": 6.0 }, "geometry": { "type": "Polygon", "coordinates": [ [ [ 14.8317847, 40.6461811 ], [ 14.8318282, 40.6462577 ], [ 14.8318532, 40.6462495 ], [ 14.8318768, 40.6462909 ], [ 14.8320461, 40.6462356 ], [ 14.8319791, 40.6461176 ], [ 14.8317847, 40.6461811 ] ] ] } },
{ "type": "Feature", "properties": { "element": "way", "id": 242566555, "building": "school", "amenity": null, "name": null, "denomination": null, "religion": null, "wikidata": null, "government": null, "office": null, "abandoned": null, "operator": null, "operator:wikidata": null, "wheelchair": null, "building:levels": null, "roof:levels": null, "addr:city": null, "addr:street": null, "alt_name": null, "leisure": null, "sport": null, "addr:postcode": null, "brand": null, "brand:wikidata": null, "opening_hours": null, "phone": null, "website": null, "shop": null, "addr:country": null, "addr:housenumber": null, "air_conditioning": null, "email": null, "fax": null, "internet_access": null, "internet_access:fee": null, "payment:mastercard": null, "payment:visa": null, "roof:shape": null, "rooms": null, "stars": null, "tourism": null, "check_date": null, "content": null, "man_made": null, "material": null, "source": null, "water": null, "cuisine": null, "layer": null, "contact:facebook": null, "type": null, "building:parts": null, "contact:email": null, "contact:phone": null, "height": 6.0 }, "geometry": { "type": "Polygon", "coordinates": [ [ [ 14.8327268, 40.6464724 ], [ 14.8331089, 40.6464137 ], [ 14.833074, 40.6462833 ], [ 14.8327892, 40.6463271 ], [ 14.8328118, 40.6464115 ], [ 14.8327145, 40.6464264 ], [ 14.8327268, 40.6464724 ] ] ] } },
{ "type": "Feature", "properties": { "element": "way", "id": 242566556, "building": "yes", "amenity": null, "name": null, "denomination": null, "religion": null, "wikidata": null, "government": null, "office": null, "abandoned": null, "operator": null, "operator:wikidata": null, "wheelchair": null, "building:levels": null, "roof:levels": null, "addr:city": null, "addr:street": null, "alt_name": null, "leisure": null, "sport": null, "addr:postcode": null, "brand": null, "brand:wikidata": null, "opening_hours": null, "phone": null, "website": null, "shop": null, "addr:country": null, "addr:housenumber": null, "air_conditioning": null, "email": null, "fax": null, "internet_access": null, "internet_access:fee": null, "payment:mastercard": null, "payment:visa": null, "roof:shape": null, "rooms": null, "stars": null, "tourism": null, "check_date": null, "content": null, "man_made": null, "material": null, "source": null, "water": null, "cuisine": null, "layer": null, "contact:facebook": null, "type": null, "building:parts": null, "contact:email": null, "contact:phone": null, "height": 6.0 }, "geometry": { "type": "Polygon", "coordinates": [ [ [ 14.8323727, 40.6464369 ], [ 14.8325086, 40.6464093 ], [ 14.832471, 40.6463027 ], [ 14.8323351, 40.6463303 ], [ 14.8323727, 40.6464369 ] ] ] } },
{ "type": "Feature", "properties": { "element": "way", "id": 242566557, "building": "yes", "amenity": null, "name": null, "denomination": null, "religion": null, "wikidata": null, "government": null, "office": null, "abandoned": null, "operator": null, "operator:wikidata": null, "wheelchair": null, "building:levels": null, "roof:levels": null, "addr:city": null, "addr:street": null, "alt_name": null, "leisure": null, "sport": null, "addr:postcode": null, "brand": null, "brand:wikidata": null, "opening_hours": null, "phone": null, "website": null, "shop": null, "addr:country": null, "addr:housenumber": null, "air_conditioning": null, "email": null, "fax": null, "internet_access": null, "internet_access:fee": null, "payment:mastercard": null, "payment:visa": null, "roof:shape": null, "rooms": null, "stars": null, "tourism": null, "check_date": null, "content": null, "man_made": null, "material": null, "source": null, "water": null, "cuisine": null, "layer": null, "contact:facebook": null, "type": null, "building:parts": null, "contact:email": null, "contact:phone": null, "height": 6.0 }, "geometry": { "type": "Polygon", "coordinates": [ [ [ 14.832387, 40.6466399 ], [ 14.832451, 40.6466315 ], [ 14.8324275, 40.6465284 ], [ 14.8323636, 40.6465368 ], [ 14.832387, 40.6466399 ] ] ] } },
{ "type": "Feature", "properties": { "element": "way", "id": 242566558, "building": "yes", "amenity": null, "name": null, "denomination": null, "religion": null, "wikidata": null, "government": null, "office": null, "abandoned": null, "operator": null, "operator:wikidata": null, "wheelchair": null, "building:levels": null, "roof:levels": null, "addr:city": null, "addr:street": null, "alt_name": null, "leisure": null, "sport": null, "addr:postcode": null, "brand": null, "brand:wikidata": null, "opening_hours": null, "phone": null, "website": null, "shop": null, "addr:country": null, "addr:housenumber": null, "air_conditioning": null, "email": null, "fax": null, "internet_access": null, "internet_access:fee": null, "payment:mastercard": null, "payment:visa": null, "roof:shape": null, "rooms": null, "stars": null, "tourism": null, "check_date": null, "content": null, "man_made": null, "material": null, "source": null, "water": null, "cuisine": null, "layer": null, "contact:facebook": null, "type": null, "building:parts": null, "contact:email": null, "contact:phone": null, "height": 6.0 }, "geometry": { "type": "Polygon", "coordinates": [ [ [ 14.8327773, 40.6466471 ], [ 14.8328925, 40.6466337 ], [ 14.832867, 40.6465069 ], [ 14.8327517, 40.6465203 ], [ 14.8327773, 40.6466471 ] ] ] } },
{ "type": "Feature", "properties": { "element": "way", "id": 242566559, "building": "yes", "amenity": null, "name": null, "denomination": null, "religion": null, "wikidata": null, "government": null, "office": null, "abandoned": null, "operator": null, "operator:wikidata": null, "wheelchair": null, "building:levels": null, "roof:levels": null, "addr:city": null, "addr:street": null, "alt_name": null, "leisure": null, "sport": null, "addr:postcode": null, "brand": null, "brand:wikidata": null, "opening_hours": null, "phone": null, "website": null, "shop": null, "addr:country": null, "addr:housenumber": null, "air_conditioning": null, "email": null, "fax": null, "internet_access": null, "internet_access:fee": null, "payment:mastercard": null, "payment:visa": null, "roof:shape": null, "rooms": null, "stars": null, "tourism": null, "check_date": null, "content": null, "man_made": null, "material": null, "source": null, "water": null, "cuisine": null, "layer": null, "contact:facebook": null, "type": null, "building:parts": null, "contact:email": null, "contact:phone": null, "height": 6.0 }, "geometry": { "type": "Polygon", "coordinates": [ [ [ 14.8325351, 40.6466432 ], [ 14.8326064, 40.646637 ], [ 14.8325924, 40.6465452 ], [ 14.8325212, 40.6465515 ], [ 14.8325351, 40.6466432 ] ] ] } },
{ "type": "Feature", "properties": { "element": "way", "id": 242566560, "building": "yes", "amenity": null, "name": null, "denomination": null, "religion": null, "wikidata": null, "government": null, "office": null, "abandoned": null, "operator": null, "operator:wikidata": null, "wheelchair": null, "building:levels": null, "roof:levels": null, "addr:city": null, "addr:street": null, "alt_name": null, "leisure": null, "sport": null, "addr:postcode": null, "brand": null, "brand:wikidata": null, "opening_hours": null, "phone": null, "website": null, "shop": null, "addr:country": null, "addr:housenumber": null, "air_conditioning": null, "email": null, "fax": null, "internet_access": null, "internet_access:fee": null, "payment:mastercard": null, "payment:visa": null, "roof:shape": null, "rooms": null, "stars": null, "tourism": null, "check_date": null, "content": null, "man_made": null, "material": null, "source": null, "water": null, "cuisine": null, "layer": null, "contact:facebook": null, "type": null, "building:parts": null, "contact:email": null, "contact:phone": null, "height": 6.0 }, "geometry": { "type": "Polygon", "coordinates": [ [ [ 14.832373, 40.6461101 ], [ 14.832426, 40.6461529 ], [ 14.8325061, 40.6460957 ], [ 14.832453, 40.6460529 ], [ 14.832373, 40.6461101 ] ] ] } },
{ "type": "Feature", "properties": { "element": "way", "id": 242566561, "building": "industrial", "amenity": null, "name": null, "denomination": null, "religion": null, "wikidata": null, "government": null, "office": null, "abandoned": null, "operator": null, "operator:wikidata": null, "wheelchair": null, "building:levels": null, "roof:levels": null, "addr:city": null, "addr:street": null, "alt_name": null, "leisure": null, "sport": null, "addr:postcode": null, "brand": null, "brand:wikidata": null, "opening_hours": null, "phone": null, "website": null, "shop": null, "addr:country": null, "addr:housenumber": null, "air_conditioning": null, "email": null, "fax": null, "internet_access": null, "internet_access:fee": null, "payment:mastercard": null, "payment:visa": null, "roof:shape": null, "rooms": null, "stars": null, "tourism": null, "check_date": null, "content": null, "man_made": null, "material": null, "source": null, "water": null, "cuisine": null, "layer": null, "contact:facebook": null, "type": null, "building:parts": null, "contact:email": null, "contact:phone": null, "height": 6.0 }, "geometry": { "type": "Polygon", "coordinates": [ [ [ 14.8350051, 40.6444857 ], [ 14.8353839, 40.6442868 ], [ 14.8344136, 40.6432233 ], [ 14.8335989, 40.6436512 ], [ 14.8338804, 40.6439598 ], [ 14.8343164, 40.6437308 ], [ 14.8350051, 40.6444857 ] ] ] } },
{ "type": "Feature", "properties": { "element": "way", "id": 242566562, "building": "industrial", "amenity": null, "name": null, "denomination": null, "religion": null, "wikidata": null, "government": null, "office": null, "abandoned": null, "operator": null, "operator:wikidata": null, "wheelchair": null, "building:levels": null, "roof:levels": null, "addr:city": null, "addr:street": null, "alt_name": null, "leisure": null, "sport": null, "addr:postcode": null, "brand": null, "brand:wikidata": null, "opening_hours": null, "phone": null, "website": null, "shop": null, "addr:country": null, "addr:housenumber": null, "air_conditioning": null, "email": null, "fax": null, "internet_access": null, "internet_access:fee": null, "payment:mastercard": null, "payment:visa": null, "roof:shape": null, "rooms": null, "stars": null, "tourism": null, "check_date": null, "content": null, "man_made": null, "material": null, "source": null, "water": null, "cuisine": null, "layer": null, "contact:facebook": null, "type": null, "building:parts": null, "contact:email": null, "contact:phone": null, "height": 6.0 }, "geometry": { "type": "Polygon", "coordinates": [ [ [ 14.8352942, 40.6438868 ], [ 14.8354494, 40.6440627 ], [ 14.8355512, 40.644011 ], [ 14.8353961, 40.6438351 ], [ 14.8352942, 40.6438868 ] ] ] } },
{ "type": "Feature", "properties": { "element": "way", "id": 242566563, "building": "industrial", "amenity": null, "name": null, "denomination": null, "religion": null, "wikidata": null, "government": null, "office": null, "abandoned": null, "operator": null, "operator:wikidata": null, "wheelchair": null, "building:levels": null, "roof:levels": null, "addr:city": null, "addr:street": null, "alt_name": null, "leisure": null, "sport": null, "addr:postcode": null, "brand": null, "brand:wikidata": null, "opening_hours": null, "phone": null, "website": null, "shop": null, "addr:country": null, "addr:housenumber": null, "air_conditioning": null, "email": null, "fax": null, "internet_access": null, "internet_access:fee": null, "payment:mastercard": null, "payment:visa": null, "roof:shape": null, "rooms": null, "stars": null, "tourism": null, "check_date": null, "content": null, "man_made": null, "material": null, "source": null, "water": null, "cuisine": null, "layer": null, "contact:facebook": null, "type": null, "building:parts": null, "contact:email": null, "contact:phone": null, "height": 6.0 }, "geometry": { "type": "Polygon", "coordinates": [ [ [ 14.8354236, 40.6436497 ], [ 14.8355145, 40.6436032 ], [ 14.8357185, 40.6438324 ], [ 14.8357809, 40.6438105 ], [ 14.835535, 40.6435341 ], [ 14.8353878, 40.6436095 ], [ 14.8354236, 40.6436497 ] ] ] } },
{ "type": "Feature", "properties": { "element": "way", "id": 242566564, "building": "residential", "amenity": null, "name": null, "denomination": null, "religion": null, "wikidata": null, "government": null, "office": null, "abandoned": null, "operator": null, "operator:wikidata": null, "wheelchair": null, "building:levels": null, "roof:levels": null, "addr:city": null, "addr:street": null, "alt_name": null, "leisure": null, "sport": null, "addr:postcode": null, "brand": null, "brand:wikidata": null, "opening_hours": null, "phone": null, "website": null, "shop": null, "addr:country": null, "addr:housenumber": null, "air_conditioning": null, "email": null, "fax": null, "internet_access": null, "internet_access:fee": null, "payment:mastercard": null, "payment:visa": null, "roof:shape": null, "rooms": null, "stars": null, "tourism": null, "check_date": null, "content": null, "man_made": null, "material": null, "source": null, "water": null, "cuisine": null, "layer": null, "contact:facebook": null, "type": null, "building:parts": null, "contact:email": null, "contact:phone": null, "height": 6.0 }, "geometry": { "type": "Polygon", "coordinates": [ [ [ 14.8276887, 40.6418671 ], [ 14.8277479, 40.6419073 ], [ 14.8277885, 40.6418729 ], [ 14.8279168, 40.6419599 ], [ 14.8280263, 40.6418671 ], [ 14.8278387, 40.6417398 ], [ 14.8276887, 40.6418671 ] ] ] } },
{ "type": "Feature", "properties": { "element": "way", "id": 242566565, "building": "residential", "amenity": null, "name": null, "denomination": null, "religion": null, "wikidata": null, "government": null, "office": null, "abandoned": null, "operator": null, "operator:wikidata": null, "wheelchair": null, "building:levels": null, "roof:levels": null, "addr:city": null, "addr:street": null, "alt_name": null, "leisure": null, "sport": null, "addr:postcode": null, "brand": null, "brand:wikidata": null, "opening_hours": null, "phone": null, "website": null, "shop": null, "addr:country": null, "addr:housenumber": null, "air_conditioning": null, "email": null, "fax": null, "internet_access": null, "internet_access:fee": null, "payment:mastercard": null, "payment:visa": null, "roof:shape": null, "rooms": null, "stars": null, "tourism": null, "check_date": null, "content": null, "man_made": null, "material": null, "source": null, "water": null, "cuisine": null, "layer": null, "contact:facebook": null, "type": null, "building:parts": null, "contact:email": null, "contact:phone": null, "height": 6.0 }, "geometry": { "type": "Polygon", "coordinates": [ [ [ 14.8280402, 40.6415907 ], [ 14.8281913, 40.6416826 ], [ 14.8282932, 40.6415861 ], [ 14.8281421, 40.6414942 ], [ 14.8280402, 40.6415907 ] ] ] } },
{ "type": "Feature", "properties": { "element": "way", "id": 242566566, "building": "yes", "amenity": null, "name": null, "denomination": null, "religion": null, "wikidata": null, "government": null, "office": null, "abandoned": null, "operator": null, "operator:wikidata": null, "wheelchair": null, "building:levels": null, "roof:levels": null, "addr:city": null, "addr:street": null, "alt_name": null, "leisure": null, "sport": null, "addr:postcode": null, "brand": null, "brand:wikidata": null, "opening_hours": null, "phone": null, "website": null, "shop": null, "addr:country": null, "addr:housenumber": null, "air_conditioning": null, "email": null, "fax": null, "internet_access": null, "internet_access:fee": null, "payment:mastercard": null, "payment:visa": null, "roof:shape": null, "rooms": null, "stars": null, "tourism": null, "check_date": null, "content": null, "man_made": null, "material": null, "source": null, "water": null, "cuisine": null, "layer": null, "contact:facebook": null, "type": null, "building:parts": null, "contact:email": null, "contact:phone": null, "height": 6.0 }, "geometry": { "type": "Polygon", "coordinates": [ [ [ 14.8283102, 40.6420572 ], [ 14.8284445, 40.6421327 ], [ 14.8286365, 40.641936 ], [ 14.8285023, 40.6418605 ], [ 14.8283102, 40.6420572 ] ] ] } },
{ "type": "Feature", "properties": { "element": "way", "id": 242566567, "building": "yes", "amenity": null, "name": null, "denomination": null, "religion": null, "wikidata": null, "government": null, "office": null, "abandoned": null, "operator": null, "operator:wikidata": null, "wheelchair": null, "building:levels": null, "roof:levels": null, "addr:city": null, "addr:street": null, "alt_name": null, "leisure": null, "sport": null, "addr:postcode": null, "brand": null, "brand:wikidata": null, "opening_hours": null, "phone": null, "website": null, "shop": null, "addr:country": null, "addr:housenumber": null, "air_conditioning": null, "email": null, "fax": null, "internet_access": null, "internet_access:fee": null, "payment:mastercard": null, "payment:visa": null, "roof:shape": null, "rooms": null, "stars": null, "tourism": null, "check_date": null, "content": null, "man_made": null, "material": null, "source": null, "water": null, "cuisine": null, "layer": null, "contact:facebook": null, "type": null, "building:parts": null, "contact:email": null, "contact:phone": null, "height": 6.0 }, "geometry": { "type": "Polygon", "coordinates": [ [ [ 14.8286744, 40.6417012 ], [ 14.8287709, 40.6417706 ], [ 14.8288412, 40.6417144 ], [ 14.8287447, 40.641645 ], [ 14.8286744, 40.6417012 ] ] ] } },
{ "type": "Feature", "properties": { "element": "way", "id": 242566568, "building": "yes", "amenity": null, "name": null, "denomination": null, "religion": null, "wikidata": null, "government": null, "office": null, "abandoned": null, "operator": null, "operator:wikidata": null, "wheelchair": null, "building:levels": null, "roof:levels": null, "addr:city": null, "addr:street": null, "alt_name": null, "leisure": null, "sport": null, "addr:postcode": null, "brand": null, "brand:wikidata": null, "opening_hours": null, "phone": null, "website": null, "shop": null, "addr:country": null, "addr:housenumber": null, "air_conditioning": null, "email": null, "fax": null, "internet_access": null, "internet_access:fee": null, "payment:mastercard": null, "payment:visa": null, "roof:shape": null, "rooms": null, "stars": null, "tourism": null, "check_date": null, "content": null, "man_made": null, "material": null, "source": null, "water": null, "cuisine": null, "layer": null, "contact:facebook": null, "type": null, "building:parts": null, "contact:email": null, "contact:phone": null, "height": 6.0 }, "geometry": { "type": "Polygon", "coordinates": [ [ [ 14.8281209, 40.6413871 ], [ 14.8285083, 40.6416963 ], [ 14.8285871, 40.6416395 ], [ 14.8282404, 40.6413627 ], [ 14.8283249, 40.641261 ], [ 14.8282724, 40.6412145 ], [ 14.8281209, 40.6413871 ] ] ] } },
{ "type": "Feature", "properties": { "element": "way", "id": 242566569, "building": "yes", "amenity": null, "name": null, "denomination": null, "religion": null, "wikidata": null, "government": null, "office": null, "abandoned": null, "operator": null, "operator:wikidata": null, "wheelchair": null, "building:levels": null, "roof:levels": null, "addr:city": null, "addr:street": null, "alt_name": null, "leisure": null, "sport": null, "addr:postcode": null, "brand": null, "brand:wikidata": null, "opening_hours": null, "phone": null, "website": null, "shop": null, "addr:country": null, "addr:housenumber": null, "air_conditioning": null, "email": null, "fax": null, "internet_access": null, "internet_access:fee": null, "payment:mastercard": null, "payment:visa": null, "roof:shape": null, "rooms": null, "stars": null, "tourism": null, "check_date": null, "content": null, "man_made": null, "material": null, "source": null, "water": null, "cuisine": null, "layer": null, "contact:facebook": null, "type": null, "building:parts": null, "contact:email": null, "contact:phone": null, "height": 6.0 }, "geometry": { "type": "Polygon", "coordinates": [ [ [ 14.8277192, 40.6427117 ], [ 14.8278229, 40.6428146 ], [ 14.8278818, 40.6427805 ], [ 14.8278498, 40.6427584 ], [ 14.8278906, 40.6427407 ], [ 14.8279194, 40.6427693 ], [ 14.8281444, 40.6426387 ], [ 14.8280178, 40.6425131 ], [ 14.8277899, 40.6426452 ], [ 14.827849, 40.6427038 ], [ 14.8278173, 40.6427222 ], [ 14.8277744, 40.6426797 ], [ 14.8277192, 40.6427117 ] ] ] } },
{ "type": "Feature", "properties": { "element": "way", "id": 242566570, "building": "yes", "amenity": null, "name": null, "denomination": null, "religion": null, "wikidata": null, "government": null, "office": null, "abandoned": null, "operator": null, "operator:wikidata": null, "wheelchair": null, "building:levels": null, "roof:levels": null, "addr:city": null, "addr:street": null, "alt_name": null, "leisure": null, "sport": null, "addr:postcode": null, "brand": null, "brand:wikidata": null, "opening_hours": null, "phone": null, "website": null, "shop": null, "addr:country": null, "addr:housenumber": null, "air_conditioning": null, "email": null, "fax": null, "internet_access": null, "internet_access:fee": null, "payment:mastercard": null, "payment:visa": null, "roof:shape": null, "rooms": null, "stars": null, "tourism": null, "check_date": null, "content": null, "man_made": null, "material": null, "source": null, "water": null, "cuisine": null, "layer": null, "contact:facebook": null, "type": null, "building:parts": null, "contact:email": null, "contact:phone": null, "height": 6.0 }, "geometry": { "type": "Polygon", "coordinates": [ [ [ 14.8280917, 40.6422895 ], [ 14.8282081, 40.642386 ], [ 14.8282928, 40.6423272 ], [ 14.8281646, 40.6422209 ], [ 14.8280917, 40.6422895 ] ] ] } },
{ "type": "Feature", "properties": { "element": "way", "id": 242566571, "building": "yes", "amenity": null, "name": null, "denomination": null, "religion": null, "wikidata": null, "government": null, "office": null, "abandoned": null, "operator": null, "operator:wikidata": null, "wheelchair": null, "building:levels": null, "roof:levels": null, "addr:city": null, "addr:street": null, "alt_name": null, "leisure": null, "sport": null, "addr:postcode": null, "brand": null, "brand:wikidata": null, "opening_hours": null, "phone": null, "website": null, "shop": null, "addr:country": null, "addr:housenumber": null, "air_conditioning": null, "email": null, "fax": null, "internet_access": null, "internet_access:fee": null, "payment:mastercard": null, "payment:visa": null, "roof:shape": null, "rooms": null, "stars": null, "tourism": null, "check_date": null, "content": null, "man_made": null, "material": null, "source": null, "water": null, "cuisine": null, "layer": null, "contact:facebook": null, "type": null, "building:parts": null, "contact:email": null, "contact:phone": null, "height": 6.0 }, "geometry": { "type": "Polygon", "coordinates": [ [ [ 14.8282316, 40.6422298 ], [ 14.8283628, 40.6423293 ], [ 14.8283949, 40.6422961 ], [ 14.8282695, 40.642201 ], [ 14.8282316, 40.6422298 ] ] ] } },
{ "type": "Feature", "properties": { "element": "way", "id": 242566572, "building": "industrial", "amenity": null, "name": null, "denomination": null, "religion": null, "wikidata": null, "government": null, "office": null, "abandoned": null, "operator": null, "operator:wikidata": null, "wheelchair": null, "building:levels": null, "roof:levels": null, "addr:city": null, "addr:street": null, "alt_name": null, "leisure": null, "sport": null, "addr:postcode": null, "brand": null, "brand:wikidata": null, "opening_hours": null, "phone": null, "website": null, "shop": null, "addr:country": null, "addr:housenumber": null, "air_conditioning": null, "email": null, "fax": null, "internet_access": null, "internet_access:fee": null, "payment:mastercard": null, "payment:visa": null, "roof:shape": null, "rooms": null, "stars": null, "tourism": null, "check_date": null, "content": null, "man_made": null, "material": null, "source": null, "water": null, "cuisine": null, "layer": null, "contact:facebook": null, "type": null, "building:parts": null, "contact:email": null, "contact:phone": null, "height": 6.0 }, "geometry": { "type": "Polygon", "coordinates": [ [ [ 14.8313545, 40.6413217 ], [ 14.8314989, 40.6414379 ], [ 14.8317639, 40.6412484 ], [ 14.8316195, 40.6411322 ], [ 14.8313545, 40.6413217 ] ] ] } },
{ "type": "Feature", "properties": { "element": "way", "id": 242566573, "building": "yes", "amenity": null, "name": null, "denomination": null, "religion": null, "wikidata": null, "government": null, "office": null, "abandoned": null, "operator": null, "operator:wikidata": null, "wheelchair": null, "building:levels": null, "roof:levels": null, "addr:city": null, "addr:street": null, "alt_name": null, "leisure": null, "sport": null, "addr:postcode": null, "brand": null, "brand:wikidata": null, "opening_hours": null, "phone": null, "website": null, "shop": null, "addr:country": null, "addr:housenumber": null, "air_conditioning": null, "email": null, "fax": null, "internet_access": null, "internet_access:fee": null, "payment:mastercard": null, "payment:visa": null, "roof:shape": null, "rooms": null, "stars": null, "tourism": null, "check_date": null, "content": null, "man_made": null, "material": null, "source": null, "water": null, "cuisine": null, "layer": null, "contact:facebook": null, "type": null, "building:parts": null, "contact:email": null, "contact:phone": null, "height": 6.0 }, "geometry": { "type": "Polygon", "coordinates": [ [ [ 14.8307071, 40.641894 ], [ 14.8308071, 40.6419748 ], [ 14.8309204, 40.641894 ], [ 14.8308204, 40.6418132 ], [ 14.8307071, 40.641894 ] ] ] } },
{ "type": "Feature", "properties": { "element": "way", "id": 242566574, "building": "yes", "amenity": null, "name": null, "denomination": null, "religion": null, "wikidata": null, "government": null, "office": null, "abandoned": null, "operator": null, "operator:wikidata": null, "wheelchair": null, "building:levels": null, "roof:levels": null, "addr:city": null, "addr:street": null, "alt_name": null, "leisure": null, "sport": null, "addr:postcode": null, "brand": null, "brand:wikidata": null, "opening_hours": null, "phone": null, "website": null, "shop": null, "addr:country": null, "addr:housenumber": null, "air_conditioning": null, "email": null, "fax": null, "internet_access": null, "internet_access:fee": null, "payment:mastercard": null, "payment:visa": null, "roof:shape": null, "rooms": null, "stars": null, "tourism": null, "check_date": null, "content": null, "man_made": null, "material": null, "source": null, "water": null, "cuisine": null, "layer": null, "contact:facebook": null, "type": null, "building:parts": null, "contact:email": null, "contact:phone": null, "height": 6.0 }, "geometry": { "type": "Polygon", "coordinates": [ [ [ 14.8310229, 40.6417919 ], [ 14.8310859, 40.6418433 ], [ 14.8312108, 40.6417553 ], [ 14.8311478, 40.6417039 ], [ 14.8310229, 40.6417919 ] ] ] } },
{ "type": "Feature", "properties": { "element": "way", "id": 242566575, "building": "yes", "amenity": null, "name": null, "denomination": null, "religion": null, "wikidata": null, "government": null, "office": null, "abandoned": null, "operator": null, "operator:wikidata": null, "wheelchair": null, "building:levels": null, "roof:levels": null, "addr:city": null, "addr:street": null, "alt_name": null, "leisure": null, "sport": null, "addr:postcode": null, "brand": null, "brand:wikidata": null, "opening_hours": null, "phone": null, "website": null, "shop": null, "addr:country": null, "addr:housenumber": null, "air_conditioning": null, "email": null, "fax": null, "internet_access": null, "internet_access:fee": null, "payment:mastercard": null, "payment:visa": null, "roof:shape": null, "rooms": null, "stars": null, "tourism": null, "check_date": null, "content": null, "man_made": null, "material": null, "source": null, "water": null, "cuisine": null, "layer": null, "contact:facebook": null, "type": null, "building:parts": null, "contact:email": null, "contact:phone": null, "height": 6.0 }, "geometry": { "type": "Polygon", "coordinates": [ [ [ 14.8314359, 40.6420582 ], [ 14.8314819, 40.6420975 ], [ 14.8314544, 40.6421314 ], [ 14.8314647, 40.6421601 ], [ 14.8315023, 40.6421923 ], [ 14.8317427, 40.6420301 ], [ 14.8316257, 40.6419302 ], [ 14.8314359, 40.6420582 ] ] ] } },
{ "type": "Feature", "properties": { "element": "way", "id": 242566576, "building": "yes", "amenity": null, "name": null, "denomination": null, "religion": null, "wikidata": null, "government": null, "office": null, "abandoned": null, "operator": null, "operator:wikidata": null, "wheelchair": null, "building:levels": null, "roof:levels": null, "addr:city": null, "addr:street": null, "alt_name": null, "leisure": null, "sport": null, "addr:postcode": null, "brand": null, "brand:wikidata": null, "opening_hours": null, "phone": null, "website": null, "shop": null, "addr:country": null, "addr:housenumber": null, "air_conditioning": null, "email": null, "fax": null, "internet_access": null, "internet_access:fee": null, "payment:mastercard": null, "payment:visa": null, "roof:shape": null, "rooms": null, "stars": null, "tourism": null, "check_date": null, "content": null, "man_made": null, "material": null, "source": null, "water": null, "cuisine": null, "layer": null, "contact:facebook": null, "type": null, "building:parts": null, "contact:email": null, "contact:phone": null, "height": 6.0 }, "geometry": { "type": "Polygon", "coordinates": [ [ [ 14.8310454, 40.6423247 ], [ 14.8311721, 40.6424258 ], [ 14.8312506, 40.6423692 ], [ 14.8311238, 40.6422681 ], [ 14.8310454, 40.6423247 ] ] ] } },
{ "type": "Feature", "properties": { "element": "way", "id": 242566577, "building": "yes", "amenity": null, "name": null, "denomination": null, "religion": null, "wikidata": null, "government": null, "office": null, "abandoned": null, "operator": null, "operator:wikidata": null, "wheelchair": null, "building:levels": null, "roof:levels": null, "addr:city": null, "addr:street": null, "alt_name": null, "leisure": null, "sport": null, "addr:postcode": null, "brand": null, "brand:wikidata": null, "opening_hours": null, "phone": null, "website": null, "shop": null, "addr:country": null, "addr:housenumber": null, "air_conditioning": null, "email": null, "fax": null, "internet_access": null, "internet_access:fee": null, "payment:mastercard": null, "payment:visa": null, "roof:shape": null, "rooms": null, "stars": null, "tourism": null, "check_date": null, "content": null, "man_made": null, "material": null, "source": null, "water": null, "cuisine": null, "layer": null, "contact:facebook": null, "type": null, "building:parts": null, "contact:email": null, "contact:phone": null, "height": 6.0 }, "geometry": { "type": "Polygon", "coordinates": [ [ [ 14.831802, 40.6418844 ], [ 14.8316938, 40.6419615 ], [ 14.8317503, 40.6420072 ], [ 14.8318586, 40.6419301 ], [ 14.831802, 40.6418844 ] ] ] } },
{ "type": "Feature", "properties": { "element": "way", "id": 242566578, "building": "yes", "amenity": null, "name": null, "denomination": null, "religion": null, "wikidata": null, "government": null, "office": null, "abandoned": null, "operator": null, "operator:wikidata": null, "wheelchair": null, "building:levels": null, "roof:levels": null, "addr:city": null, "addr:street": null, "alt_name": null, "leisure": null, "sport": null, "addr:postcode": null, "brand": null, "brand:wikidata": null, "opening_hours": null, "phone": null, "website": null, "shop": null, "addr:country": null, "addr:housenumber": null, "air_conditioning": null, "email": null, "fax": null, "internet_access": null, "internet_access:fee": null, "payment:mastercard": null, "payment:visa": null, "roof:shape": null, "rooms": null, "stars": null, "tourism": null, "check_date": null, "content": null, "man_made": null, "material": null, "source": null, "water": null, "cuisine": null, "layer": null, "contact:facebook": null, "type": null, "building:parts": null, "contact:email": null, "contact:phone": null, "height": 6.0 }, "geometry": { "type": "Polygon", "coordinates": [ [ [ 14.8318755, 40.6419067 ], [ 14.831929, 40.6419516 ], [ 14.8320443, 40.6418725 ], [ 14.8319907, 40.6418276 ], [ 14.8318755, 40.6419067 ] ] ] } },
{ "type": "Feature", "properties": { "element": "way", "id": 242566579, "building": "yes", "amenity": null, "name": null, "denomination": null, "religion": null, "wikidata": null, "government": null, "office": null, "abandoned": null, "operator": null, "operator:wikidata": null, "wheelchair": null, "building:levels": null, "roof:levels": null, "addr:city": null, "addr:street": null, "alt_name": null, "leisure": null, "sport": null, "addr:postcode": null, "brand": null, "brand:wikidata": null, "opening_hours": null, "phone": null, "website": null, "shop": null, "addr:country": null, "addr:housenumber": null, "air_conditioning": null, "email": null, "fax": null, "internet_access": null, "internet_access:fee": null, "payment:mastercard": null, "payment:visa": null, "roof:shape": null, "rooms": null, "stars": null, "tourism": null, "check_date": null, "content": null, "man_made": null, "material": null, "source": null, "water": null, "cuisine": null, "layer": null, "contact:facebook": null, "type": null, "building:parts": null, "contact:email": null, "contact:phone": null, "height": 6.0 }, "geometry": { "type": "Polygon", "coordinates": [ [ [ 14.8323838, 40.6421393 ], [ 14.8325163, 40.6422707 ], [ 14.8326278, 40.6422059 ], [ 14.8325082, 40.6420873 ], [ 14.8324537, 40.642119 ], [ 14.832432, 40.6420975 ], [ 14.8323838, 40.6421393 ] ] ] } },
{ "type": "Feature", "properties": { "element": "way", "id": 242566580, "building": "yes", "amenity": null, "name": null, "denomination": null, "religion": null, "wikidata": null, "government": null, "office": null, "abandoned": null, "operator": null, "operator:wikidata": null, "wheelchair": null, "building:levels": null, "roof:levels": null, "addr:city": null, "addr:street": null, "alt_name": null, "leisure": null, "sport": null, "addr:postcode": null, "brand": null, "brand:wikidata": null, "opening_hours": null, "phone": null, "website": null, "shop": null, "addr:country": null, "addr:housenumber": null, "air_conditioning": null, "email": null, "fax": null, "internet_access": null, "internet_access:fee": null, "payment:mastercard": null, "payment:visa": null, "roof:shape": null, "rooms": null, "stars": null, "tourism": null, "check_date": null, "content": null, "man_made": null, "material": null, "source": null, "water": null, "cuisine": null, "layer": null, "contact:facebook": null, "type": null, "building:parts": null, "contact:email": null, "contact:phone": null, "height": 6.0 }, "geometry": { "type": "Polygon", "coordinates": [ [ [ 14.8328956, 40.6414914 ], [ 14.8330137, 40.6415833 ], [ 14.8331766, 40.6414627 ], [ 14.8330585, 40.6413708 ], [ 14.8328956, 40.6414914 ] ] ] } },
{ "type": "Feature", "properties": { "element": "way", "id": 242566581, "building": "yes", "amenity": null, "name": null, "denomination": null, "religion": null, "wikidata": null, "government": null, "office": null, "abandoned": null, "operator": null, "operator:wikidata": null, "wheelchair": null, "building:levels": null, "roof:levels": null, "addr:city": null, "addr:street": null, "alt_name": null, "leisure": null, "sport": null, "addr:postcode": null, "brand": null, "brand:wikidata": null, "opening_hours": null, "phone": null, "website": null, "shop": null, "addr:country": null, "addr:housenumber": null, "air_conditioning": null, "email": null, "fax": null, "internet_access": null, "internet_access:fee": null, "payment:mastercard": null, "payment:visa": null, "roof:shape": null, "rooms": null, "stars": null, "tourism": null, "check_date": null, "content": null, "man_made": null, "material": null, "source": null, "water": null, "cuisine": null, "layer": null, "contact:facebook": null, "type": null, "building:parts": null, "contact:email": null, "contact:phone": null, "height": 6.0 }, "geometry": { "type": "Polygon", "coordinates": [ [ [ 14.831771, 40.6413739 ], [ 14.8318121, 40.6414095 ], [ 14.8318634, 40.6413755 ], [ 14.8321463, 40.6416212 ], [ 14.8322011, 40.6415849 ], [ 14.8318772, 40.6413035 ], [ 14.831771, 40.6413739 ] ] ] } },
{ "type": "Feature", "properties": { "element": "way", "id": 242566582, "building": "yes", "amenity": null, "name": null, "denomination": null, "religion": null, "wikidata": null, "government": null, "office": null, "abandoned": null, "operator": null, "operator:wikidata": null, "wheelchair": null, "building:levels": null, "roof:levels": null, "addr:city": null, "addr:street": null, "alt_name": null, "leisure": null, "sport": null, "addr:postcode": null, "brand": null, "brand:wikidata": null, "opening_hours": null, "phone": null, "website": null, "shop": null, "addr:country": null, "addr:housenumber": null, "air_conditioning": null, "email": null, "fax": null, "internet_access": null, "internet_access:fee": null, "payment:mastercard": null, "payment:visa": null, "roof:shape": null, "rooms": null, "stars": null, "tourism": null, "check_date": null, "content": null, "man_made": null, "material": null, "source": null, "water": null, "cuisine": null, "layer": null, "contact:facebook": null, "type": null, "building:parts": null, "contact:email": null, "contact:phone": null, "height": 6.0 }, "geometry": { "type": "Polygon", "coordinates": [ [ [ 14.8336545, 40.6417484 ], [ 14.8337857, 40.6416823 ], [ 14.83373, 40.6416186 ], [ 14.8335988, 40.6416847 ], [ 14.8336545, 40.6417484 ] ] ] } },
{ "type": "Feature", "properties": { "element": "way", "id": 242566583, "building": "yes", "amenity": null, "name": null, "denomination": null, "religion": null, "wikidata": null, "government": null, "office": null, "abandoned": null, "operator": null, "operator:wikidata": null, "wheelchair": null, "building:levels": null, "roof:levels": null, "addr:city": null, "addr:street": null, "alt_name": null, "leisure": null, "sport": null, "addr:postcode": null, "brand": null, "brand:wikidata": null, "opening_hours": null, "phone": null, "website": null, "shop": null, "addr:country": null, "addr:housenumber": null, "air_conditioning": null, "email": null, "fax": null, "internet_access": null, "internet_access:fee": null, "payment:mastercard": null, "payment:visa": null, "roof:shape": null, "rooms": null, "stars": null, "tourism": null, "check_date": null, "content": null, "man_made": null, "material": null, "source": null, "water": null, "cuisine": null, "layer": null, "contact:facebook": null, "type": null, "building:parts": null, "contact:email": null, "contact:phone": null, "height": 6.0 }, "geometry": { "type": "Polygon", "coordinates": [ [ [ 14.8307564, 40.6402244 ], [ 14.8308691, 40.6403212 ], [ 14.8311201, 40.6401531 ], [ 14.8310074, 40.6400562 ], [ 14.8307564, 40.6402244 ] ] ] } },
{ "type": "Feature", "properties": { "element": "way", "id": 242566584, "building": "yes", "amenity": null, "name": null, "denomination": null, "religion": null, "wikidata": null, "government": null, "office": null, "abandoned": null, "operator": null, "operator:wikidata": null, "wheelchair": null, "building:levels": null, "roof:levels": null, "addr:city": null, "addr:street": null, "alt_name": null, "leisure": null, "sport": null, "addr:postcode": null, "brand": null, "brand:wikidata": null, "opening_hours": null, "phone": null, "website": null, "shop": null, "addr:country": null, "addr:housenumber": null, "air_conditioning": null, "email": null, "fax": null, "internet_access": null, "internet_access:fee": null, "payment:mastercard": null, "payment:visa": null, "roof:shape": null, "rooms": null, "stars": null, "tourism": null, "check_date": null, "content": null, "man_made": null, "material": null, "source": null, "water": null, "cuisine": null, "layer": null, "contact:facebook": null, "type": null, "building:parts": null, "contact:email": null, "contact:phone": null, "height": 6.0 }, "geometry": { "type": "Polygon", "coordinates": [ [ [ 14.8313898, 40.6397692 ], [ 14.8315255, 40.6398909 ], [ 14.8315977, 40.6398446 ], [ 14.8315036, 40.6397601 ], [ 14.8314691, 40.6397751 ], [ 14.8314322, 40.639742 ], [ 14.8313898, 40.6397692 ] ] ] } },
{ "type": "Feature", "properties": { "element": "way", "id": 242566585, "building": "yes", "amenity": null, "name": null, "denomination": null, "religion": null, "wikidata": null, "government": null, "office": null, "abandoned": null, "operator": null, "operator:wikidata": null, "wheelchair": null, "building:levels": null, "roof:levels": null, "addr:city": null, "addr:street": null, "alt_name": null, "leisure": null, "sport": null, "addr:postcode": null, "brand": null, "brand:wikidata": null, "opening_hours": null, "phone": null, "website": null, "shop": null, "addr:country": null, "addr:housenumber": null, "air_conditioning": null, "email": null, "fax": null, "internet_access": null, "internet_access:fee": null, "payment:mastercard": null, "payment:visa": null, "roof:shape": null, "rooms": null, "stars": null, "tourism": null, "check_date": null, "content": null, "man_made": null, "material": null, "source": null, "water": null, "cuisine": null, "layer": null, "contact:facebook": null, "type": null, "building:parts": null, "contact:email": null, "contact:phone": null, "height": 6.0 }, "geometry": { "type": "Polygon", "coordinates": [ [ [ 14.8317858, 40.640337 ], [ 14.8318813, 40.6404068 ], [ 14.8319842, 40.6403257 ], [ 14.8318887, 40.6402559 ], [ 14.8317858, 40.640337 ] ] ] } },
{ "type": "Feature", "properties": { "element": "way", "id": 242566586, "building": "yes", "amenity": null, "name": null, "denomination": null, "religion": null, "wikidata": null, "government": null, "office": null, "abandoned": null, "operator": null, "operator:wikidata": null, "wheelchair": null, "building:levels": null, "roof:levels": null, "addr:city": null, "addr:street": null, "alt_name": null, "leisure": null, "sport": null, "addr:postcode": null, "brand": null, "brand:wikidata": null, "opening_hours": null, "phone": null, "website": null, "shop": null, "addr:country": null, "addr:housenumber": null, "air_conditioning": null, "email": null, "fax": null, "internet_access": null, "internet_access:fee": null, "payment:mastercard": null, "payment:visa": null, "roof:shape": null, "rooms": null, "stars": null, "tourism": null, "check_date": null, "content": null, "man_made": null, "material": null, "source": null, "water": null, "cuisine": null, "layer": null, "contact:facebook": null, "type": null, "building:parts": null, "contact:email": null, "contact:phone": null, "height": 6.0 }, "geometry": { "type": "Polygon", "coordinates": [ [ [ 14.832478, 40.6400696 ], [ 14.8325476, 40.6401333 ], [ 14.8327239, 40.6400224 ], [ 14.8326543, 40.6399587 ], [ 14.832478, 40.6400696 ] ] ] } },
{ "type": "Feature", "properties": { "element": "way", "id": 242566587, "building": "yes", "amenity": null, "name": null, "denomination": null, "religion": null, "wikidata": null, "government": null, "office": null, "abandoned": null, "operator": null, "operator:wikidata": null, "wheelchair": null, "building:levels": null, "roof:levels": null, "addr:city": null, "addr:street": null, "alt_name": null, "leisure": null, "sport": null, "addr:postcode": null, "brand": null, "brand:wikidata": null, "opening_hours": null, "phone": null, "website": null, "shop": null, "addr:country": null, "addr:housenumber": null, "air_conditioning": null, "email": null, "fax": null, "internet_access": null, "internet_access:fee": null, "payment:mastercard": null, "payment:visa": null, "roof:shape": null, "rooms": null, "stars": null, "tourism": null, "check_date": null, "content": null, "man_made": null, "material": null, "source": null, "water": null, "cuisine": null, "layer": null, "contact:facebook": null, "type": null, "building:parts": null, "contact:email": null, "contact:phone": null, "height": 6.0 }, "geometry": { "type": "Polygon", "coordinates": [ [ [ 14.8327341, 40.6395635 ], [ 14.832824, 40.6396411 ], [ 14.8328649, 40.6396138 ], [ 14.832775, 40.6395363 ], [ 14.8327341, 40.6395635 ] ] ] } },
{ "type": "Feature", "properties": { "element": "way", "id": 242566588, "building": "yes", "amenity": null, "name": null, "denomination": null, "religion": null, "wikidata": null, "government": null, "office": null, "abandoned": null, "operator": null, "operator:wikidata": null, "wheelchair": null, "building:levels": null, "roof:levels": null, "addr:city": null, "addr:street": null, "alt_name": null, "leisure": null, "sport": null, "addr:postcode": null, "brand": null, "brand:wikidata": null, "opening_hours": null, "phone": null, "website": null, "shop": null, "addr:country": null, "addr:housenumber": null, "air_conditioning": null, "email": null, "fax": null, "internet_access": null, "internet_access:fee": null, "payment:mastercard": null, "payment:visa": null, "roof:shape": null, "rooms": null, "stars": null, "tourism": null, "check_date": null, "content": null, "man_made": null, "material": null, "source": null, "water": null, "cuisine": null, "layer": null, "contact:facebook": null, "type": null, "building:parts": null, "contact:email": null, "contact:phone": null, "height": 6.0 }, "geometry": { "type": "Polygon", "coordinates": [ [ [ 14.8315974, 40.6396554 ], [ 14.8316516, 40.639707 ], [ 14.8317526, 40.639646 ], [ 14.8316985, 40.6395944 ], [ 14.8315974, 40.6396554 ] ] ] } },
{ "type": "Feature", "properties": { "element": "way", "id": 242566589, "building": "yes", "amenity": null, "name": null, "denomination": null, "religion": null, "wikidata": null, "government": null, "office": null, "abandoned": null, "operator": null, "operator:wikidata": null, "wheelchair": null, "building:levels": null, "roof:levels": null, "addr:city": null, "addr:street": null, "alt_name": null, "leisure": null, "sport": null, "addr:postcode": null, "brand": null, "brand:wikidata": null, "opening_hours": null, "phone": null, "website": null, "shop": null, "addr:country": null, "addr:housenumber": null, "air_conditioning": null, "email": null, "fax": null, "internet_access": null, "internet_access:fee": null, "payment:mastercard": null, "payment:visa": null, "roof:shape": null, "rooms": null, "stars": null, "tourism": null, "check_date": null, "content": null, "man_made": null, "material": null, "source": null, "water": null, "cuisine": null, "layer": null, "contact:facebook": null, "type": null, "building:parts": null, "contact:email": null, "contact:phone": null, "height": 6.0 }, "geometry": { "type": "Polygon", "coordinates": [ [ [ 14.8326886, 40.6405861 ], [ 14.8328406, 40.6407301 ], [ 14.8329478, 40.6406649 ], [ 14.8327958, 40.6405209 ], [ 14.8326886, 40.6405861 ] ] ] } },
{ "type": "Feature", "properties": { "element": "way", "id": 242566590, "building": "yes", "amenity": null, "name": null, "denomination": null, "religion": null, "wikidata": null, "government": null, "office": null, "abandoned": null, "operator": null, "operator:wikidata": null, "wheelchair": null, "building:levels": null, "roof:levels": null, "addr:city": null, "addr:street": null, "alt_name": null, "leisure": null, "sport": null, "addr:postcode": null, "brand": null, "brand:wikidata": null, "opening_hours": null, "phone": null, "website": null, "shop": null, "addr:country": null, "addr:housenumber": null, "air_conditioning": null, "email": null, "fax": null, "internet_access": null, "internet_access:fee": null, "payment:mastercard": null, "payment:visa": null, "roof:shape": null, "rooms": null, "stars": null, "tourism": null, "check_date": null, "content": null, "man_made": null, "material": null, "source": null, "water": null, "cuisine": null, "layer": null, "contact:facebook": null, "type": null, "building:parts": null, "contact:email": null, "contact:phone": null, "height": 6.0 }, "geometry": { "type": "Polygon", "coordinates": [ [ [ 14.8328723, 40.6403125 ], [ 14.8329747, 40.6403892 ], [ 14.8330573, 40.6403257 ], [ 14.8329549, 40.640249 ], [ 14.8328723, 40.6403125 ] ] ] } },
{ "type": "Feature", "properties": { "element": "way", "id": 242566591, "building": "yes", "amenity": null, "name": null, "denomination": null, "religion": null, "wikidata": null, "government": null, "office": null, "abandoned": null, "operator": null, "operator:wikidata": null, "wheelchair": null, "building:levels": null, "roof:levels": null, "addr:city": null, "addr:street": null, "alt_name": null, "leisure": null, "sport": null, "addr:postcode": null, "brand": null, "brand:wikidata": null, "opening_hours": null, "phone": null, "website": null, "shop": null, "addr:country": null, "addr:housenumber": null, "air_conditioning": null, "email": null, "fax": null, "internet_access": null, "internet_access:fee": null, "payment:mastercard": null, "payment:visa": null, "roof:shape": null, "rooms": null, "stars": null, "tourism": null, "check_date": null, "content": null, "man_made": null, "material": null, "source": null, "water": null, "cuisine": null, "layer": null, "contact:facebook": null, "type": null, "building:parts": null, "contact:email": null, "contact:phone": null, "height": 6.0 }, "geometry": { "type": "Polygon", "coordinates": [ [ [ 14.8332827, 40.6402225 ], [ 14.8333891, 40.6403181 ], [ 14.8335025, 40.6402453 ], [ 14.8333961, 40.6401498 ], [ 14.8332827, 40.6402225 ] ] ] } },
{ "type": "Feature", "properties": { "element": "way", "id": 242566592, "building": "yes", "amenity": null, "name": null, "denomination": null, "religion": null, "wikidata": null, "government": null, "office": null, "abandoned": null, "operator": null, "operator:wikidata": null, "wheelchair": null, "building:levels": null, "roof:levels": null, "addr:city": null, "addr:street": null, "alt_name": null, "leisure": null, "sport": null, "addr:postcode": null, "brand": null, "brand:wikidata": null, "opening_hours": null, "phone": null, "website": null, "shop": null, "addr:country": null, "addr:housenumber": null, "air_conditioning": null, "email": null, "fax": null, "internet_access": null, "internet_access:fee": null, "payment:mastercard": null, "payment:visa": null, "roof:shape": null, "rooms": null, "stars": null, "tourism": null, "check_date": null, "content": null, "man_made": null, "material": null, "source": null, "water": null, "cuisine": null, "layer": null, "contact:facebook": null, "type": null, "building:parts": null, "contact:email": null, "contact:phone": null, "height": 6.0 }, "geometry": { "type": "Polygon", "coordinates": [ [ [ 14.8336663, 40.6401403 ], [ 14.8337648, 40.6402294 ], [ 14.8339842, 40.6400897 ], [ 14.8338857, 40.6400006 ], [ 14.8336663, 40.6401403 ] ] ] } },
{ "type": "Feature", "properties": { "element": "way", "id": 242578211, "building": "yes", "amenity": null, "name": null, "denomination": null, "religion": null, "wikidata": null, "government": null, "office": null, "abandoned": null, "operator": null, "operator:wikidata": null, "wheelchair": null, "building:levels": null, "roof:levels": null, "addr:city": null, "addr:street": null, "alt_name": null, "leisure": null, "sport": null, "addr:postcode": null, "brand": null, "brand:wikidata": null, "opening_hours": null, "phone": null, "website": null, "shop": null, "addr:country": null, "addr:housenumber": null, "air_conditioning": null, "email": null, "fax": null, "internet_access": null, "internet_access:fee": null, "payment:mastercard": null, "payment:visa": null, "roof:shape": null, "rooms": null, "stars": null, "tourism": null, "check_date": null, "content": null, "man_made": null, "material": null, "source": null, "water": null, "cuisine": null, "layer": null, "contact:facebook": null, "type": null, "building:parts": null, "contact:email": null, "contact:phone": null, "height": 6.0 }, "geometry": { "type": "Polygon", "coordinates": [ [ [ 14.8339546, 40.6405689 ], [ 14.8341173, 40.6407144 ], [ 14.8342353, 40.6406384 ], [ 14.8340726, 40.6404929 ], [ 14.8339546, 40.6405689 ] ] ] } },
{ "type": "Feature", "properties": { "element": "way", "id": 242578212, "building": "industrial", "amenity": null, "name": null, "denomination": null, "religion": null, "wikidata": null, "government": null, "office": null, "abandoned": null, "operator": null, "operator:wikidata": null, "wheelchair": null, "building:levels": null, "roof:levels": null, "addr:city": null, "addr:street": null, "alt_name": null, "leisure": null, "sport": null, "addr:postcode": null, "brand": null, "brand:wikidata": null, "opening_hours": null, "phone": null, "website": null, "shop": null, "addr:country": null, "addr:housenumber": null, "air_conditioning": null, "email": null, "fax": null, "internet_access": null, "internet_access:fee": null, "payment:mastercard": null, "payment:visa": null, "roof:shape": null, "rooms": null, "stars": null, "tourism": null, "check_date": null, "content": null, "man_made": null, "material": null, "source": null, "water": null, "cuisine": null, "layer": null, "contact:facebook": null, "type": null, "building:parts": null, "contact:email": null, "contact:phone": null, "height": 6.0 }, "geometry": { "type": "Polygon", "coordinates": [ [ [ 14.8338607, 40.6403201 ], [ 14.8339467, 40.6403952 ], [ 14.8340748, 40.6403107 ], [ 14.8339887, 40.6402356 ], [ 14.8338607, 40.6403201 ] ] ] } },
{ "type": "Feature", "properties": { "element": "way", "id": 242578213, "building": "industrial", "amenity": null, "name": null, "denomination": null, "religion": null, "wikidata": null, "government": null, "office": null, "abandoned": null, "operator": null, "operator:wikidata": null, "wheelchair": null, "building:levels": null, "roof:levels": null, "addr:city": null, "addr:street": null, "alt_name": null, "leisure": null, "sport": null, "addr:postcode": null, "brand": null, "brand:wikidata": null, "opening_hours": null, "phone": null, "website": null, "shop": null, "addr:country": null, "addr:housenumber": null, "air_conditioning": null, "email": null, "fax": null, "internet_access": null, "internet_access:fee": null, "payment:mastercard": null, "payment:visa": null, "roof:shape": null, "rooms": null, "stars": null, "tourism": null, "check_date": null, "content": null, "man_made": null, "material": null, "source": null, "water": null, "cuisine": null, "layer": null, "contact:facebook": null, "type": null, "building:parts": null, "contact:email": null, "contact:phone": null, "height": 6.0 }, "geometry": { "type": "Polygon", "coordinates": [ [ [ 14.8334263, 40.6399797 ], [ 14.8334924, 40.6400374 ], [ 14.8334614, 40.6400579 ], [ 14.8335, 40.6400915 ], [ 14.8336467, 40.6399947 ], [ 14.833542, 40.6399034 ], [ 14.8334263, 40.6399797 ] ] ] } },
{ "type": "Feature", "properties": { "element": "way", "id": 242578214, "building": "yes", "amenity": null, "name": null, "denomination": null, "religion": null, "wikidata": null, "government": null, "office": null, "abandoned": null, "operator": null, "operator:wikidata": null, "wheelchair": null, "building:levels": null, "roof:levels": null, "addr:city": null, "addr:street": null, "alt_name": null, "leisure": null, "sport": null, "addr:postcode": null, "brand": null, "brand:wikidata": null, "opening_hours": null, "phone": null, "website": null, "shop": null, "addr:country": null, "addr:housenumber": null, "air_conditioning": null, "email": null, "fax": null, "internet_access": null, "internet_access:fee": null, "payment:mastercard": null, "payment:visa": null, "roof:shape": null, "rooms": null, "stars": null, "tourism": null, "check_date": null, "content": null, "man_made": null, "material": null, "source": null, "water": null, "cuisine": null, "layer": null, "contact:facebook": null, "type": null, "building:parts": null, "contact:email": null, "contact:phone": null, "height": 6.0 }, "geometry": { "type": "Polygon", "coordinates": [ [ [ 14.8337834, 40.6407133 ], [ 14.8338384, 40.6407682 ], [ 14.8339105, 40.6407265 ], [ 14.8338555, 40.6406717 ], [ 14.8337834, 40.6407133 ] ] ] } },
{ "type": "Feature", "properties": { "element": "way", "id": 242578215, "building": "yes", "amenity": null, "name": null, "denomination": null, "religion": null, "wikidata": null, "government": null, "office": null, "abandoned": null, "operator": null, "operator:wikidata": null, "wheelchair": null, "building:levels": null, "roof:levels": null, "addr:city": null, "addr:street": null, "alt_name": null, "leisure": null, "sport": null, "addr:postcode": null, "brand": null, "brand:wikidata": null, "opening_hours": null, "phone": null, "website": null, "shop": null, "addr:country": null, "addr:housenumber": null, "air_conditioning": null, "email": null, "fax": null, "internet_access": null, "internet_access:fee": null, "payment:mastercard": null, "payment:visa": null, "roof:shape": null, "rooms": null, "stars": null, "tourism": null, "check_date": null, "content": null, "man_made": null, "material": null, "source": null, "water": null, "cuisine": null, "layer": null, "contact:facebook": null, "type": null, "building:parts": null, "contact:email": null, "contact:phone": null, "height": 6.0 }, "geometry": { "type": "Polygon", "coordinates": [ [ [ 14.834386, 40.6401383 ], [ 14.8344927, 40.640225 ], [ 14.8347179, 40.6400653 ], [ 14.8346111, 40.6399787 ], [ 14.834386, 40.6401383 ] ] ] } },
{ "type": "Feature", "properties": { "element": "way", "id": 242578216, "building": "yes", "amenity": null, "name": null, "denomination": null, "religion": null, "wikidata": null, "government": null, "office": null, "abandoned": null, "operator": null, "operator:wikidata": null, "wheelchair": null, "building:levels": null, "roof:levels": null, "addr:city": null, "addr:street": null, "alt_name": null, "leisure": null, "sport": null, "addr:postcode": null, "brand": null, "brand:wikidata": null, "opening_hours": null, "phone": null, "website": null, "shop": null, "addr:country": null, "addr:housenumber": null, "air_conditioning": null, "email": null, "fax": null, "internet_access": null, "internet_access:fee": null, "payment:mastercard": null, "payment:visa": null, "roof:shape": null, "rooms": null, "stars": null, "tourism": null, "check_date": null, "content": null, "man_made": null, "material": null, "source": null, "water": null, "cuisine": null, "layer": null, "contact:facebook": null, "type": null, "building:parts": null, "contact:email": null, "contact:phone": null, "height": 6.0 }, "geometry": { "type": "Polygon", "coordinates": [ [ [ 14.8341949, 40.6398034 ], [ 14.8344059, 40.6399897 ], [ 14.8345278, 40.6399103 ], [ 14.8343168, 40.6397239 ], [ 14.8341949, 40.6398034 ] ] ] } },
{ "type": "Feature", "properties": { "element": "way", "id": 242578217, "building": "yes", "amenity": null, "name": null, "denomination": null, "religion": null, "wikidata": null, "government": null, "office": null, "abandoned": null, "operator": null, "operator:wikidata": null, "wheelchair": null, "building:levels": null, "roof:levels": null, "addr:city": null, "addr:street": null, "alt_name": null, "leisure": null, "sport": null, "addr:postcode": null, "brand": null, "brand:wikidata": null, "opening_hours": null, "phone": null, "website": null, "shop": null, "addr:country": null, "addr:housenumber": null, "air_conditioning": null, "email": null, "fax": null, "internet_access": null, "internet_access:fee": null, "payment:mastercard": null, "payment:visa": null, "roof:shape": null, "rooms": null, "stars": null, "tourism": null, "check_date": null, "content": null, "man_made": null, "material": null, "source": null, "water": null, "cuisine": null, "layer": null, "contact:facebook": null, "type": null, "building:parts": null, "contact:email": null, "contact:phone": null, "height": 6.0 }, "geometry": { "type": "Polygon", "coordinates": [ [ [ 14.8348983, 40.6402903 ], [ 14.8350725, 40.6404306 ], [ 14.8352738, 40.6402866 ], [ 14.8350996, 40.6401463 ], [ 14.8348983, 40.6402903 ] ] ] } },
{ "type": "Feature", "properties": { "element": "way", "id": 242578218, "building": "yes", "amenity": null, "name": null, "denomination": null, "religion": null, "wikidata": null, "government": null, "office": null, "abandoned": null, "operator": null, "operator:wikidata": null, "wheelchair": null, "building:levels": null, "roof:levels": null, "addr:city": null, "addr:street": null, "alt_name": null, "leisure": null, "sport": null, "addr:postcode": null, "brand": null, "brand:wikidata": null, "opening_hours": null, "phone": null, "website": null, "shop": null, "addr:country": null, "addr:housenumber": null, "air_conditioning": null, "email": null, "fax": null, "internet_access": null, "internet_access:fee": null, "payment:mastercard": null, "payment:visa": null, "roof:shape": null, "rooms": null, "stars": null, "tourism": null, "check_date": null, "content": null, "man_made": null, "material": null, "source": null, "water": null, "cuisine": null, "layer": null, "contact:facebook": null, "type": null, "building:parts": null, "contact:email": null, "contact:phone": null, "height": 6.0 }, "geometry": { "type": "Polygon", "coordinates": [ [ [ 14.8351451, 40.6400991 ], [ 14.8352059, 40.6401449 ], [ 14.8352947, 40.6400771 ], [ 14.8354798, 40.6402167 ], [ 14.8355603, 40.6401553 ], [ 14.8353145, 40.6399698 ], [ 14.8351451, 40.6400991 ] ] ] } },
{ "type": "Feature", "properties": { "element": "way", "id": 242578220, "building": "yes", "amenity": null, "name": null, "denomination": null, "religion": null, "wikidata": null, "government": null, "office": null, "abandoned": null, "operator": null, "operator:wikidata": null, "wheelchair": null, "building:levels": null, "roof:levels": null, "addr:city": null, "addr:street": null, "alt_name": null, "leisure": null, "sport": null, "addr:postcode": null, "brand": null, "brand:wikidata": null, "opening_hours": null, "phone": null, "website": null, "shop": null, "addr:country": null, "addr:housenumber": null, "air_conditioning": null, "email": null, "fax": null, "internet_access": null, "internet_access:fee": null, "payment:mastercard": null, "payment:visa": null, "roof:shape": null, "rooms": null, "stars": null, "tourism": null, "check_date": null, "content": null, "man_made": null, "material": null, "source": null, "water": null, "cuisine": null, "layer": null, "contact:facebook": null, "type": null, "building:parts": null, "contact:email": null, "contact:phone": null, "height": 6.0 }, "geometry": { "type": "Polygon", "coordinates": [ [ [ 14.8354627, 40.6402659 ], [ 14.8355559, 40.6403492 ], [ 14.8356292, 40.640302 ], [ 14.8355743, 40.640253 ], [ 14.8356337, 40.6402147 ], [ 14.8355953, 40.6401804 ], [ 14.8354627, 40.6402659 ] ] ] } },
{ "type": "Feature", "properties": { "element": "way", "id": 242941023, "building": "apartments", "amenity": null, "name": null, "denomination": null, "religion": null, "wikidata": null, "government": null, "office": null, "abandoned": null, "operator": null, "operator:wikidata": null, "wheelchair": null, "building:levels": "4", "roof:levels": "0", "addr:city": null, "addr:street": null, "alt_name": null, "leisure": null, "sport": null, "addr:postcode": null, "brand": null, "brand:wikidata": null, "opening_hours": null, "phone": null, "website": null, "shop": null, "addr:country": null, "addr:housenumber": null, "air_conditioning": null, "email": null, "fax": null, "internet_access": null, "internet_access:fee": null, "payment:mastercard": null, "payment:visa": null, "roof:shape": null, "rooms": null, "stars": null, "tourism": null, "check_date": null, "content": null, "man_made": null, "material": null, "source": null, "water": null, "cuisine": null, "layer": null, "contact:facebook": null, "type": null, "building:parts": null, "contact:email": null, "contact:phone": null, "height": 12.0 }, "geometry": { "type": "Polygon", "coordinates": [ [ [ 14.8391312, 40.6470557 ], [ 14.8376284, 40.6474274 ], [ 14.8375543, 40.6472547 ], [ 14.8376979, 40.6472192 ], [ 14.8377898, 40.6472826 ], [ 14.8381326, 40.6471875 ], [ 14.8381075, 40.647086 ], [ 14.8384441, 40.6469537 ], [ 14.8385171, 40.6470606 ], [ 14.8389602, 40.6469465 ], [ 14.8389041, 40.6468583 ], [ 14.8390271, 40.6468133 ], [ 14.8391312, 40.6470557 ] ] ] } },
{ "type": "Feature", "properties": { "element": "way", "id": 242941024, "building": "apartments", "amenity": null, "name": null, "denomination": null, "religion": null, "wikidata": null, "government": null, "office": null, "abandoned": null, "operator": null, "operator:wikidata": null, "wheelchair": null, "building:levels": "4", "roof:levels": "0", "addr:city": null, "addr:street": null, "alt_name": null, "leisure": null, "sport": null, "addr:postcode": null, "brand": null, "brand:wikidata": null, "opening_hours": null, "phone": null, "website": null, "shop": null, "addr:country": null, "addr:housenumber": null, "air_conditioning": null, "email": null, "fax": null, "internet_access": null, "internet_access:fee": null, "payment:mastercard": null, "payment:visa": null, "roof:shape": null, "rooms": null, "stars": null, "tourism": null, "check_date": null, "content": null, "man_made": null, "material": null, "source": null, "water": null, "cuisine": null, "layer": null, "contact:facebook": null, "type": null, "building:parts": null, "contact:email": null, "contact:phone": null, "height": 12.0 }, "geometry": { "type": "Polygon", "coordinates": [ [ [ 14.8372685, 40.6467865 ], [ 14.8374008, 40.6467512 ], [ 14.8373582, 40.6466591 ], [ 14.8377763, 40.6465478 ], [ 14.837818, 40.6466382 ], [ 14.8381832, 40.6465409 ], [ 14.8381261, 40.6464173 ], [ 14.8385924, 40.6462932 ], [ 14.8386843, 40.6463946 ], [ 14.8388124, 40.6463605 ], [ 14.8387137, 40.6461472 ], [ 14.8371638, 40.6465601 ], [ 14.8372685, 40.6467865 ] ] ] } },
{ "type": "Feature", "properties": { "element": "way", "id": 242941949, "building": "industrial", "amenity": null, "name": null, "denomination": null, "religion": null, "wikidata": null, "government": null, "office": null, "abandoned": null, "operator": null, "operator:wikidata": null, "wheelchair": null, "building:levels": null, "roof:levels": null, "addr:city": null, "addr:street": null, "alt_name": null, "leisure": null, "sport": null, "addr:postcode": null, "brand": null, "brand:wikidata": null, "opening_hours": null, "phone": null, "website": null, "shop": null, "addr:country": null, "addr:housenumber": null, "air_conditioning": null, "email": null, "fax": null, "internet_access": null, "internet_access:fee": null, "payment:mastercard": null, "payment:visa": null, "roof:shape": null, "rooms": null, "stars": null, "tourism": null, "check_date": null, "content": null, "man_made": null, "material": null, "source": null, "water": null, "cuisine": null, "layer": null, "contact:facebook": null, "type": null, "building:parts": null, "contact:email": null, "contact:phone": null, "height": 6.0 }, "geometry": { "type": "Polygon", "coordinates": [ [ [ 14.8359666, 40.647392 ], [ 14.8361246, 40.6473912 ], [ 14.8361267, 40.6476588 ], [ 14.8359502, 40.6476597 ], [ 14.8359514, 40.6478117 ], [ 14.8360229, 40.6478114 ], [ 14.8360534, 40.6479038 ], [ 14.836296, 40.6479142 ], [ 14.836303, 40.6478199 ], [ 14.8364367, 40.6478256 ], [ 14.8364594, 40.6475188 ], [ 14.8363021, 40.6470682 ], [ 14.8359641, 40.6470698 ], [ 14.8359666, 40.647392 ] ] ] } },
{ "type": "Feature", "properties": { "element": "way", "id": 242941950, "building": "yes", "amenity": null, "name": null, "denomination": null, "religion": null, "wikidata": null, "government": null, "office": null, "abandoned": null, "operator": null, "operator:wikidata": null, "wheelchair": null, "building:levels": null, "roof:levels": null, "addr:city": null, "addr:street": null, "alt_name": null, "leisure": null, "sport": null, "addr:postcode": null, "brand": null, "brand:wikidata": null, "opening_hours": null, "phone": null, "website": null, "shop": null, "addr:country": null, "addr:housenumber": null, "air_conditioning": null, "email": null, "fax": null, "internet_access": null, "internet_access:fee": null, "payment:mastercard": null, "payment:visa": null, "roof:shape": null, "rooms": null, "stars": null, "tourism": null, "check_date": null, "content": null, "man_made": null, "material": null, "source": null, "water": null, "cuisine": null, "layer": null, "contact:facebook": null, "type": null, "building:parts": null, "contact:email": null, "contact:phone": null, "height": 6.0 }, "geometry": { "type": "Polygon", "coordinates": [ [ [ 14.8351246, 40.6473994 ], [ 14.835282, 40.6473724 ], [ 14.8357134, 40.6472454 ], [ 14.8357134, 40.6471337 ], [ 14.8351246, 40.64728 ], [ 14.8351246, 40.6473994 ] ] ] } },
{ "type": "Feature", "properties": { "element": "way", "id": 242941951, "building": "yes", "amenity": null, "name": null, "denomination": null, "religion": null, "wikidata": null, "government": null, "office": null, "abandoned": null, "operator": null, "operator:wikidata": null, "wheelchair": null, "building:levels": null, "roof:levels": null, "addr:city": null, "addr:street": null, "alt_name": null, "leisure": null, "sport": null, "addr:postcode": null, "brand": null, "brand:wikidata": null, "opening_hours": null, "phone": null, "website": null, "shop": null, "addr:country": null, "addr:housenumber": null, "air_conditioning": null, "email": null, "fax": null, "internet_access": null, "internet_access:fee": null, "payment:mastercard": null, "payment:visa": null, "roof:shape": null, "rooms": null, "stars": null, "tourism": null, "check_date": null, "content": null, "man_made": null, "material": null, "source": null, "water": null, "cuisine": null, "layer": null, "contact:facebook": null, "type": null, "building:parts": null, "contact:email": null, "contact:phone": null, "height": 6.0 }, "geometry": { "type": "Polygon", "coordinates": [ [ [ 14.8351602, 40.647615 ], [ 14.8355053, 40.6476381 ], [ 14.835754, 40.6473455 ], [ 14.8355763, 40.647357 ], [ 14.8353936, 40.6475226 ], [ 14.8351449, 40.6474956 ], [ 14.8351602, 40.647615 ] ] ] } },
{ "type": "Feature", "properties": { "element": "way", "id": 242941952, "building": "yes", "amenity": null, "name": null, "denomination": null, "religion": null, "wikidata": null, "government": null, "office": null, "abandoned": null, "operator": null, "operator:wikidata": null, "wheelchair": null, "building:levels": null, "roof:levels": null, "addr:city": null, "addr:street": null, "alt_name": null, "leisure": null, "sport": null, "addr:postcode": null, "brand": null, "brand:wikidata": null, "opening_hours": null, "phone": null, "website": null, "shop": null, "addr:country": null, "addr:housenumber": null, "air_conditioning": null, "email": null, "fax": null, "internet_access": null, "internet_access:fee": null, "payment:mastercard": null, "payment:visa": null, "roof:shape": null, "rooms": null, "stars": null, "tourism": null, "check_date": null, "content": null, "man_made": null, "material": null, "source": null, "water": null, "cuisine": null, "layer": null, "contact:facebook": null, "type": null, "building:parts": null, "contact:email": null, "contact:phone": null, "height": 6.0 }, "geometry": { "type": "Polygon", "coordinates": [ [ [ 14.8342116, 40.6477035 ], [ 14.8345586, 40.64778 ], [ 14.834607, 40.6476535 ], [ 14.8343187, 40.6476237 ], [ 14.8343126, 40.6476574 ], [ 14.8342357, 40.6476404 ], [ 14.8342116, 40.6477035 ] ] ] } },
{ "type": "Feature", "properties": { "element": "way", "id": 242941953, "building": "yes", "amenity": null, "name": null, "denomination": null, "religion": null, "wikidata": null, "government": null, "office": null, "abandoned": null, "operator": null, "operator:wikidata": null, "wheelchair": null, "building:levels": null, "roof:levels": null, "addr:city": null, "addr:street": null, "alt_name": null, "leisure": null, "sport": null, "addr:postcode": null, "brand": null, "brand:wikidata": null, "opening_hours": null, "phone": null, "website": null, "shop": null, "addr:country": null, "addr:housenumber": null, "air_conditioning": null, "email": null, "fax": null, "internet_access": null, "internet_access:fee": null, "payment:mastercard": null, "payment:visa": null, "roof:shape": null, "rooms": null, "stars": null, "tourism": null, "check_date": null, "content": null, "man_made": null, "material": null, "source": null, "water": null, "cuisine": null, "layer": null, "contact:facebook": null, "type": null, "building:parts": null, "contact:email": null, "contact:phone": null, "height": 6.0 }, "geometry": { "type": "Polygon", "coordinates": [ [ [ 14.8347477, 40.6478147 ], [ 14.8349472, 40.6478482 ], [ 14.8349866, 40.6477132 ], [ 14.8347871, 40.6476797 ], [ 14.8347477, 40.6478147 ] ] ] } },
{ "type": "Feature", "properties": { "element": "way", "id": 242941954, "building": "apartments", "amenity": null, "name": null, "denomination": null, "religion": null, "wikidata": null, "government": null, "office": null, "abandoned": null, "operator": null, "operator:wikidata": null, "wheelchair": null, "building:levels": "4", "roof:levels": "0", "addr:city": null, "addr:street": "Via San Leonardo", "alt_name": null, "leisure": null, "sport": null, "addr:postcode": null, "brand": null, "brand:wikidata": null, "opening_hours": null, "phone": null, "website": null, "shop": null, "addr:country": null, "addr:housenumber": null, "air_conditioning": null, "email": null, "fax": null, "internet_access": null, "internet_access:fee": null, "payment:mastercard": null, "payment:visa": null, "roof:shape": null, "rooms": null, "stars": null, "tourism": null, "check_date": null, "content": null, "man_made": null, "material": null, "source": null, "water": null, "cuisine": null, "layer": null, "contact:facebook": null, "type": null, "building:parts": null, "contact:email": null, "contact:phone": null, "height": 12.0 }, "geometry": { "type": "Polygon", "coordinates": [ [ [ 14.8357369, 40.647978 ], [ 14.8359131, 40.6480177 ], [ 14.835946, 40.6479118 ], [ 14.8358089, 40.6478873 ], [ 14.8358373, 40.6477959 ], [ 14.8357752, 40.6477867 ], [ 14.8357369, 40.647978 ] ] ] } },
{ "type": "Feature", "properties": { "element": "way", "id": 242941955, "building": "yes", "amenity": null, "name": null, "denomination": null, "religion": null, "wikidata": null, "government": null, "office": null, "abandoned": null, "operator": null, "operator:wikidata": null, "wheelchair": null, "building:levels": null, "roof:levels": null, "addr:city": null, "addr:street": null, "alt_name": null, "leisure": null, "sport": null, "addr:postcode": null, "brand": null, "brand:wikidata": null, "opening_hours": null, "phone": null, "website": null, "shop": null, "addr:country": null, "addr:housenumber": null, "air_conditioning": null, "email": null, "fax": null, "internet_access": null, "internet_access:fee": null, "payment:mastercard": null, "payment:visa": null, "roof:shape": null, "rooms": null, "stars": null, "tourism": null, "check_date": null, "content": null, "man_made": null, "material": null, "source": null, "water": null, "cuisine": null, "layer": null, "contact:facebook": null, "type": null, "building:parts": null, "contact:email": null, "contact:phone": null, "height": 6.0 }, "geometry": { "type": "Polygon", "coordinates": [ [ [ 14.8360739, 40.6481163 ], [ 14.8367628, 40.6482794 ], [ 14.8368011, 40.6481864 ], [ 14.8362422, 40.648054 ], [ 14.8362803, 40.6479613 ], [ 14.8361503, 40.6479305 ], [ 14.8360739, 40.6481163 ] ] ] } },
{ "type": "Feature", "properties": { "element": "way", "id": 242941956, "building": "house", "amenity": null, "name": null, "denomination": null, "religion": null, "wikidata": null, "government": null, "office": null, "abandoned": null, "operator": null, "operator:wikidata": null, "wheelchair": null, "building:levels": null, "roof:levels": null, "addr:city": null, "addr:street": null, "alt_name": null, "leisure": null, "sport": null, "addr:postcode": null, "brand": null, "brand:wikidata": null, "opening_hours": null, "phone": null, "website": null, "shop": null, "addr:country": null, "addr:housenumber": null, "air_conditioning": null, "email": null, "fax": null, "internet_access": null, "internet_access:fee": null, "payment:mastercard": null, "payment:visa": null, "roof:shape": null, "rooms": null, "stars": null, "tourism": null, "check_date": null, "content": null, "man_made": null, "material": null, "source": null, "water": null, "cuisine": null, "layer": null, "contact:facebook": null, "type": null, "building:parts": null, "contact:email": null, "contact:phone": null, "height": 6.0 }, "geometry": { "type": "Polygon", "coordinates": [ [ [ 14.8369263, 40.6483312 ], [ 14.8371902, 40.6483659 ], [ 14.83718, 40.6481926 ], [ 14.8369391, 40.6481682 ], [ 14.8369314, 40.6482119 ], [ 14.836974, 40.6482226 ], [ 14.8369263, 40.6483312 ] ] ] } },
{ "type": "Feature", "properties": { "element": "way", "id": 242941957, "building": "industrial", "amenity": null, "name": null, "denomination": null, "religion": null, "wikidata": null, "government": null, "office": null, "abandoned": null, "operator": null, "operator:wikidata": null, "wheelchair": null, "building:levels": null, "roof:levels": null, "addr:city": null, "addr:street": null, "alt_name": null, "leisure": null, "sport": null, "addr:postcode": null, "brand": null, "brand:wikidata": null, "opening_hours": null, "phone": null, "website": null, "shop": null, "addr:country": null, "addr:housenumber": null, "air_conditioning": null, "email": null, "fax": null, "internet_access": null, "internet_access:fee": null, "payment:mastercard": null, "payment:visa": null, "roof:shape": null, "rooms": null, "stars": null, "tourism": null, "check_date": null, "content": null, "man_made": null, "material": null, "source": null, "water": null, "cuisine": null, "layer": null, "contact:facebook": null, "type": null, "building:parts": null, "contact:email": null, "contact:phone": null, "height": 6.0 }, "geometry": { "type": "Polygon", "coordinates": [ [ [ 14.8373374, 40.6482658 ], [ 14.8378956, 40.6482966 ], [ 14.8375366, 40.6476031 ], [ 14.8369674, 40.6477727 ], [ 14.8371648, 40.6481541 ], [ 14.8372511, 40.6481502 ], [ 14.8373374, 40.6482658 ] ] ] } },
{ "type": "Feature", "properties": { "element": "way", "id": 242941958, "building": "apartments", "amenity": null, "name": null, "denomination": null, "religion": null, "wikidata": null, "government": null, "office": null, "abandoned": null, "operator": null, "operator:wikidata": null, "wheelchair": null, "building:levels": "3", "roof:levels": "0", "addr:city": null, "addr:street": null, "alt_name": null, "leisure": null, "sport": null, "addr:postcode": null, "brand": null, "brand:wikidata": null, "opening_hours": null, "phone": null, "website": null, "shop": null, "addr:country": null, "addr:housenumber": null, "air_conditioning": null, "email": null, "fax": null, "internet_access": null, "internet_access:fee": null, "payment:mastercard": null, "payment:visa": null, "roof:shape": "flat", "rooms": null, "stars": null, "tourism": null, "check_date": null, "content": null, "man_made": null, "material": null, "source": null, "water": null, "cuisine": null, "layer": null, "contact:facebook": null, "type": null, "building:parts": null, "contact:email": null, "contact:phone": null, "height": 9.0 }, "geometry": { "type": "Polygon", "coordinates": [ [ [ 14.837033, 40.6475028 ], [ 14.8373707, 40.6474138 ], [ 14.8373209, 40.647305 ], [ 14.8369832, 40.647394 ], [ 14.837033, 40.6475028 ] ] ] } },
{ "type": "Feature", "properties": { "element": "way", "id": 242941959, "building": "yes", "amenity": null, "name": null, "denomination": null, "religion": null, "wikidata": null, "government": null, "office": null, "abandoned": null, "operator": null, "operator:wikidata": null, "wheelchair": null, "building:levels": null, "roof:levels": null, "addr:city": null, "addr:street": null, "alt_name": null, "leisure": null, "sport": null, "addr:postcode": null, "brand": null, "brand:wikidata": null, "opening_hours": null, "phone": null, "website": null, "shop": null, "addr:country": null, "addr:housenumber": null, "air_conditioning": null, "email": null, "fax": null, "internet_access": null, "internet_access:fee": null, "payment:mastercard": null, "payment:visa": null, "roof:shape": null, "rooms": null, "stars": null, "tourism": null, "check_date": null, "content": null, "man_made": null, "material": null, "source": null, "water": null, "cuisine": null, "layer": null, "contact:facebook": null, "type": null, "building:parts": null, "contact:email": null, "contact:phone": null, "height": 6.0 }, "geometry": { "type": "Polygon", "coordinates": [ [ [ 14.8350384, 40.6472531 ], [ 14.8348861, 40.6472377 ], [ 14.8349087, 40.6476199 ], [ 14.8350598, 40.6476147 ], [ 14.8350384, 40.6472531 ] ] ] } },
{ "type": "Feature", "properties": { "element": "way", "id": 242941960, "building": "yes", "amenity": null, "name": null, "denomination": null, "religion": null, "wikidata": null, "government": null, "office": null, "abandoned": null, "operator": null, "operator:wikidata": null, "wheelchair": null, "building:levels": null, "roof:levels": null, "addr:city": null, "addr:street": null, "alt_name": null, "leisure": null, "sport": null, "addr:postcode": null, "brand": null, "brand:wikidata": null, "opening_hours": null, "phone": null, "website": null, "shop": null, "addr:country": null, "addr:housenumber": null, "air_conditioning": null, "email": null, "fax": null, "internet_access": null, "internet_access:fee": null, "payment:mastercard": null, "payment:visa": null, "roof:shape": null, "rooms": null, "stars": null, "tourism": null, "check_date": null, "content": null, "man_made": null, "material": null, "source": null, "water": null, "cuisine": null, "layer": null, "contact:facebook": null, "type": null, "building:parts": null, "contact:email": null, "contact:phone": null, "height": 6.0 }, "geometry": { "type": "Polygon", "coordinates": [ [ [ 14.8347273, 40.6475125 ], [ 14.8348186, 40.6475025 ], [ 14.8347786, 40.6472926 ], [ 14.8346873, 40.6473026 ], [ 14.8347273, 40.6475125 ] ] ] } },
{ "type": "Feature", "properties": { "element": "way", "id": 242941961, "building": "kindergarten", "amenity": null, "name": null, "denomination": null, "religion": null, "wikidata": null, "government": null, "office": null, "abandoned": null, "operator": null, "operator:wikidata": null, "wheelchair": null, "building:levels": null, "roof:levels": null, "addr:city": null, "addr:street": null, "alt_name": null, "leisure": null, "sport": null, "addr:postcode": null, "brand": null, "brand:wikidata": null, "opening_hours": null, "phone": null, "website": null, "shop": null, "addr:country": null, "addr:housenumber": null, "air_conditioning": null, "email": null, "fax": null, "internet_access": null, "internet_access:fee": null, "payment:mastercard": null, "payment:visa": null, "roof:shape": null, "rooms": null, "stars": null, "tourism": null, "check_date": null, "content": null, "man_made": null, "material": null, "source": null, "water": null, "cuisine": null, "layer": null, "contact:facebook": null, "type": null, "building:parts": null, "contact:email": null, "contact:phone": null, "height": 6.0 }, "geometry": { "type": "Polygon", "coordinates": [ [ [ 14.8351094, 40.6478923 ], [ 14.8354139, 40.6479539 ], [ 14.8354206, 40.6478681 ], [ 14.8353581, 40.6478653 ], [ 14.8353175, 40.647719 ], [ 14.835257, 40.6477194 ], [ 14.835258, 40.6478055 ], [ 14.8351925, 40.647806 ], [ 14.8351915, 40.6477223 ], [ 14.8351043, 40.6477228 ], [ 14.8350739, 40.6477998 ], [ 14.8351094, 40.6478923 ] ] ] } },
{ "type": "Feature", "properties": { "element": "way", "id": 242941962, "building": "yes", "amenity": null, "name": null, "denomination": null, "religion": null, "wikidata": null, "government": null, "office": null, "abandoned": null, "operator": null, "operator:wikidata": null, "wheelchair": null, "building:levels": null, "roof:levels": null, "addr:city": null, "addr:street": null, "alt_name": null, "leisure": null, "sport": null, "addr:postcode": null, "brand": null, "brand:wikidata": null, "opening_hours": null, "phone": null, "website": null, "shop": null, "addr:country": null, "addr:housenumber": null, "air_conditioning": null, "email": null, "fax": null, "internet_access": null, "internet_access:fee": null, "payment:mastercard": null, "payment:visa": null, "roof:shape": null, "rooms": null, "stars": null, "tourism": null, "check_date": null, "content": null, "man_made": null, "material": null, "source": null, "water": null, "cuisine": null, "layer": null, "contact:facebook": null, "type": null, "building:parts": null, "contact:email": null, "contact:phone": null, "height": 6.0 }, "geometry": { "type": "Polygon", "coordinates": [ [ [ 14.8378563, 40.6479984 ], [ 14.8380808, 40.6479511 ], [ 14.8380418, 40.6478445 ], [ 14.8378173, 40.6478919 ], [ 14.8378563, 40.6479984 ] ] ] } },
{ "type": "Feature", "properties": { "element": "way", "id": 242941963, "building": "house", "amenity": null, "name": null, "denomination": null, "religion": null, "wikidata": null, "government": null, "office": null, "abandoned": null, "operator": null, "operator:wikidata": null, "wheelchair": null, "building:levels": null, "roof:levels": null, "addr:city": null, "addr:street": null, "alt_name": null, "leisure": null, "sport": null, "addr:postcode": null, "brand": null, "brand:wikidata": null, "opening_hours": null, "phone": null, "website": null, "shop": null, "addr:country": null, "addr:housenumber": null, "air_conditioning": null, "email": null, "fax": null, "internet_access": null, "internet_access:fee": null, "payment:mastercard": null, "payment:visa": null, "roof:shape": null, "rooms": null, "stars": null, "tourism": null, "check_date": null, "content": null, "man_made": null, "material": null, "source": null, "water": null, "cuisine": null, "layer": null, "contact:facebook": null, "type": null, "building:parts": null, "contact:email": null, "contact:phone": null, "height": 6.0 }, "geometry": { "type": "Polygon", "coordinates": [ [ [ 14.8381983, 40.6479257 ], [ 14.8383721, 40.6478805 ], [ 14.8383023, 40.6477257 ], [ 14.8381285, 40.6477708 ], [ 14.8381983, 40.6479257 ] ] ] } },
{ "type": "Feature", "properties": { "element": "way", "id": 242941964, "building": "yes", "amenity": null, "name": null, "denomination": null, "religion": null, "wikidata": null, "government": null, "office": null, "abandoned": null, "operator": null, "operator:wikidata": null, "wheelchair": null, "building:levels": null, "roof:levels": null, "addr:city": null, "addr:street": null, "alt_name": null, "leisure": null, "sport": null, "addr:postcode": null, "brand": null, "brand:wikidata": null, "opening_hours": null, "phone": null, "website": null, "shop": null, "addr:country": null, "addr:housenumber": null, "air_conditioning": null, "email": null, "fax": null, "internet_access": null, "internet_access:fee": null, "payment:mastercard": null, "payment:visa": null, "roof:shape": null, "rooms": null, "stars": null, "tourism": null, "check_date": null, "content": null, "man_made": null, "material": null, "source": null, "water": null, "cuisine": null, "layer": null, "contact:facebook": null, "type": null, "building:parts": null, "contact:email": null, "contact:phone": null, "height": 6.0 }, "geometry": { "type": "Polygon", "coordinates": [ [ [ 14.8384521, 40.6478564 ], [ 14.8387425, 40.6477805 ], [ 14.8386879, 40.6476602 ], [ 14.8383975, 40.6477362 ], [ 14.8384521, 40.6478564 ] ] ] } },
{ "type": "Feature", "properties": { "element": "way", "id": 242941965, "building": "yes", "amenity": null, "name": null, "denomination": null, "religion": null, "wikidata": null, "government": null, "office": null, "abandoned": null, "operator": null, "operator:wikidata": null, "wheelchair": null, "building:levels": null, "roof:levels": null, "addr:city": null, "addr:street": null, "alt_name": null, "leisure": null, "sport": null, "addr:postcode": null, "brand": null, "brand:wikidata": null, "opening_hours": null, "phone": null, "website": null, "shop": null, "addr:country": null, "addr:housenumber": null, "air_conditioning": null, "email": null, "fax": null, "internet_access": null, "internet_access:fee": null, "payment:mastercard": null, "payment:visa": null, "roof:shape": null, "rooms": null, "stars": null, "tourism": null, "check_date": null, "content": null, "man_made": null, "material": null, "source": null, "water": null, "cuisine": null, "layer": null, "contact:facebook": null, "type": null, "building:parts": null, "contact:email": null, "contact:phone": null, "height": 6.0 }, "geometry": { "type": "Polygon", "coordinates": [ [ [ 14.8379625, 40.6481846 ], [ 14.8382994, 40.648113 ], [ 14.8382519, 40.6479842 ], [ 14.8379149, 40.6480558 ], [ 14.8379625, 40.6481846 ] ] ] } },
{ "type": "Feature", "properties": { "element": "way", "id": 242941967, "building": "yes", "amenity": null, "name": null, "denomination": null, "religion": null, "wikidata": null, "government": null, "office": null, "abandoned": null, "operator": null, "operator:wikidata": null, "wheelchair": null, "building:levels": null, "roof:levels": null, "addr:city": null, "addr:street": null, "alt_name": null, "leisure": null, "sport": null, "addr:postcode": null, "brand": null, "brand:wikidata": null, "opening_hours": null, "phone": null, "website": null, "shop": null, "addr:country": null, "addr:housenumber": null, "air_conditioning": null, "email": null, "fax": null, "internet_access": null, "internet_access:fee": null, "payment:mastercard": null, "payment:visa": null, "roof:shape": null, "rooms": null, "stars": null, "tourism": null, "check_date": null, "content": null, "man_made": null, "material": null, "source": null, "water": null, "cuisine": null, "layer": null, "contact:facebook": null, "type": null, "building:parts": null, "contact:email": null, "contact:phone": null, "height": 6.0 }, "geometry": { "type": "Polygon", "coordinates": [ [ [ 14.83853, 40.6483774 ], [ 14.8386417, 40.6483774 ], [ 14.8386112, 40.6482196 ], [ 14.8385554, 40.6481656 ], [ 14.8383922, 40.6482171 ], [ 14.838459, 40.6483389 ], [ 14.8385402, 40.6483389 ], [ 14.83853, 40.6483774 ] ] ] } },
{ "type": "Feature", "properties": { "element": "way", "id": 242941968, "building": "industrial", "amenity": null, "name": null, "denomination": null, "religion": null, "wikidata": null, "government": null, "office": null, "abandoned": null, "operator": null, "operator:wikidata": null, "wheelchair": null, "building:levels": null, "roof:levels": null, "addr:city": null, "addr:street": null, "alt_name": null, "leisure": null, "sport": null, "addr:postcode": null, "brand": null, "brand:wikidata": null, "opening_hours": null, "phone": null, "website": null, "shop": null, "addr:country": null, "addr:housenumber": null, "air_conditioning": null, "email": null, "fax": null, "internet_access": null, "internet_access:fee": null, "payment:mastercard": null, "payment:visa": null, "roof:shape": null, "rooms": null, "stars": null, "tourism": null, "check_date": null, "content": null, "man_made": null, "material": null, "source": null, "water": null, "cuisine": null, "layer": null, "contact:facebook": null, "type": null, "building:parts": null, "contact:email": null, "contact:phone": null, "height": 6.0 }, "geometry": { "type": "Polygon", "coordinates": [ [ [ 14.8361044, 40.6488043 ], [ 14.8365773, 40.6489239 ], [ 14.8366526, 40.6487523 ], [ 14.8365302, 40.6487214 ], [ 14.8365961, 40.6485714 ], [ 14.8365196, 40.6485521 ], [ 14.8365974, 40.6483749 ], [ 14.8364541, 40.6483386 ], [ 14.8362738, 40.6487493 ], [ 14.836143, 40.6487162 ], [ 14.8361044, 40.6488043 ] ] ] } },
{ "type": "Feature", "properties": { "element": "way", "id": 242941969, "building": "industrial", "amenity": null, "name": null, "denomination": null, "religion": null, "wikidata": null, "government": null, "office": null, "abandoned": null, "operator": null, "operator:wikidata": null, "wheelchair": null, "building:levels": null, "roof:levels": null, "addr:city": null, "addr:street": null, "alt_name": null, "leisure": null, "sport": null, "addr:postcode": null, "brand": null, "brand:wikidata": null, "opening_hours": null, "phone": null, "website": null, "shop": null, "addr:country": null, "addr:housenumber": null, "air_conditioning": null, "email": null, "fax": null, "internet_access": null, "internet_access:fee": null, "payment:mastercard": null, "payment:visa": null, "roof:shape": null, "rooms": null, "stars": null, "tourism": null, "check_date": null, "content": null, "man_made": null, "material": null, "source": null, "water": null, "cuisine": null, "layer": null, "contact:facebook": null, "type": null, "building:parts": null, "contact:email": null, "contact:phone": null, "height": 6.0 }, "geometry": { "type": "Polygon", "coordinates": [ [ [ 14.8360582, 40.6487355 ], [ 14.8351772, 40.648533 ], [ 14.8353491, 40.6481024 ], [ 14.8362301, 40.648305 ], [ 14.8360582, 40.6487355 ] ] ] } },
{ "type": "Feature", "properties": { "element": "way", "id": 242941970, "building": "industrial", "amenity": null, "name": null, "denomination": null, "religion": null, "wikidata": null, "government": null, "office": null, "abandoned": null, "operator": null, "operator:wikidata": null, "wheelchair": null, "building:levels": null, "roof:levels": null, "addr:city": null, "addr:street": null, "alt_name": null, "leisure": null, "sport": null, "addr:postcode": null, "brand": null, "brand:wikidata": null, "opening_hours": null, "phone": null, "website": null, "shop": null, "addr:country": null, "addr:housenumber": null, "air_conditioning": null, "email": null, "fax": null, "internet_access": null, "internet_access:fee": null, "payment:mastercard": null, "payment:visa": null, "roof:shape": null, "rooms": null, "stars": null, "tourism": null, "check_date": null, "content": null, "man_made": null, "material": null, "source": null, "water": null, "cuisine": null, "layer": null, "contact:facebook": null, "type": null, "building:parts": null, "contact:email": null, "contact:phone": null, "height": 6.0 }, "geometry": { "type": "Polygon", "coordinates": [ [ [ 14.8381031, 40.6490199 ], [ 14.8385772, 40.6492734 ], [ 14.8388368, 40.6489939 ], [ 14.8387631, 40.6489574 ], [ 14.8385909, 40.6488649 ], [ 14.8383628, 40.6487404 ], [ 14.8381031, 40.6490199 ] ] ] } },
{ "type": "Feature", "properties": { "element": "way", "id": 242941975, "building": "industrial", "amenity": null, "name": null, "denomination": null, "religion": null, "wikidata": null, "government": null, "office": null, "abandoned": null, "operator": null, "operator:wikidata": null, "wheelchair": null, "building:levels": null, "roof:levels": null, "addr:city": null, "addr:street": null, "alt_name": null, "leisure": null, "sport": null, "addr:postcode": null, "brand": null, "brand:wikidata": null, "opening_hours": null, "phone": null, "website": null, "shop": null, "addr:country": null, "addr:housenumber": null, "air_conditioning": null, "email": null, "fax": null, "internet_access": null, "internet_access:fee": null, "payment:mastercard": null, "payment:visa": null, "roof:shape": null, "rooms": null, "stars": null, "tourism": null, "check_date": null, "content": null, "man_made": null, "material": null, "source": null, "water": null, "cuisine": null, "layer": null, "contact:facebook": null, "type": null, "building:parts": null, "contact:email": null, "contact:phone": null, "height": 6.0 }, "geometry": { "type": "Polygon", "coordinates": [ [ [ 14.8351259, 40.6492152 ], [ 14.8368516, 40.6494109 ], [ 14.8368871, 40.6492307 ], [ 14.8351614, 40.649035 ], [ 14.8351259, 40.6492152 ] ] ] } },
{ "type": "Feature", "properties": { "element": "way", "id": 242941979, "building": "industrial", "amenity": null, "name": null, "denomination": null, "religion": null, "wikidata": null, "government": null, "office": null, "abandoned": null, "operator": null, "operator:wikidata": null, "wheelchair": null, "building:levels": null, "roof:levels": null, "addr:city": null, "addr:street": null, "alt_name": null, "leisure": null, "sport": null, "addr:postcode": null, "brand": null, "brand:wikidata": null, "opening_hours": null, "phone": null, "website": null, "shop": null, "addr:country": null, "addr:housenumber": null, "air_conditioning": null, "email": null, "fax": null, "internet_access": null, "internet_access:fee": null, "payment:mastercard": null, "payment:visa": null, "roof:shape": null, "rooms": null, "stars": null, "tourism": null, "check_date": null, "content": null, "man_made": null, "material": null, "source": null, "water": null, "cuisine": null, "layer": null, "contact:facebook": null, "type": null, "building:parts": null, "contact:email": null, "contact:phone": null, "height": 6.0 }, "geometry": { "type": "Polygon", "coordinates": [ [ [ 14.8372214, 40.6441747 ], [ 14.8375361, 40.6440285 ], [ 14.8371386, 40.6435358 ], [ 14.8372723, 40.6434737 ], [ 14.8372132, 40.6434005 ], [ 14.8367379, 40.6436213 ], [ 14.8368234, 40.6437272 ], [ 14.8368865, 40.6437081 ], [ 14.8368654, 40.6436681 ], [ 14.8370141, 40.643599 ], [ 14.837234, 40.6438716 ], [ 14.8370469, 40.6439585 ], [ 14.8372214, 40.6441747 ] ] ] } },
{ "type": "Feature", "properties": { "element": "way", "id": 242941980, "building": "industrial", "amenity": null, "name": null, "denomination": null, "religion": null, "wikidata": null, "government": null, "office": null, "abandoned": null, "operator": null, "operator:wikidata": null, "wheelchair": null, "building:levels": null, "roof:levels": null, "addr:city": null, "addr:street": null, "alt_name": null, "leisure": null, "sport": null, "addr:postcode": null, "brand": null, "brand:wikidata": null, "opening_hours": null, "phone": null, "website": null, "shop": null, "addr:country": null, "addr:housenumber": null, "air_conditioning": null, "email": null, "fax": null, "internet_access": null, "internet_access:fee": null, "payment:mastercard": null, "payment:visa": null, "roof:shape": null, "rooms": null, "stars": null, "tourism": null, "check_date": null, "content": null, "man_made": null, "material": null, "source": null, "water": null, "cuisine": null, "layer": null, "contact:facebook": null, "type": null, "building:parts": null, "contact:email": null, "contact:phone": null, "height": 6.0 }, "geometry": { "type": "Polygon", "coordinates": [ [ [ 14.8375185, 40.6439187 ], [ 14.8376181, 40.6438768 ], [ 14.8374426, 40.6436363 ], [ 14.837343, 40.6436782 ], [ 14.8375185, 40.6439187 ] ] ] } },
{ "type": "Feature", "properties": { "element": "way", "id": 242941981, "building": "yes", "amenity": null, "name": null, "denomination": null, "religion": null, "wikidata": null, "government": null, "office": null, "abandoned": null, "operator": null, "operator:wikidata": null, "wheelchair": null, "building:levels": null, "roof:levels": null, "addr:city": null, "addr:street": null, "alt_name": null, "leisure": null, "sport": null, "addr:postcode": null, "brand": null, "brand:wikidata": null, "opening_hours": null, "phone": null, "website": null, "shop": null, "addr:country": null, "addr:housenumber": null, "air_conditioning": null, "email": null, "fax": null, "internet_access": null, "internet_access:fee": null, "payment:mastercard": null, "payment:visa": null, "roof:shape": null, "rooms": null, "stars": null, "tourism": null, "check_date": null, "content": null, "man_made": null, "material": null, "source": null, "water": null, "cuisine": null, "layer": null, "contact:facebook": null, "type": null, "building:parts": null, "contact:email": null, "contact:phone": null, "height": 6.0 }, "geometry": { "type": "Polygon", "coordinates": [ [ [ 14.8345836, 40.6431602 ], [ 14.8347833, 40.6430546 ], [ 14.8346014, 40.6428565 ], [ 14.8344017, 40.6429621 ], [ 14.8345836, 40.6431602 ] ] ] } },
{ "type": "Feature", "properties": { "element": "way", "id": 619260920, "building": "stadium", "amenity": null, "name": null, "denomination": null, "religion": null, "wikidata": null, "government": null, "office": null, "abandoned": null, "operator": null, "operator:wikidata": null, "wheelchair": null, "building:levels": null, "roof:levels": null, "addr:city": null, "addr:street": null, "alt_name": null, "leisure": null, "sport": null, "addr:postcode": null, "brand": null, "brand:wikidata": null, "opening_hours": null, "phone": null, "website": null, "shop": null, "addr:country": null, "addr:housenumber": null, "air_conditioning": null, "email": null, "fax": null, "internet_access": null, "internet_access:fee": null, "payment:mastercard": null, "payment:visa": null, "roof:shape": null, "rooms": null, "stars": null, "tourism": null, "check_date": null, "content": null, "man_made": null, "material": null, "source": null, "water": null, "cuisine": null, "layer": null, "contact:facebook": null, "type": null, "building:parts": null, "contact:email": null, "contact:phone": null, "height": 6.0 }, "geometry": { "type": "Polygon", "coordinates": [ [ [ 14.8243896, 40.6451877 ], [ 14.8238292, 40.6461663 ], [ 14.8240983, 40.6464342 ], [ 14.824832, 40.645149 ], [ 14.8243896, 40.6451877 ] ] ] } },
{ "type": "Feature", "properties": { "element": "way", "id": 619260921, "building": "stadium", "amenity": null, "name": null, "denomination": null, "religion": null, "wikidata": null, "government": null, "office": null, "abandoned": null, "operator": null, "operator:wikidata": null, "wheelchair": null, "building:levels": null, "roof:levels": null, "addr:city": null, "addr:street": null, "alt_name": null, "leisure": null, "sport": null, "addr:postcode": null, "brand": null, "brand:wikidata": null, "opening_hours": null, "phone": null, "website": null, "shop": null, "addr:country": null, "addr:housenumber": null, "air_conditioning": null, "email": null, "fax": null, "internet_access": null, "internet_access:fee": null, "payment:mastercard": null, "payment:visa": null, "roof:shape": null, "rooms": null, "stars": null, "tourism": null, "check_date": null, "content": null, "man_made": null, "material": null, "source": null, "water": null, "cuisine": null, "layer": null, "contact:facebook": null, "type": null, "building:parts": null, "contact:email": null, "contact:phone": null, "height": 6.0 }, "geometry": { "type": "Polygon", "coordinates": [ [ [ 14.8234522, 40.6448768 ], [ 14.8231644, 40.6446119 ], [ 14.8224351, 40.6458943 ], [ 14.8228936, 40.6458669 ], [ 14.8234522, 40.6448768 ] ] ] } },
{ "type": "Feature", "properties": { "element": "way", "id": 619260922, "building": "stadium", "amenity": null, "name": null, "denomination": null, "religion": null, "wikidata": null, "government": null, "office": null, "abandoned": null, "operator": null, "operator:wikidata": null, "wheelchair": null, "building:levels": null, "roof:levels": null, "addr:city": null, "addr:street": null, "alt_name": null, "leisure": null, "sport": null, "addr:postcode": null, "brand": null, "brand:wikidata": null, "opening_hours": null, "phone": null, "website": null, "shop": null, "addr:country": null, "addr:housenumber": null, "air_conditioning": null, "email": null, "fax": null, "internet_access": null, "internet_access:fee": null, "payment:mastercard": null, "payment:visa": null, "roof:shape": null, "rooms": null, "stars": null, "tourism": null, "check_date": null, "content": null, "man_made": null, "material": null, "source": null, "water": null, "cuisine": null, "layer": null, "contact:facebook": null, "type": null, "building:parts": null, "contact:email": null, "contact:phone": null, "height": 6.0 }, "geometry": { "type": "Polygon", "coordinates": [ [ [ 14.8243966, 40.6451318 ], [ 14.8246988, 40.6449524 ], [ 14.8234509, 40.6445595 ], [ 14.8235029, 40.6448462 ], [ 14.8243966, 40.6451318 ] ] ] } },
{ "type": "Feature", "properties": { "element": "way", "id": 672356922, "building": "yes", "amenity": "cafe", "name": "Benny", "denomination": null, "religion": null, "wikidata": null, "government": null, "office": null, "abandoned": null, "operator": null, "operator:wikidata": null, "wheelchair": null, "building:levels": null, "roof:levels": null, "addr:city": null, "addr:street": null, "alt_name": null, "leisure": null, "sport": null, "addr:postcode": null, "brand": null, "brand:wikidata": null, "opening_hours": null, "phone": null, "website": null, "shop": null, "addr:country": null, "addr:housenumber": null, "air_conditioning": null, "email": null, "fax": null, "internet_access": null, "internet_access:fee": null, "payment:mastercard": null, "payment:visa": null, "roof:shape": null, "rooms": null, "stars": null, "tourism": null, "check_date": null, "content": null, "man_made": null, "material": null, "source": null, "water": null, "cuisine": null, "layer": null, "contact:facebook": null, "type": null, "building:parts": null, "contact:email": null, "contact:phone": null, "height": 6.0 }, "geometry": { "type": "Polygon", "coordinates": [ [ [ 14.8264926, 40.6512555 ], [ 14.8265476, 40.6511891 ], [ 14.8263699, 40.6511169 ], [ 14.8263149, 40.6511853 ], [ 14.8264926, 40.6512555 ] ] ] } },
{ "type": "Feature", "properties": { "element": "way", "id": 722408679, "building": "commercial", "amenity": null, "name": null, "denomination": null, "religion": null, "wikidata": null, "government": null, "office": null, "abandoned": null, "operator": null, "operator:wikidata": null, "wheelchair": null, "building:levels": "0", "roof:levels": null, "addr:city": null, "addr:street": null, "alt_name": null, "leisure": null, "sport": null, "addr:postcode": null, "brand": null, "brand:wikidata": null, "opening_hours": null, "phone": null, "website": null, "shop": null, "addr:country": null, "addr:housenumber": null, "air_conditioning": null, "email": null, "fax": null, "internet_access": null, "internet_access:fee": null, "payment:mastercard": null, "payment:visa": null, "roof:shape": null, "rooms": null, "stars": null, "tourism": null, "check_date": null, "content": null, "man_made": null, "material": null, "source": null, "water": null, "cuisine": null, "layer": null, "contact:facebook": null, "type": null, "building:parts": null, "contact:email": null, "contact:phone": null, "height": 0.0 }, "geometry": { "type": "Polygon", "coordinates": [ [ [ 14.8343895, 40.6418206 ], [ 14.8345234, 40.6419323 ], [ 14.8347286, 40.6417901 ], [ 14.8345903, 40.641675 ], [ 14.8343895, 40.6418206 ] ] ] } },
{ "type": "Feature", "properties": { "element": "way", "id": 722408680, "building": "commercial", "amenity": null, "name": null, "denomination": null, "religion": null, "wikidata": null, "government": null, "office": null, "abandoned": null, "operator": null, "operator:wikidata": null, "wheelchair": null, "building:levels": null, "roof:levels": null, "addr:city": null, "addr:street": null, "alt_name": null, "leisure": null, "sport": null, "addr:postcode": null, "brand": null, "brand:wikidata": null, "opening_hours": null, "phone": null, "website": null, "shop": null, "addr:country": null, "addr:housenumber": null, "air_conditioning": null, "email": null, "fax": null, "internet_access": null, "internet_access:fee": null, "payment:mastercard": null, "payment:visa": null, "roof:shape": null, "rooms": null, "stars": null, "tourism": null, "check_date": null, "content": null, "man_made": null, "material": null, "source": null, "water": null, "cuisine": null, "layer": null, "contact:facebook": null, "type": null, "building:parts": null, "contact:email": null, "contact:phone": null, "height": 6.0 }, "geometry": { "type": "Polygon", "coordinates": [ [ [ 14.8345814, 40.6420897 ], [ 14.8346527, 40.6420457 ], [ 14.8347397, 40.6421117 ], [ 14.8349405, 40.641978 ], [ 14.8348133, 40.641868 ], [ 14.8345457, 40.6420508 ], [ 14.8345814, 40.6420897 ] ] ] } },
{ "type": "Feature", "properties": { "element": "way", "id": 722408681, "building": "commercial", "amenity": null, "name": null, "denomination": null, "religion": null, "wikidata": null, "government": null, "office": null, "abandoned": null, "operator": null, "operator:wikidata": null, "wheelchair": null, "building:levels": null, "roof:levels": null, "addr:city": null, "addr:street": null, "alt_name": null, "leisure": null, "sport": null, "addr:postcode": null, "brand": null, "brand:wikidata": null, "opening_hours": null, "phone": null, "website": null, "shop": null, "addr:country": null, "addr:housenumber": null, "air_conditioning": null, "email": null, "fax": null, "internet_access": null, "internet_access:fee": null, "payment:mastercard": null, "payment:visa": null, "roof:shape": null, "rooms": null, "stars": null, "tourism": null, "check_date": null, "content": null, "man_made": null, "material": null, "source": null, "water": null, "cuisine": null, "layer": null, "contact:facebook": null, "type": null, "building:parts": null, "contact:email": null, "contact:phone": null, "height": 6.0 }, "geometry": { "type": "Polygon", "coordinates": [ [ [ 14.8340884, 40.6422285 ], [ 14.8344274, 40.6420034 ], [ 14.8342936, 40.6418883 ], [ 14.8339635, 40.6421151 ], [ 14.8340884, 40.6422285 ] ] ] } },
{ "type": "Feature", "properties": { "element": "way", "id": 722408682, "building": "commercial", "amenity": null, "name": null, "denomination": null, "religion": null, "wikidata": null, "government": null, "office": null, "abandoned": null, "operator": null, "operator:wikidata": null, "wheelchair": null, "building:levels": null, "roof:levels": null, "addr:city": null, "addr:street": null, "alt_name": null, "leisure": null, "sport": null, "addr:postcode": null, "brand": null, "brand:wikidata": null, "opening_hours": null, "phone": null, "website": null, "shop": null, "addr:country": null, "addr:housenumber": null, "air_conditioning": null, "email": null, "fax": null, "internet_access": null, "internet_access:fee": null, "payment:mastercard": null, "payment:visa": null, "roof:shape": null, "rooms": null, "stars": null, "tourism": null, "check_date": null, "content": null, "man_made": null, "material": null, "source": null, "water": null, "cuisine": null, "layer": null, "contact:facebook": null, "type": null, "building:parts": null, "contact:email": null, "contact:phone": null, "height": 6.0 }, "geometry": { "type": "Polygon", "coordinates": [ [ [ 14.8341821, 40.642303 ], [ 14.8343159, 40.642413 ], [ 14.8345747, 40.6422183 ], [ 14.8344431, 40.6421066 ], [ 14.8341821, 40.642303 ] ] ] } },
{ "type": "Feature", "properties": { "element": "way", "id": 722408683, "building": "residential", "amenity": null, "name": null, "denomination": null, "religion": null, "wikidata": null, "government": null, "office": null, "abandoned": null, "operator": null, "operator:wikidata": null, "wheelchair": null, "building:levels": null, "roof:levels": null, "addr:city": null, "addr:street": null, "alt_name": null, "leisure": null, "sport": null, "addr:postcode": null, "brand": null, "brand:wikidata": null, "opening_hours": null, "phone": null, "website": null, "shop": null, "addr:country": null, "addr:housenumber": null, "air_conditioning": null, "email": null, "fax": null, "internet_access": null, "internet_access:fee": null, "payment:mastercard": null, "payment:visa": null, "roof:shape": null, "rooms": null, "stars": null, "tourism": null, "check_date": null, "content": null, "man_made": null, "material": null, "source": null, "water": null, "cuisine": null, "layer": null, "contact:facebook": null, "type": null, "building:parts": null, "contact:email": null, "contact:phone": null, "height": 6.0 }, "geometry": { "type": "Polygon", "coordinates": [ [ [ 14.834017, 40.6414415 ], [ 14.8341219, 40.6414838 ], [ 14.8342713, 40.6412857 ], [ 14.8341999, 40.6412519 ], [ 14.8342088, 40.6412384 ], [ 14.8341486, 40.641218 ], [ 14.8341352, 40.6412367 ], [ 14.8340884, 40.6412231 ], [ 14.8339925, 40.6413518 ], [ 14.8340103, 40.6413636 ], [ 14.8339769, 40.6414262 ], [ 14.834017, 40.6414415 ] ] ] } },
{ "type": "Feature", "properties": { "element": "way", "id": 722408684, "building": "yes", "amenity": null, "name": null, "denomination": null, "religion": null, "wikidata": null, "government": null, "office": null, "abandoned": null, "operator": null, "operator:wikidata": null, "wheelchair": null, "building:levels": null, "roof:levels": null, "addr:city": null, "addr:street": null, "alt_name": null, "leisure": null, "sport": null, "addr:postcode": null, "brand": null, "brand:wikidata": null, "opening_hours": null, "phone": null, "website": null, "shop": null, "addr:country": null, "addr:housenumber": "9", "air_conditioning": null, "email": null, "fax": null, "internet_access": null, "internet_access:fee": null, "payment:mastercard": null, "payment:visa": null, "roof:shape": null, "rooms": null, "stars": null, "tourism": null, "check_date": null, "content": null, "man_made": null, "material": null, "source": null, "water": null, "cuisine": null, "layer": null, "contact:facebook": null, "type": null, "building:parts": null, "contact:email": null, "contact:phone": null, "height": 6.0 }, "geometry": { "type": "Polygon", "coordinates": [ [ [ 14.8355772, 40.6415424 ], [ 14.8354469, 40.6414339 ], [ 14.8357014, 40.6412579 ], [ 14.8358317, 40.6413665 ], [ 14.8355772, 40.6415424 ] ] ] } },
{ "type": "Feature", "properties": { "element": "way", "id": 722408685, "building": "yes", "amenity": "conference_centre", "name": "Auditorium", "denomination": null, "religion": null, "wikidata": null, "government": null, "office": null, "abandoned": null, "operator": null, "operator:wikidata": null, "wheelchair": null, "building:levels": null, "roof:levels": null, "addr:city": null, "addr:street": null, "alt_name": null, "leisure": null, "sport": null, "addr:postcode": null, "brand": null, "brand:wikidata": null, "opening_hours": null, "phone": null, "website": null, "shop": null, "addr:country": null, "addr:housenumber": null, "air_conditioning": null, "email": null, "fax": null, "internet_access": null, "internet_access:fee": null, "payment:mastercard": null, "payment:visa": null, "roof:shape": null, "rooms": null, "stars": null, "tourism": null, "check_date": null, "content": null, "man_made": null, "material": null, "source": null, "water": null, "cuisine": null, "layer": null, "contact:facebook": null, "type": null, "building:parts": null, "contact:email": null, "contact:phone": null, "height": 6.0 }, "geometry": { "type": "Polygon", "coordinates": [ [ [ 14.835769, 40.6411432 ], [ 14.8359369, 40.6410285 ], [ 14.8356892, 40.6408196 ], [ 14.8355212, 40.6409343 ], [ 14.835769, 40.6411432 ] ] ] } },
{ "type": "Feature", "properties": { "element": "way", "id": 722409540, "building": "residential", "amenity": null, "name": null, "denomination": null, "religion": null, "wikidata": null, "government": null, "office": null, "abandoned": null, "operator": null, "operator:wikidata": null, "wheelchair": null, "building:levels": null, "roof:levels": null, "addr:city": null, "addr:street": null, "alt_name": null, "leisure": null, "sport": null, "addr:postcode": null, "brand": null, "brand:wikidata": null, "opening_hours": null, "phone": null, "website": null, "shop": null, "addr:country": null, "addr:housenumber": null, "air_conditioning": null, "email": null, "fax": null, "internet_access": null, "internet_access:fee": null, "payment:mastercard": null, "payment:visa": null, "roof:shape": null, "rooms": null, "stars": null, "tourism": null, "check_date": null, "content": null, "man_made": null, "material": null, "source": null, "water": null, "cuisine": null, "layer": null, "contact:facebook": null, "type": null, "building:parts": null, "contact:email": null, "contact:phone": null, "height": 6.0 }, "geometry": { "type": "Polygon", "coordinates": [ [ [ 14.8352254, 40.6418067 ], [ 14.8354303, 40.6416725 ], [ 14.835339, 40.6415923 ], [ 14.8352043, 40.6416805 ], [ 14.8351572, 40.6416391 ], [ 14.835087, 40.6416851 ], [ 14.8352254, 40.6418067 ] ] ] } },
{ "type": "Feature", "properties": { "element": "way", "id": 722409870, "building": "residential", "amenity": null, "name": null, "denomination": null, "religion": null, "wikidata": null, "government": null, "office": null, "abandoned": null, "operator": null, "operator:wikidata": null, "wheelchair": null, "building:levels": null, "roof:levels": null, "addr:city": null, "addr:street": null, "alt_name": null, "leisure": null, "sport": null, "addr:postcode": null, "brand": null, "brand:wikidata": null, "opening_hours": null, "phone": null, "website": null, "shop": null, "addr:country": null, "addr:housenumber": null, "air_conditioning": null, "email": null, "fax": null, "internet_access": null, "internet_access:fee": null, "payment:mastercard": null, "payment:visa": null, "roof:shape": null, "rooms": null, "stars": null, "tourism": null, "check_date": null, "content": null, "man_made": null, "material": null, "source": null, "water": null, "cuisine": null, "layer": null, "contact:facebook": null, "type": null, "building:parts": null, "contact:email": null, "contact:phone": null, "height": 6.0 }, "geometry": { "type": "Polygon", "coordinates": [ [ [ 14.8349814, 40.6412801 ], [ 14.8351437, 40.6412811 ], [ 14.8351504, 40.6414663 ], [ 14.8350766, 40.6414663 ], [ 14.8350766, 40.641566 ], [ 14.8349613, 40.641564 ], [ 14.8348553, 40.6414765 ], [ 14.8349814, 40.6414032 ], [ 14.8349814, 40.6412801 ] ] ] } },
{ "type": "Feature", "properties": { "element": "way", "id": 722412958, "building": "commercial", "amenity": null, "name": null, "denomination": null, "religion": null, "wikidata": null, "government": null, "office": null, "abandoned": null, "operator": null, "operator:wikidata": null, "wheelchair": null, "building:levels": null, "roof:levels": null, "addr:city": null, "addr:street": null, "alt_name": null, "leisure": null, "sport": null, "addr:postcode": null, "brand": null, "brand:wikidata": null, "opening_hours": null, "phone": null, "website": null, "shop": null, "addr:country": null, "addr:housenumber": null, "air_conditioning": null, "email": null, "fax": null, "internet_access": null, "internet_access:fee": null, "payment:mastercard": null, "payment:visa": null, "roof:shape": null, "rooms": null, "stars": null, "tourism": null, "check_date": null, "content": null, "man_made": null, "material": null, "source": null, "water": null, "cuisine": null, "layer": null, "contact:facebook": null, "type": null, "building:parts": null, "contact:email": null, "contact:phone": null, "height": 6.0 }, "geometry": { "type": "Polygon", "coordinates": [ [ [ 14.8338276, 40.6420679 ], [ 14.834497, 40.641623 ], [ 14.8344195, 40.6415559 ], [ 14.8337503, 40.6420009 ], [ 14.8338276, 40.6420679 ] ] ] } },
{ "type": "Feature", "properties": { "element": "way", "id": 726894158, "building": "apartments", "amenity": null, "name": null, "denomination": null, "religion": null, "wikidata": null, "government": null, "office": null, "abandoned": null, "operator": null, "operator:wikidata": null, "wheelchair": null, "building:levels": "4", "roof:levels": null, "addr:city": null, "addr:street": null, "alt_name": null, "leisure": null, "sport": null, "addr:postcode": null, "brand": null, "brand:wikidata": null, "opening_hours": null, "phone": null, "website": null, "shop": null, "addr:country": null, "addr:housenumber": null, "air_conditioning": null, "email": null, "fax": null, "internet_access": null, "internet_access:fee": null, "payment:mastercard": null, "payment:visa": null, "roof:shape": null, "rooms": null, "stars": null, "tourism": null, "check_date": null, "content": null, "man_made": null, "material": null, "source": null, "water": null, "cuisine": null, "layer": null, "contact:facebook": null, "type": null, "building:parts": null, "contact:email": null, "contact:phone": null, "height": 12.0 }, "geometry": { "type": "Polygon", "coordinates": [ [ [ 14.8370429, 40.647235 ], [ 14.8369936, 40.6471275 ], [ 14.8373064, 40.6470386 ], [ 14.8373618, 40.6471427 ], [ 14.8372725, 40.6471661 ], [ 14.83716, 40.6471976 ], [ 14.8370429, 40.647235 ] ] ] } },
{ "type": "Feature", "properties": { "element": "way", "id": 737157426, "building": "construction", "amenity": null, "name": null, "denomination": null, "religion": null, "wikidata": null, "government": null, "office": null, "abandoned": null, "operator": null, "operator:wikidata": null, "wheelchair": null, "building:levels": null, "roof:levels": null, "addr:city": null, "addr:street": null, "alt_name": null, "leisure": null, "sport": null, "addr:postcode": null, "brand": null, "brand:wikidata": null, "opening_hours": null, "phone": null, "website": null, "shop": null, "addr:country": null, "addr:housenumber": null, "air_conditioning": null, "email": null, "fax": null, "internet_access": null, "internet_access:fee": null, "payment:mastercard": null, "payment:visa": null, "roof:shape": null, "rooms": null, "stars": null, "tourism": null, "check_date": "2024-03-24", "content": null, "man_made": null, "material": null, "source": null, "water": null, "cuisine": null, "layer": null, "contact:facebook": null, "type": null, "building:parts": null, "contact:email": null, "contact:phone": null, "height": 6.0 }, "geometry": { "type": "Polygon", "coordinates": [ [ [ 14.8232087, 40.6434575 ], [ 14.823332, 40.6435596 ], [ 14.8236498, 40.6433388 ], [ 14.8235266, 40.6432366 ], [ 14.8232087, 40.6434575 ] ] ] } },
{ "type": "Feature", "properties": { "element": "way", "id": 737157427, "building": "apartments", "amenity": null, "name": null, "denomination": null, "religion": null, "wikidata": null, "government": null, "office": null, "abandoned": null, "operator": null, "operator:wikidata": null, "wheelchair": null, "building:levels": "11", "roof:levels": "0", "addr:city": null, "addr:street": null, "alt_name": null, "leisure": null, "sport": null, "addr:postcode": null, "brand": null, "brand:wikidata": null, "opening_hours": null, "phone": null, "website": null, "shop": null, "addr:country": null, "addr:housenumber": null, "air_conditioning": null, "email": null, "fax": null, "internet_access": null, "internet_access:fee": null, "payment:mastercard": null, "payment:visa": null, "roof:shape": "flat", "rooms": null, "stars": null, "tourism": null, "check_date": null, "content": null, "man_made": null, "material": null, "source": null, "water": null, "cuisine": null, "layer": null, "contact:facebook": null, "type": null, "building:parts": null, "contact:email": null, "contact:phone": null, "height": 33.0 }, "geometry": { "type": "Polygon", "coordinates": [ [ [ 14.8242474, 40.6423072 ], [ 14.8243473, 40.6423901 ], [ 14.8246336, 40.6421912 ], [ 14.8245336, 40.6421084 ], [ 14.8242474, 40.6423072 ] ] ] } },
{ "type": "Feature", "properties": { "element": "way", "id": 737157428, "building": "apartments", "amenity": null, "name": null, "denomination": null, "religion": null, "wikidata": null, "government": null, "office": null, "abandoned": null, "operator": null, "operator:wikidata": null, "wheelchair": null, "building:levels": "11", "roof:levels": "0", "addr:city": null, "addr:street": null, "alt_name": null, "leisure": null, "sport": null, "addr:postcode": null, "brand": null, "brand:wikidata": null, "opening_hours": null, "phone": null, "website": null, "shop": null, "addr:country": null, "addr:housenumber": null, "air_conditioning": null, "email": null, "fax": null, "internet_access": null, "internet_access:fee": null, "payment:mastercard": null, "payment:visa": null, "roof:shape": "flat", "rooms": null, "stars": null, "tourism": null, "check_date": null, "content": null, "man_made": null, "material": null, "source": null, "water": null, "cuisine": null, "layer": null, "contact:facebook": null, "type": null, "building:parts": null, "contact:email": null, "contact:phone": null, "height": 33.0 }, "geometry": { "type": "Polygon", "coordinates": [ [ [ 14.823892, 40.6425627 ], [ 14.823992, 40.6426455 ], [ 14.8242782, 40.6424467 ], [ 14.8241782, 40.6423638 ], [ 14.823892, 40.6425627 ] ] ] } },
{ "type": "Feature", "properties": { "element": "way", "id": 737157429, "building": "apartments", "amenity": null, "name": null, "denomination": null, "religion": null, "wikidata": null, "government": null, "office": null, "abandoned": null, "operator": null, "operator:wikidata": null, "wheelchair": null, "building:levels": "11", "roof:levels": "0", "addr:city": null, "addr:street": null, "alt_name": null, "leisure": null, "sport": null, "addr:postcode": null, "brand": null, "brand:wikidata": null, "opening_hours": null, "phone": null, "website": null, "shop": null, "addr:country": null, "addr:housenumber": null, "air_conditioning": null, "email": null, "fax": null, "internet_access": null, "internet_access:fee": null, "payment:mastercard": null, "payment:visa": null, "roof:shape": "flat", "rooms": null, "stars": null, "tourism": null, "check_date": null, "content": null, "man_made": null, "material": null, "source": null, "water": null, "cuisine": null, "layer": null, "contact:facebook": null, "type": null, "building:parts": null, "contact:email": null, "contact:phone": null, "height": 33.0 }, "geometry": { "type": "Polygon", "coordinates": [ [ [ 14.8235325, 40.6428262 ], [ 14.8236325, 40.6429091 ], [ 14.8239188, 40.6427102 ], [ 14.8238188, 40.6426274 ], [ 14.8235325, 40.6428262 ] ] ] } },
{ "type": "Feature", "properties": { "element": "way", "id": 737157430, "building": "apartments", "amenity": null, "name": null, "denomination": null, "religion": null, "wikidata": null, "government": null, "office": null, "abandoned": null, "operator": null, "operator:wikidata": null, "wheelchair": null, "building:levels": "16", "roof:levels": "0", "addr:city": null, "addr:street": null, "alt_name": null, "leisure": null, "sport": null, "addr:postcode": null, "brand": null, "brand:wikidata": null, "opening_hours": null, "phone": null, "website": null, "shop": null, "addr:country": null, "addr:housenumber": null, "air_conditioning": null, "email": null, "fax": null, "internet_access": null, "internet_access:fee": null, "payment:mastercard": null, "payment:visa": null, "roof:shape": "flat", "rooms": null, "stars": null, "tourism": null, "check_date": null, "content": null, "man_made": null, "material": null, "source": null, "water": null, "cuisine": null, "layer": null, "contact:facebook": null, "type": null, "building:parts": null, "contact:email": null, "contact:phone": null, "height": 48.0 }, "geometry": { "type": "Polygon", "coordinates": [ [ [ 14.8225784, 40.6434188 ], [ 14.8227017, 40.643521 ], [ 14.8230195, 40.6433001 ], [ 14.8228962, 40.643198 ], [ 14.8225784, 40.6434188 ] ] ] } },
{ "type": "Feature", "properties": { "element": "way", "id": 737157431, "building": "apartments", "amenity": null, "name": null, "denomination": null, "religion": null, "wikidata": null, "government": null, "office": null, "abandoned": null, "operator": null, "operator:wikidata": null, "wheelchair": null, "building:levels": "14", "roof:levels": "0", "addr:city": null, "addr:street": null, "alt_name": null, "leisure": null, "sport": null, "addr:postcode": null, "brand": null, "brand:wikidata": null, "opening_hours": null, "phone": null, "website": null, "shop": null, "addr:country": null, "addr:housenumber": null, "air_conditioning": null, "email": null, "fax": null, "internet_access": null, "internet_access:fee": null, "payment:mastercard": null, "payment:visa": null, "roof:shape": "flat", "rooms": null, "stars": null, "tourism": null, "check_date": null, "content": null, "man_made": null, "material": null, "source": null, "water": null, "cuisine": null, "layer": null, "contact:facebook": null, "type": null, "building:parts": null, "contact:email": null, "contact:phone": null, "height": 42.0 }, "geometry": { "type": "Polygon", "coordinates": [ [ [ 14.8221257, 40.643737 ], [ 14.822249, 40.6438392 ], [ 14.8225669, 40.6436183 ], [ 14.8224436, 40.6435162 ], [ 14.8221257, 40.643737 ] ] ] } },
{ "type": "Feature", "properties": { "element": "way", "id": 739438468, "building": "yes", "amenity": null, "name": null, "denomination": null, "religion": null, "wikidata": null, "government": null, "office": null, "abandoned": null, "operator": null, "operator:wikidata": null, "wheelchair": null, "building:levels": null, "roof:levels": null, "addr:city": null, "addr:street": null, "alt_name": null, "leisure": null, "sport": null, "addr:postcode": null, "brand": null, "brand:wikidata": null, "opening_hours": null, "phone": null, "website": null, "shop": null, "addr:country": null, "addr:housenumber": null, "air_conditioning": null, "email": null, "fax": null, "internet_access": null, "internet_access:fee": null, "payment:mastercard": null, "payment:visa": null, "roof:shape": null, "rooms": null, "stars": null, "tourism": null, "check_date": null, "content": null, "man_made": null, "material": null, "source": null, "water": null, "cuisine": null, "layer": null, "contact:facebook": null, "type": null, "building:parts": null, "contact:email": null, "contact:phone": null, "height": 6.0 }, "geometry": { "type": "Polygon", "coordinates": [ [ [ 14.819043, 40.6398896 ], [ 14.819275, 40.6399171 ], [ 14.8192913, 40.6398376 ], [ 14.8190593, 40.6398102 ], [ 14.819043, 40.6398896 ] ] ] } },
{ "type": "Feature", "properties": { "element": "way", "id": 1149756570, "building": "apartments", "amenity": null, "name": "Edificio C", "denomination": null, "religion": null, "wikidata": null, "government": null, "office": null, "abandoned": null, "operator": null, "operator:wikidata": null, "wheelchair": null, "building:levels": null, "roof:levels": null, "addr:city": null, "addr:street": null, "alt_name": null, "leisure": null, "sport": null, "addr:postcode": null, "brand": null, "brand:wikidata": null, "opening_hours": null, "phone": null, "website": null, "shop": null, "addr:country": null, "addr:housenumber": null, "air_conditioning": null, "email": null, "fax": null, "internet_access": null, "internet_access:fee": null, "payment:mastercard": null, "payment:visa": null, "roof:shape": "flat", "rooms": null, "stars": null, "tourism": null, "check_date": null, "content": null, "man_made": null, "material": null, "source": null, "water": null, "cuisine": null, "layer": null, "contact:facebook": null, "type": null, "building:parts": null, "contact:email": null, "contact:phone": null, "height": 6.0 }, "geometry": { "type": "Polygon", "coordinates": [ [ [ 14.8152072, 40.650491 ], [ 14.8150082, 40.6504243 ], [ 14.8151893, 40.6501136 ], [ 14.8153882, 40.6501804 ], [ 14.8152072, 40.650491 ] ] ] } },
{ "type": "Feature", "properties": { "element": "way", "id": 1149756571, "building": "apartments", "amenity": null, "name": "Edificio B", "denomination": null, "religion": null, "wikidata": null, "government": null, "office": null, "abandoned": null, "operator": null, "operator:wikidata": null, "wheelchair": null, "building:levels": null, "roof:levels": null, "addr:city": null, "addr:street": null, "alt_name": null, "leisure": null, "sport": null, "addr:postcode": null, "brand": null, "brand:wikidata": null, "opening_hours": null, "phone": null, "website": null, "shop": null, "addr:country": null, "addr:housenumber": null, "air_conditioning": null, "email": null, "fax": null, "internet_access": null, "internet_access:fee": null, "payment:mastercard": null, "payment:visa": null, "roof:shape": "flat", "rooms": null, "stars": null, "tourism": null, "check_date": null, "content": null, "man_made": null, "material": null, "source": null, "water": null, "cuisine": null, "layer": null, "contact:facebook": null, "type": null, "building:parts": null, "contact:email": null, "contact:phone": null, "height": 6.0 }, "geometry": { "type": "Polygon", "coordinates": [ [ [ 14.8151754, 40.6498686 ], [ 14.815092, 40.6495626 ], [ 14.8152854, 40.6495322 ], [ 14.815369, 40.6498382 ], [ 14.8151754, 40.6498686 ] ] ] } },
{ "type": "Feature", "properties": { "element": "way", "id": 1149756572, "building": "apartments", "amenity": null, "name": "Edificio A", "denomination": null, "religion": null, "wikidata": null, "government": null, "office": null, "abandoned": null, "operator": null, "operator:wikidata": null, "wheelchair": null, "building:levels": null, "roof:levels": null, "addr:city": null, "addr:street": null, "alt_name": null, "leisure": null, "sport": null, "addr:postcode": null, "brand": null, "brand:wikidata": null, "opening_hours": null, "phone": null, "website": null, "shop": null, "addr:country": null, "addr:housenumber": null, "air_conditioning": null, "email": null, "fax": null, "internet_access": null, "internet_access:fee": null, "payment:mastercard": null, "payment:visa": null, "roof:shape": "flat", "rooms": null, "stars": null, "tourism": null, "check_date": null, "content": null, "man_made": null, "material": null, "source": null, "water": null, "cuisine": null, "layer": null, "contact:facebook": null, "type": null, "building:parts": null, "contact:email": null, "contact:phone": null, "height": 6.0 }, "geometry": { "type": "Polygon", "coordinates": [ [ [ 14.814607, 40.6491259 ], [ 14.8148104, 40.6490144 ], [ 14.8150683, 40.6492853 ], [ 14.8148649, 40.6493967 ], [ 14.814607, 40.6491259 ] ] ] } },
{ "type": "Feature", "properties": { "element": "way", "id": 1149756574, "building": "construction", "amenity": null, "name": null, "denomination": null, "religion": null, "wikidata": null, "government": null, "office": null, "abandoned": null, "operator": null, "operator:wikidata": null, "wheelchair": null, "building:levels": null, "roof:levels": null, "addr:city": null, "addr:street": null, "alt_name": null, "leisure": null, "sport": null, "addr:postcode": null, "brand": null, "brand:wikidata": null, "opening_hours": null, "phone": null, "website": null, "shop": null, "addr:country": null, "addr:housenumber": null, "air_conditioning": null, "email": null, "fax": null, "internet_access": null, "internet_access:fee": null, "payment:mastercard": null, "payment:visa": null, "roof:shape": null, "rooms": null, "stars": null, "tourism": null, "check_date": null, "content": null, "man_made": null, "material": null, "source": null, "water": null, "cuisine": null, "layer": null, "contact:facebook": null, "type": null, "building:parts": null, "contact:email": null, "contact:phone": null, "height": 6.0 }, "geometry": { "type": "Polygon", "coordinates": [ [ [ 14.8215177, 40.6441924 ], [ 14.8218112, 40.6439878 ], [ 14.8219455, 40.6440988 ], [ 14.8216519, 40.6443033 ], [ 14.8215177, 40.6441924 ] ] ] } },
{ "type": "Feature", "properties": { "element": "way", "id": 1149760594, "building": "yes", "amenity": null, "name": null, "denomination": null, "religion": null, "wikidata": null, "government": null, "office": null, "abandoned": null, "operator": null, "operator:wikidata": null, "wheelchair": null, "building:levels": null, "roof:levels": null, "addr:city": null, "addr:street": null, "alt_name": null, "leisure": null, "sport": null, "addr:postcode": null, "brand": null, "brand:wikidata": null, "opening_hours": null, "phone": null, "website": null, "shop": null, "addr:country": null, "addr:housenumber": null, "air_conditioning": null, "email": null, "fax": null, "internet_access": null, "internet_access:fee": null, "payment:mastercard": null, "payment:visa": null, "roof:shape": null, "rooms": null, "stars": null, "tourism": null, "check_date": null, "content": null, "man_made": null, "material": null, "source": null, "water": null, "cuisine": null, "layer": null, "contact:facebook": null, "type": null, "building:parts": null, "contact:email": null, "contact:phone": null, "height": 6.0 }, "geometry": { "type": "Polygon", "coordinates": [ [ [ 14.8254158, 40.6490076 ], [ 14.8253122, 40.6489329 ], [ 14.8254006, 40.6488623 ], [ 14.8255042, 40.648937 ], [ 14.8254158, 40.6490076 ] ] ] } },
{ "type": "Feature", "properties": { "element": "way", "id": 1149761741, "building": "yes", "amenity": null, "name": null, "denomination": null, "religion": null, "wikidata": null, "government": null, "office": null, "abandoned": null, "operator": null, "operator:wikidata": null, "wheelchair": null, "building:levels": null, "roof:levels": null, "addr:city": null, "addr:street": null, "alt_name": null, "leisure": null, "sport": null, "addr:postcode": null, "brand": null, "brand:wikidata": null, "opening_hours": null, "phone": null, "website": null, "shop": null, "addr:country": null, "addr:housenumber": null, "air_conditioning": null, "email": null, "fax": null, "internet_access": null, "internet_access:fee": null, "payment:mastercard": null, "payment:visa": null, "roof:shape": null, "rooms": null, "stars": null, "tourism": null, "check_date": null, "content": null, "man_made": null, "material": null, "source": null, "water": null, "cuisine": null, "layer": null, "contact:facebook": null, "type": null, "building:parts": null, "contact:email": null, "contact:phone": null, "height": 6.0 }, "geometry": { "type": "Polygon", "coordinates": [ [ [ 14.8368988, 40.6452105 ], [ 14.8366605, 40.6453274 ], [ 14.8365842, 40.6452378 ], [ 14.8368225, 40.6451209 ], [ 14.8368988, 40.6452105 ] ] ] } },
{ "type": "Feature", "properties": { "element": "way", "id": 1149761742, "building": "yes", "amenity": null, "name": null, "denomination": null, "religion": null, "wikidata": null, "government": null, "office": null, "abandoned": null, "operator": null, "operator:wikidata": null, "wheelchair": null, "building:levels": null, "roof:levels": null, "addr:city": null, "addr:street": null, "alt_name": null, "leisure": null, "sport": null, "addr:postcode": null, "brand": null, "brand:wikidata": null, "opening_hours": null, "phone": null, "website": null, "shop": null, "addr:country": null, "addr:housenumber": null, "air_conditioning": null, "email": null, "fax": null, "internet_access": null, "internet_access:fee": null, "payment:mastercard": null, "payment:visa": null, "roof:shape": null, "rooms": null, "stars": null, "tourism": null, "check_date": null, "content": null, "man_made": null, "material": null, "source": null, "water": null, "cuisine": null, "layer": null, "contact:facebook": null, "type": null, "building:parts": null, "contact:email": null, "contact:phone": null, "height": 6.0 }, "geometry": { "type": "Polygon", "coordinates": [ [ [ 14.8362734, 40.6453709 ], [ 14.8361984, 40.6452798 ], [ 14.8363088, 40.6452275 ], [ 14.8363838, 40.6453186 ], [ 14.8362734, 40.6453709 ] ] ] } },
{ "type": "Feature", "properties": { "element": "way", "id": 1149761743, "building": "yes", "amenity": null, "name": null, "denomination": null, "religion": null, "wikidata": null, "government": null, "office": null, "abandoned": null, "operator": null, "operator:wikidata": null, "wheelchair": null, "building:levels": null, "roof:levels": null, "addr:city": null, "addr:street": null, "alt_name": null, "leisure": null, "sport": null, "addr:postcode": null, "brand": null, "brand:wikidata": null, "opening_hours": null, "phone": null, "website": null, "shop": null, "addr:country": null, "addr:housenumber": null, "air_conditioning": null, "email": null, "fax": null, "internet_access": null, "internet_access:fee": null, "payment:mastercard": null, "payment:visa": null, "roof:shape": null, "rooms": null, "stars": null, "tourism": null, "check_date": null, "content": null, "man_made": null, "material": null, "source": null, "water": null, "cuisine": null, "layer": null, "contact:facebook": null, "type": null, "building:parts": null, "contact:email": null, "contact:phone": null, "height": 6.0 }, "geometry": { "type": "Polygon", "coordinates": [ [ [ 14.837016, 40.6450813 ], [ 14.8368797, 40.644921 ], [ 14.8369863, 40.6448688 ], [ 14.8371225, 40.6450291 ], [ 14.837016, 40.6450813 ] ] ] } },
{ "type": "Feature", "properties": { "element": "way", "id": 1149762107, "building": "yes", "amenity": null, "name": null, "denomination": null, "religion": null, "wikidata": null, "government": null, "office": null, "abandoned": null, "operator": null, "operator:wikidata": null, "wheelchair": null, "building:levels": null, "roof:levels": null, "addr:city": null, "addr:street": null, "alt_name": null, "leisure": null, "sport": null, "addr:postcode": null, "brand": null, "brand:wikidata": null, "opening_hours": null, "phone": null, "website": null, "shop": null, "addr:country": null, "addr:housenumber": null, "air_conditioning": null, "email": null, "fax": null, "internet_access": null, "internet_access:fee": null, "payment:mastercard": null, "payment:visa": null, "roof:shape": null, "rooms": null, "stars": null, "tourism": null, "check_date": null, "content": null, "man_made": null, "material": null, "source": null, "water": null, "cuisine": null, "layer": null, "contact:facebook": null, "type": null, "building:parts": null, "contact:email": null, "contact:phone": null, "height": 6.0 }, "geometry": { "type": "Polygon", "coordinates": [ [ [ 14.831904, 40.6502855 ], [ 14.8320745, 40.650268 ], [ 14.8320989, 40.650405 ], [ 14.8319284, 40.6504225 ], [ 14.831904, 40.6502855 ] ] ] } },
{ "type": "Feature", "properties": { "element": "way", "id": 1171440492, "building": "industrial", "amenity": null, "name": null, "denomination": null, "religion": null, "wikidata": null, "government": null, "office": null, "abandoned": null, "operator": null, "operator:wikidata": null, "wheelchair": null, "building:levels": null, "roof:levels": null, "addr:city": null, "addr:street": null, "alt_name": null, "leisure": null, "sport": null, "addr:postcode": null, "brand": null, "brand:wikidata": null, "opening_hours": null, "phone": null, "website": null, "shop": null, "addr:country": null, "addr:housenumber": null, "air_conditioning": null, "email": null, "fax": null, "internet_access": null, "internet_access:fee": null, "payment:mastercard": null, "payment:visa": null, "roof:shape": null, "rooms": null, "stars": null, "tourism": null, "check_date": null, "content": "water", "man_made": "drain", "material": "concrete", "source": "locl survey", "water": "wastewater", "cuisine": null, "layer": null, "contact:facebook": null, "type": null, "building:parts": null, "contact:email": null, "contact:phone": null, "height": 6.0 }, "geometry": { "type": "Polygon", "coordinates": [ [ [ 14.8376601, 40.635041 ], [ 14.8375096, 40.6349085 ], [ 14.8378592, 40.6346882 ], [ 14.83781, 40.6346426 ], [ 14.8379134, 40.6345772 ], [ 14.8379722, 40.6346286 ], [ 14.838739, 40.6341181 ], [ 14.8388252, 40.6341009 ], [ 14.8388792, 40.6341558 ], [ 14.8388452, 40.6342184 ], [ 14.8382356, 40.6346309 ], [ 14.8382621, 40.6346521 ], [ 14.83809, 40.6347702 ], [ 14.8381872, 40.6348557 ], [ 14.8381012, 40.6349096 ], [ 14.8380007, 40.6348151 ], [ 14.8376601, 40.635041 ] ] ] } },
{ "type": "Feature", "properties": { "element": "way", "id": 1235511863, "building": "commercial", "amenity": null, "name": "Edificio E-F", "denomination": null, "religion": null, "wikidata": null, "government": null, "office": null, "abandoned": null, "operator": null, "operator:wikidata": null, "wheelchair": null, "building:levels": null, "roof:levels": null, "addr:city": null, "addr:street": null, "alt_name": null, "leisure": null, "sport": null, "addr:postcode": null, "brand": null, "brand:wikidata": null, "opening_hours": null, "phone": null, "website": null, "shop": null, "addr:country": null, "addr:housenumber": null, "air_conditioning": null, "email": null, "fax": null, "internet_access": null, "internet_access:fee": null, "payment:mastercard": null, "payment:visa": null, "roof:shape": null, "rooms": null, "stars": null, "tourism": null, "check_date": null, "content": null, "man_made": null, "material": null, "source": null, "water": null, "cuisine": null, "layer": null, "contact:facebook": null, "type": null, "building:parts": null, "contact:email": null, "contact:phone": null, "height": 6.0 }, "geometry": { "type": "Polygon", "coordinates": [ [ [ 14.8131389, 40.6499999 ], [ 14.8135287, 40.6497822 ], [ 14.8141189, 40.6504374 ], [ 14.8141243, 40.6504434 ], [ 14.8139102, 40.6505486 ], [ 14.8139611, 40.6506032 ], [ 14.8146467, 40.650264 ], [ 14.8148356, 40.6504678 ], [ 14.8139495, 40.6509102 ], [ 14.8131389, 40.6499999 ] ] ] } },
{ "type": "Feature", "properties": { "element": "way", "id": 1253302536, "building": "yes", "amenity": "restaurant", "name": "Old Wild West", "denomination": null, "religion": null, "wikidata": null, "government": null, "office": null, "abandoned": null, "operator": null, "operator:wikidata": null, "wheelchair": null, "building:levels": null, "roof:levels": null, "addr:city": null, "addr:street": null, "alt_name": null, "leisure": null, "sport": null, "addr:postcode": null, "brand": "Old Wild West", "brand:wikidata": "Q25402475", "opening_hours": null, "phone": "+39 0892146828", "website": "https://www.oldwildwest.it/code/25807/Salerno-C-C-Siniscalchi", "shop": null, "addr:country": null, "addr:housenumber": null, "air_conditioning": null, "email": null, "fax": null, "internet_access": null, "internet_access:fee": null, "payment:mastercard": null, "payment:visa": null, "roof:shape": null, "rooms": null, "stars": null, "tourism": null, "check_date": null, "content": null, "man_made": null, "material": null, "source": null, "water": null, "cuisine": "american", "layer": null, "contact:facebook": null, "type": null, "building:parts": null, "contact:email": null, "contact:phone": null, "height": 6.0 }, "geometry": { "type": "Polygon", "coordinates": [ [ [ 14.8379261, 40.6362717 ], [ 14.8380347, 40.6362004 ], [ 14.8382922, 40.6364345 ], [ 14.8381822, 40.6365057 ], [ 14.8379261, 40.6362717 ] ] ] } },
{ "type": "Feature", "properties": { "element": "way", "id": 1259370892, "building": "roof", "amenity": null, "name": null, "denomination": null, "religion": null, "wikidata": null, "government": null, "office": null, "abandoned": null, "operator": null, "operator:wikidata": null, "wheelchair": null, "building:levels": null, "roof:levels": null, "addr:city": null, "addr:street": null, "alt_name": null, "leisure": null, "sport": null, "addr:postcode": null, "brand": null, "brand:wikidata": null, "opening_hours": null, "phone": null, "website": null, "shop": null, "addr:country": null, "addr:housenumber": null, "air_conditioning": null, "email": null, "fax": null, "internet_access": null, "internet_access:fee": null, "payment:mastercard": null, "payment:visa": null, "roof:shape": null, "rooms": null, "stars": null, "tourism": null, "check_date": null, "content": null, "man_made": null, "material": null, "source": null, "water": null, "cuisine": null, "layer": "1", "contact:facebook": null, "type": null, "building:parts": null, "contact:email": null, "contact:phone": null, "height": 6.0 }, "geometry": { "type": "Polygon", "coordinates": [ [ [ 14.8266991, 40.6510565 ], [ 14.8268759, 40.651024 ], [ 14.8269917, 40.6513861 ], [ 14.8269057, 40.6514019 ], [ 14.8268384, 40.6511911 ], [ 14.8267475, 40.6512078 ], [ 14.8266991, 40.6510565 ] ] ] } },
{ "type": "Feature", "properties": { "element": "way", "id": 1259370893, "building": "roof", "amenity": null, "name": null, "denomination": null, "religion": null, "wikidata": null, "government": null, "office": null, "abandoned": null, "operator": null, "operator:wikidata": null, "wheelchair": null, "building:levels": null, "roof:levels": null, "addr:city": null, "addr:street": null, "alt_name": null, "leisure": null, "sport": null, "addr:postcode": null, "brand": null, "brand:wikidata": null, "opening_hours": null, "phone": null, "website": null, "shop": null, "addr:country": null, "addr:housenumber": null, "air_conditioning": null, "email": null, "fax": null, "internet_access": null, "internet_access:fee": null, "payment:mastercard": null, "payment:visa": null, "roof:shape": null, "rooms": null, "stars": null, "tourism": null, "check_date": null, "content": null, "man_made": null, "material": null, "source": null, "water": null, "cuisine": null, "layer": "1", "contact:facebook": null, "type": null, "building:parts": null, "contact:email": null, "contact:phone": null, "height": 6.0 }, "geometry": { "type": "Polygon", "coordinates": [ [ [ 14.8246278, 40.6510622 ], [ 14.8245271, 40.6507574 ], [ 14.8249586, 40.6506706 ], [ 14.8250713, 40.6508117 ], [ 14.8247823, 40.6508734 ], [ 14.8248363, 40.6510255 ], [ 14.8246278, 40.6510622 ] ] ] } },
{ "type": "Feature", "properties": { "element": "way", "id": 1265779200, "building": "roof", "amenity": null, "name": null, "denomination": null, "religion": null, "wikidata": null, "government": null, "office": null, "abandoned": null, "operator": null, "operator:wikidata": null, "wheelchair": null, "building:levels": null, "roof:levels": null, "addr:city": null, "addr:street": null, "alt_name": null, "leisure": null, "sport": null, "addr:postcode": null, "brand": null, "brand:wikidata": null, "opening_hours": null, "phone": null, "website": null, "shop": null, "addr:country": null, "addr:housenumber": null, "air_conditioning": null, "email": null, "fax": null, "internet_access": null, "internet_access:fee": null, "payment:mastercard": null, "payment:visa": null, "roof:shape": null, "rooms": null, "stars": null, "tourism": null, "check_date": null, "content": null, "man_made": null, "material": null, "source": null, "water": null, "cuisine": null, "layer": null, "contact:facebook": null, "type": null, "building:parts": null, "contact:email": null, "contact:phone": null, "height": 6.0 }, "geometry": { "type": "Polygon", "coordinates": [ [ [ 14.8253955, 40.6399871 ], [ 14.8253911, 40.6399338 ], [ 14.825462, 40.6399304 ], [ 14.8254664, 40.6399837 ], [ 14.8253955, 40.6399871 ] ] ] } },
{ "type": "Feature", "properties": { "element": "way", "id": 1265779201, "building": "roof", "amenity": null, "name": null, "denomination": null, "religion": null, "wikidata": null, "government": null, "office": null, "abandoned": null, "operator": null, "operator:wikidata": null, "wheelchair": null, "building:levels": null, "roof:levels": null, "addr:city": null, "addr:street": null, "alt_name": null, "leisure": null, "sport": null, "addr:postcode": null, "brand": null, "brand:wikidata": null, "opening_hours": null, "phone": null, "website": null, "shop": null, "addr:country": null, "addr:housenumber": null, "air_conditioning": null, "email": null, "fax": null, "internet_access": null, "internet_access:fee": null, "payment:mastercard": null, "payment:visa": null, "roof:shape": null, "rooms": null, "stars": null, "tourism": null, "check_date": null, "content": null, "man_made": null, "material": null, "source": null, "water": null, "cuisine": null, "layer": null, "contact:facebook": null, "type": null, "building:parts": null, "contact:email": null, "contact:phone": null, "height": 6.0 }, "geometry": { "type": "Polygon", "coordinates": [ [ [ 14.8257087, 40.6395426 ], [ 14.8257346, 40.6395077 ], [ 14.8258544, 40.6395589 ], [ 14.8258285, 40.6395938 ], [ 14.8257087, 40.6395426 ] ] ] } },
{ "type": "Feature", "properties": { "element": "way", "id": 1265779202, "building": "yes", "amenity": null, "name": null, "denomination": null, "religion": null, "wikidata": null, "government": null, "office": null, "abandoned": "yes", "operator": null, "operator:wikidata": null, "wheelchair": null, "building:levels": null, "roof:levels": null, "addr:city": null, "addr:street": null, "alt_name": null, "leisure": null, "sport": null, "addr:postcode": null, "brand": null, "brand:wikidata": null, "opening_hours": null, "phone": null, "website": null, "shop": null, "addr:country": null, "addr:housenumber": null, "air_conditioning": null, "email": null, "fax": null, "internet_access": null, "internet_access:fee": null, "payment:mastercard": null, "payment:visa": null, "roof:shape": null, "rooms": null, "stars": null, "tourism": null, "check_date": null, "content": null, "man_made": null, "material": null, "source": null, "water": null, "cuisine": null, "layer": null, "contact:facebook": null, "type": null, "building:parts": null, "contact:email": null, "contact:phone": null, "height": 6.0 }, "geometry": { "type": "Polygon", "coordinates": [ [ [ 14.8256754, 40.6400578 ], [ 14.8255587, 40.6401622 ], [ 14.825631, 40.6402159 ], [ 14.8256829, 40.6402037 ], [ 14.8257097, 40.6401286 ], [ 14.8257526, 40.6401166 ], [ 14.8257976, 40.640082 ], [ 14.8257333, 40.6400482 ], [ 14.8257061, 40.6400589 ], [ 14.8256754, 40.6400578 ] ] ] } },
{ "type": "Feature", "properties": { "element": "way", "id": 1265779203, "building": "roof", "amenity": null, "name": null, "denomination": null, "religion": null, "wikidata": null, "government": null, "office": null, "abandoned": null, "operator": null, "operator:wikidata": null, "wheelchair": null, "building:levels": null, "roof:levels": null, "addr:city": null, "addr:street": null, "alt_name": null, "leisure": null, "sport": null, "addr:postcode": null, "brand": null, "brand:wikidata": null, "opening_hours": null, "phone": null, "website": null, "shop": null, "addr:country": null, "addr:housenumber": null, "air_conditioning": null, "email": null, "fax": null, "internet_access": null, "internet_access:fee": null, "payment:mastercard": null, "payment:visa": null, "roof:shape": null, "rooms": null, "stars": null, "tourism": null, "check_date": null, "content": null, "man_made": null, "material": null, "source": null, "water": null, "cuisine": null, "layer": null, "contact:facebook": null, "type": null, "building:parts": null, "contact:email": null, "contact:phone": null, "height": 6.0 }, "geometry": { "type": "Polygon", "coordinates": [ [ [ 14.8256562, 40.6396269 ], [ 14.8256484, 40.6395765 ], [ 14.82568, 40.6395737 ], [ 14.8256877, 40.6396241 ], [ 14.8256562, 40.6396269 ] ] ] } },
{ "type": "Feature", "properties": { "element": "way", "id": 1265782098, "building": "construction", "amenity": null, "name": null, "denomination": null, "religion": null, "wikidata": null, "government": null, "office": null, "abandoned": null, "operator": null, "operator:wikidata": null, "wheelchair": null, "building:levels": null, "roof:levels": null, "addr:city": null, "addr:street": null, "alt_name": null, "leisure": null, "sport": null, "addr:postcode": null, "brand": null, "brand:wikidata": null, "opening_hours": null, "phone": null, "website": null, "shop": null, "addr:country": null, "addr:housenumber": null, "air_conditioning": null, "email": null, "fax": null, "internet_access": null, "internet_access:fee": null, "payment:mastercard": null, "payment:visa": null, "roof:shape": null, "rooms": null, "stars": null, "tourism": null, "check_date": null, "content": null, "man_made": null, "material": null, "source": null, "water": null, "cuisine": null, "layer": null, "contact:facebook": null, "type": null, "building:parts": null, "contact:email": null, "contact:phone": null, "height": 6.0 }, "geometry": { "type": "Polygon", "coordinates": [ [ [ 14.8142082, 40.649313 ], [ 14.8142192, 40.6492429 ], [ 14.8142272, 40.6492249 ], [ 14.8142418, 40.6492159 ], [ 14.8142651, 40.6492193 ], [ 14.8144314, 40.6492682 ], [ 14.8144833, 40.6494211 ], [ 14.8144824, 40.6494391 ], [ 14.8144718, 40.6494493 ], [ 14.8143876, 40.6494894 ], [ 14.8143731, 40.6494886 ], [ 14.8143591, 40.6494876 ], [ 14.8143455, 40.6494811 ], [ 14.8142082, 40.649313 ] ] ] } },
{ "type": "Feature", "properties": { "element": "way", "id": 1266206381, "building": "yes", "amenity": null, "name": null, "denomination": null, "religion": null, "wikidata": null, "government": null, "office": null, "abandoned": null, "operator": null, "operator:wikidata": null, "wheelchair": null, "building:levels": null, "roof:levels": null, "addr:city": null, "addr:street": null, "alt_name": null, "leisure": null, "sport": null, "addr:postcode": null, "brand": null, "brand:wikidata": null, "opening_hours": null, "phone": null, "website": null, "shop": null, "addr:country": null, "addr:housenumber": null, "air_conditioning": null, "email": null, "fax": null, "internet_access": null, "internet_access:fee": null, "payment:mastercard": null, "payment:visa": null, "roof:shape": null, "rooms": null, "stars": null, "tourism": null, "check_date": null, "content": null, "man_made": null, "material": null, "source": null, "water": null, "cuisine": null, "layer": null, "contact:facebook": null, "type": null, "building:parts": null, "contact:email": null, "contact:phone": null, "height": 6.0 }, "geometry": { "type": "Polygon", "coordinates": [ [ [ 14.8159129, 40.6474077 ], [ 14.8159603, 40.6473724 ], [ 14.815986, 40.647391 ], [ 14.8159918, 40.6474035 ], [ 14.8159909, 40.6474107 ], [ 14.8159834, 40.6474226 ], [ 14.8159729, 40.6474296 ], [ 14.8159648, 40.6474316 ], [ 14.8159518, 40.647432 ], [ 14.8159431, 40.6474318 ], [ 14.8159129, 40.6474077 ] ] ] } },
{ "type": "Feature", "properties": { "element": "way", "id": 1266206383, "building": "yes", "amenity": null, "name": null, "denomination": null, "religion": null, "wikidata": null, "government": null, "office": null, "abandoned": null, "operator": null, "operator:wikidata": null, "wheelchair": null, "building:levels": null, "roof:levels": null, "addr:city": null, "addr:street": null, "alt_name": null, "leisure": null, "sport": null, "addr:postcode": null, "brand": null, "brand:wikidata": null, "opening_hours": null, "phone": null, "website": null, "shop": null, "addr:country": null, "addr:housenumber": null, "air_conditioning": null, "email": null, "fax": null, "internet_access": null, "internet_access:fee": null, "payment:mastercard": null, "payment:visa": null, "roof:shape": null, "rooms": null, "stars": null, "tourism": null, "check_date": null, "content": null, "man_made": null, "material": null, "source": null, "water": null, "cuisine": null, "layer": null, "contact:facebook": null, "type": null, "building:parts": null, "contact:email": null, "contact:phone": null, "height": 6.0 }, "geometry": { "type": "Polygon", "coordinates": [ [ [ 14.8156751, 40.6475679 ], [ 14.8157112, 40.6475433 ], [ 14.8157755, 40.6475976 ], [ 14.8157393, 40.6476222 ], [ 14.8156751, 40.6475679 ] ] ] } },
{ "type": "Feature", "properties": { "element": "way", "id": 1266206384, "building": "yes", "amenity": null, "name": null, "denomination": null, "religion": null, "wikidata": null, "government": null, "office": null, "abandoned": null, "operator": null, "operator:wikidata": null, "wheelchair": null, "building:levels": null, "roof:levels": null, "addr:city": null, "addr:street": null, "alt_name": null, "leisure": null, "sport": null, "addr:postcode": null, "brand": null, "brand:wikidata": null, "opening_hours": null, "phone": null, "website": null, "shop": null, "addr:country": null, "addr:housenumber": null, "air_conditioning": null, "email": null, "fax": null, "internet_access": null, "internet_access:fee": null, "payment:mastercard": null, "payment:visa": null, "roof:shape": null, "rooms": null, "stars": null, "tourism": null, "check_date": null, "content": null, "man_made": null, "material": null, "source": null, "water": null, "cuisine": null, "layer": null, "contact:facebook": null, "type": null, "building:parts": null, "contact:email": null, "contact:phone": null, "height": 6.0 }, "geometry": { "type": "Polygon", "coordinates": [ [ [ 14.8104501, 40.6511078 ], [ 14.8105087, 40.6510704 ], [ 14.810406, 40.6509778 ], [ 14.8104128, 40.6509734 ], [ 14.8103806, 40.6509446 ], [ 14.8106824, 40.6507505 ], [ 14.8107252, 40.6507887 ], [ 14.8109205, 40.6506629 ], [ 14.8109716, 40.6507086 ], [ 14.8107671, 40.6508404 ], [ 14.8108004, 40.6508701 ], [ 14.8106093, 40.6509934 ], [ 14.8106364, 40.6510175 ], [ 14.8106012, 40.6510402 ], [ 14.8106277, 40.6510638 ], [ 14.8104961, 40.6511488 ], [ 14.8104501, 40.6511078 ] ] ] } },
{ "type": "Feature", "properties": { "element": "way", "id": 1266206386, "building": "yes", "amenity": null, "name": null, "denomination": null, "religion": null, "wikidata": null, "government": null, "office": null, "abandoned": null, "operator": null, "operator:wikidata": null, "wheelchair": null, "building:levels": null, "roof:levels": null, "addr:city": null, "addr:street": null, "alt_name": null, "leisure": null, "sport": null, "addr:postcode": null, "brand": null, "brand:wikidata": null, "opening_hours": null, "phone": null, "website": null, "shop": null, "addr:country": null, "addr:housenumber": null, "air_conditioning": null, "email": null, "fax": null, "internet_access": null, "internet_access:fee": null, "payment:mastercard": null, "payment:visa": null, "roof:shape": null, "rooms": null, "stars": null, "tourism": null, "check_date": null, "content": null, "man_made": null, "material": null, "source": null, "water": null, "cuisine": null, "layer": null, "contact:facebook": null, "type": null, "building:parts": null, "contact:email": null, "contact:phone": null, "height": 6.0 }, "geometry": { "type": "Polygon", "coordinates": [ [ [ 14.8196521, 40.6449578 ], [ 14.8198365, 40.6448291 ], [ 14.8204205, 40.6453111 ], [ 14.820236, 40.6454398 ], [ 14.8196521, 40.6449578 ] ] ] } },
{ "type": "Feature", "properties": { "element": "way", "id": 1266206387, "building": "yes", "amenity": null, "name": null, "denomination": null, "religion": null, "wikidata": null, "government": null, "office": null, "abandoned": null, "operator": null, "operator:wikidata": null, "wheelchair": null, "building:levels": null, "roof:levels": null, "addr:city": null, "addr:street": null, "alt_name": null, "leisure": null, "sport": null, "addr:postcode": null, "brand": null, "brand:wikidata": null, "opening_hours": null, "phone": null, "website": null, "shop": null, "addr:country": null, "addr:housenumber": null, "air_conditioning": null, "email": null, "fax": null, "internet_access": null, "internet_access:fee": null, "payment:mastercard": null, "payment:visa": null, "roof:shape": null, "rooms": null, "stars": null, "tourism": null, "check_date": null, "content": null, "man_made": null, "material": null, "source": null, "water": null, "cuisine": null, "layer": null, "contact:facebook": null, "type": null, "building:parts": null, "contact:email": null, "contact:phone": null, "height": 6.0 }, "geometry": { "type": "Polygon", "coordinates": [ [ [ 14.8166431, 40.6464399 ], [ 14.8166803, 40.6464594 ], [ 14.8167862, 40.646362 ], [ 14.8167465, 40.6463419 ], [ 14.8166881, 40.6463979 ], [ 14.8166431, 40.6464399 ] ] ] } },
{ "type": "Feature", "properties": { "element": "way", "id": 1266206388, "building": "yes", "amenity": null, "name": null, "denomination": null, "religion": null, "wikidata": null, "government": null, "office": null, "abandoned": null, "operator": null, "operator:wikidata": null, "wheelchair": null, "building:levels": null, "roof:levels": null, "addr:city": null, "addr:street": null, "alt_name": null, "leisure": null, "sport": null, "addr:postcode": null, "brand": null, "brand:wikidata": null, "opening_hours": null, "phone": null, "website": null, "shop": null, "addr:country": null, "addr:housenumber": null, "air_conditioning": null, "email": null, "fax": null, "internet_access": null, "internet_access:fee": null, "payment:mastercard": null, "payment:visa": null, "roof:shape": null, "rooms": null, "stars": null, "tourism": null, "check_date": null, "content": null, "man_made": null, "material": null, "source": null, "water": null, "cuisine": null, "layer": null, "contact:facebook": null, "type": null, "building:parts": null, "contact:email": null, "contact:phone": null, "height": 6.0 }, "geometry": { "type": "Polygon", "coordinates": [ [ [ 14.8132866, 40.6486761 ], [ 14.8132535, 40.6486993 ], [ 14.8133094, 40.6487451 ], [ 14.8133424, 40.6487219 ], [ 14.8132866, 40.6486761 ] ] ] } },
{ "type": "Feature", "properties": { "element": "way", "id": 1266206391, "building": "yes", "amenity": null, "name": null, "denomination": null, "religion": null, "wikidata": null, "government": null, "office": null, "abandoned": null, "operator": null, "operator:wikidata": null, "wheelchair": null, "building:levels": null, "roof:levels": null, "addr:city": null, "addr:street": null, "alt_name": null, "leisure": null, "sport": null, "addr:postcode": null, "brand": null, "brand:wikidata": null, "opening_hours": null, "phone": null, "website": null, "shop": null, "addr:country": null, "addr:housenumber": null, "air_conditioning": null, "email": null, "fax": null, "internet_access": null, "internet_access:fee": null, "payment:mastercard": null, "payment:visa": null, "roof:shape": null, "rooms": null, "stars": null, "tourism": null, "check_date": null, "content": null, "man_made": null, "material": null, "source": null, "water": null, "cuisine": null, "layer": null, "contact:facebook": null, "type": null, "building:parts": null, "contact:email": null, "contact:phone": null, "height": 6.0 }, "geometry": { "type": "Polygon", "coordinates": [ [ [ 14.8139882, 40.6480167 ], [ 14.8141019, 40.6481023 ], [ 14.8141178, 40.6480902 ], [ 14.8142559, 40.6481942 ], [ 14.8141933, 40.6482421 ], [ 14.8139413, 40.6480525 ], [ 14.8139882, 40.6480167 ] ] ] } },
{ "type": "Feature", "properties": { "element": "way", "id": 1266206392, "building": "yes", "amenity": null, "name": null, "denomination": null, "religion": null, "wikidata": null, "government": null, "office": null, "abandoned": null, "operator": null, "operator:wikidata": null, "wheelchair": null, "building:levels": null, "roof:levels": null, "addr:city": null, "addr:street": null, "alt_name": null, "leisure": null, "sport": null, "addr:postcode": null, "brand": null, "brand:wikidata": null, "opening_hours": null, "phone": null, "website": null, "shop": null, "addr:country": null, "addr:housenumber": null, "air_conditioning": null, "email": null, "fax": null, "internet_access": null, "internet_access:fee": null, "payment:mastercard": null, "payment:visa": null, "roof:shape": null, "rooms": null, "stars": null, "tourism": null, "check_date": null, "content": null, "man_made": null, "material": null, "source": null, "water": null, "cuisine": null, "layer": null, "contact:facebook": null, "type": null, "building:parts": null, "contact:email": null, "contact:phone": null, "height": 6.0 }, "geometry": { "type": "Polygon", "coordinates": [ [ [ 14.8169327, 40.6458461 ], [ 14.8169748, 40.6458086 ], [ 14.8172046, 40.645957 ], [ 14.8171625, 40.6459945 ], [ 14.8169327, 40.6458461 ] ] ] } },
{ "type": "Feature", "properties": { "element": "way", "id": 1266206393, "building": "yes", "amenity": null, "name": null, "denomination": null, "religion": null, "wikidata": null, "government": null, "office": null, "abandoned": null, "operator": null, "operator:wikidata": null, "wheelchair": null, "building:levels": null, "roof:levels": null, "addr:city": null, "addr:street": null, "alt_name": null, "leisure": null, "sport": null, "addr:postcode": null, "brand": null, "brand:wikidata": null, "opening_hours": null, "phone": null, "website": null, "shop": null, "addr:country": null, "addr:housenumber": null, "air_conditioning": null, "email": null, "fax": null, "internet_access": null, "internet_access:fee": null, "payment:mastercard": null, "payment:visa": null, "roof:shape": null, "rooms": null, "stars": null, "tourism": null, "check_date": null, "content": null, "man_made": null, "material": null, "source": null, "water": null, "cuisine": null, "layer": null, "contact:facebook": null, "type": null, "building:parts": null, "contact:email": null, "contact:phone": null, "height": 6.0 }, "geometry": { "type": "Polygon", "coordinates": [ [ [ 14.8132818, 40.6486723 ], [ 14.8133331, 40.6486354 ], [ 14.8134255, 40.6487093 ], [ 14.8133742, 40.6487462 ], [ 14.8133424, 40.6487219 ], [ 14.8132866, 40.6486761 ], [ 14.8132818, 40.6486723 ] ] ] } },
{ "type": "Feature", "properties": { "element": "way", "id": 1266206397, "building": "yes", "amenity": null, "name": null, "denomination": null, "religion": null, "wikidata": null, "government": null, "office": null, "abandoned": null, "operator": null, "operator:wikidata": null, "wheelchair": null, "building:levels": null, "roof:levels": null, "addr:city": null, "addr:street": null, "alt_name": null, "leisure": null, "sport": null, "addr:postcode": null, "brand": null, "brand:wikidata": null, "opening_hours": null, "phone": null, "website": null, "shop": null, "addr:country": null, "addr:housenumber": null, "air_conditioning": null, "email": null, "fax": null, "internet_access": null, "internet_access:fee": null, "payment:mastercard": null, "payment:visa": null, "roof:shape": null, "rooms": null, "stars": null, "tourism": null, "check_date": null, "content": null, "man_made": null, "material": null, "source": null, "water": null, "cuisine": null, "layer": null, "contact:facebook": null, "type": null, "building:parts": null, "contact:email": null, "contact:phone": null, "height": 6.0 }, "geometry": { "type": "Polygon", "coordinates": [ [ [ 14.8156215, 40.647605 ], [ 14.815662, 40.6475756 ], [ 14.8157416, 40.6476388 ], [ 14.815701, 40.6476682 ], [ 14.8156215, 40.647605 ] ] ] } },
{ "type": "Feature", "properties": { "element": "way", "id": 1266206401, "building": "yes", "amenity": null, "name": null, "denomination": null, "religion": null, "wikidata": null, "government": null, "office": null, "abandoned": null, "operator": null, "operator:wikidata": null, "wheelchair": null, "building:levels": null, "roof:levels": null, "addr:city": null, "addr:street": null, "alt_name": null, "leisure": null, "sport": null, "addr:postcode": null, "brand": null, "brand:wikidata": null, "opening_hours": null, "phone": null, "website": null, "shop": null, "addr:country": null, "addr:housenumber": null, "air_conditioning": null, "email": null, "fax": null, "internet_access": null, "internet_access:fee": null, "payment:mastercard": null, "payment:visa": null, "roof:shape": null, "rooms": null, "stars": null, "tourism": null, "check_date": null, "content": null, "man_made": null, "material": null, "source": null, "water": null, "cuisine": null, "layer": null, "contact:facebook": null, "type": null, "building:parts": null, "contact:email": null, "contact:phone": null, "height": 6.0 }, "geometry": { "type": "Polygon", "coordinates": [ [ [ 14.8136926, 40.6487252 ], [ 14.8137375, 40.648695 ], [ 14.81393, 40.6488509 ], [ 14.8138711, 40.6488681 ], [ 14.8136926, 40.6487252 ] ] ] } },
{ "type": "Feature", "properties": { "element": "way", "id": 1266206408, "building": "yes", "amenity": null, "name": null, "denomination": null, "religion": null, "wikidata": null, "government": null, "office": null, "abandoned": null, "operator": null, "operator:wikidata": null, "wheelchair": null, "building:levels": null, "roof:levels": null, "addr:city": null, "addr:street": null, "alt_name": null, "leisure": null, "sport": null, "addr:postcode": null, "brand": null, "brand:wikidata": null, "opening_hours": null, "phone": null, "website": null, "shop": null, "addr:country": null, "addr:housenumber": null, "air_conditioning": null, "email": null, "fax": null, "internet_access": null, "internet_access:fee": null, "payment:mastercard": null, "payment:visa": null, "roof:shape": null, "rooms": null, "stars": null, "tourism": null, "check_date": null, "content": null, "man_made": null, "material": null, "source": null, "water": null, "cuisine": null, "layer": null, "contact:facebook": null, "type": null, "building:parts": null, "contact:email": null, "contact:phone": null, "height": 6.0 }, "geometry": { "type": "Polygon", "coordinates": [ [ [ 14.8173294, 40.6463037 ], [ 14.8173529, 40.6462816 ], [ 14.8173892, 40.646286 ], [ 14.8174027, 40.6463108 ], [ 14.8173776, 40.6463344 ], [ 14.8173426, 40.6463296 ], [ 14.8173294, 40.6463037 ] ] ] } },
{ "type": "Feature", "properties": { "element": "way", "id": 1266206411, "building": "yes", "amenity": null, "name": null, "denomination": null, "religion": null, "wikidata": null, "government": null, "office": null, "abandoned": null, "operator": null, "operator:wikidata": null, "wheelchair": null, "building:levels": null, "roof:levels": null, "addr:city": null, "addr:street": null, "alt_name": null, "leisure": null, "sport": null, "addr:postcode": null, "brand": null, "brand:wikidata": null, "opening_hours": null, "phone": null, "website": null, "shop": null, "addr:country": null, "addr:housenumber": null, "air_conditioning": null, "email": null, "fax": null, "internet_access": null, "internet_access:fee": null, "payment:mastercard": null, "payment:visa": null, "roof:shape": null, "rooms": null, "stars": null, "tourism": null, "check_date": null, "content": null, "man_made": null, "material": null, "source": null, "water": null, "cuisine": null, "layer": null, "contact:facebook": null, "type": null, "building:parts": null, "contact:email": null, "contact:phone": null, "height": 6.0 }, "geometry": { "type": "Polygon", "coordinates": [ [ [ 14.8134456, 40.6487174 ], [ 14.8135293, 40.6486636 ], [ 14.8138165, 40.648884 ], [ 14.8137099, 40.6489272 ], [ 14.8134456, 40.6487174 ] ] ] } },
{ "type": "Feature", "properties": { "element": "way", "id": 1266206413, "building": "yes", "amenity": null, "name": null, "denomination": null, "religion": null, "wikidata": null, "government": null, "office": null, "abandoned": null, "operator": null, "operator:wikidata": null, "wheelchair": null, "building:levels": null, "roof:levels": null, "addr:city": null, "addr:street": null, "alt_name": null, "leisure": null, "sport": null, "addr:postcode": null, "brand": null, "brand:wikidata": null, "opening_hours": null, "phone": null, "website": null, "shop": null, "addr:country": null, "addr:housenumber": null, "air_conditioning": null, "email": null, "fax": null, "internet_access": null, "internet_access:fee": null, "payment:mastercard": null, "payment:visa": null, "roof:shape": null, "rooms": null, "stars": null, "tourism": null, "check_date": null, "content": null, "man_made": null, "material": null, "source": null, "water": null, "cuisine": null, "layer": null, "contact:facebook": null, "type": null, "building:parts": null, "contact:email": null, "contact:phone": null, "height": 6.0 }, "geometry": { "type": "Polygon", "coordinates": [ [ [ 14.8198725, 40.6471586 ], [ 14.8197809, 40.6470853 ], [ 14.8198812, 40.6470265 ], [ 14.8199105, 40.6469924 ], [ 14.819942, 40.6469636 ], [ 14.8199623, 40.6469233 ], [ 14.8199713, 40.6469283 ], [ 14.8200056, 40.6469024 ], [ 14.8199951, 40.6468917 ], [ 14.820048, 40.6468841 ], [ 14.8200992, 40.6468606 ], [ 14.8201341, 40.6468484 ], [ 14.8201939, 40.6468105 ], [ 14.820253, 40.6467696 ], [ 14.8203296, 40.6468367 ], [ 14.8202139, 40.6469042 ], [ 14.8202723, 40.6469498 ], [ 14.8200194, 40.6471237 ], [ 14.8199752, 40.6470851 ], [ 14.8198725, 40.6471586 ] ] ] } },
{ "type": "Feature", "properties": { "element": "way", "id": 1266436786, "building": "yes", "amenity": null, "name": null, "denomination": null, "religion": null, "wikidata": null, "government": null, "office": null, "abandoned": null, "operator": null, "operator:wikidata": null, "wheelchair": null, "building:levels": null, "roof:levels": null, "addr:city": null, "addr:street": null, "alt_name": null, "leisure": null, "sport": null, "addr:postcode": null, "brand": null, "brand:wikidata": null, "opening_hours": null, "phone": null, "website": null, "shop": null, "addr:country": null, "addr:housenumber": null, "air_conditioning": null, "email": null, "fax": null, "internet_access": null, "internet_access:fee": null, "payment:mastercard": null, "payment:visa": null, "roof:shape": null, "rooms": null, "stars": null, "tourism": null, "check_date": null, "content": null, "man_made": null, "material": null, "source": null, "water": null, "cuisine": null, "layer": null, "contact:facebook": null, "type": null, "building:parts": null, "contact:email": null, "contact:phone": null, "height": 6.0 }, "geometry": { "type": "Polygon", "coordinates": [ [ [ 14.8210234, 40.643252 ], [ 14.8210409, 40.6432355 ], [ 14.82106, 40.6432473 ], [ 14.8210424, 40.6432637 ], [ 14.8210234, 40.643252 ] ] ] } },
{ "type": "Feature", "properties": { "element": "way", "id": 1266436787, "building": "yes", "amenity": null, "name": null, "denomination": null, "religion": null, "wikidata": null, "government": null, "office": null, "abandoned": null, "operator": null, "operator:wikidata": null, "wheelchair": null, "building:levels": null, "roof:levels": null, "addr:city": null, "addr:street": null, "alt_name": null, "leisure": null, "sport": null, "addr:postcode": null, "brand": null, "brand:wikidata": null, "opening_hours": null, "phone": null, "website": null, "shop": null, "addr:country": null, "addr:housenumber": null, "air_conditioning": null, "email": null, "fax": null, "internet_access": null, "internet_access:fee": null, "payment:mastercard": null, "payment:visa": null, "roof:shape": null, "rooms": null, "stars": null, "tourism": null, "check_date": null, "content": null, "man_made": null, "material": null, "source": null, "water": null, "cuisine": null, "layer": null, "contact:facebook": null, "type": null, "building:parts": null, "contact:email": null, "contact:phone": null, "height": 6.0 }, "geometry": { "type": "Polygon", "coordinates": [ [ [ 14.8204025, 40.6405485 ], [ 14.8204774, 40.6405087 ], [ 14.8204496, 40.640474 ], [ 14.8203654, 40.640378 ], [ 14.8202723, 40.6402925 ], [ 14.8202017, 40.6402301 ], [ 14.8201083, 40.6401598 ], [ 14.8200441, 40.6402086 ], [ 14.8201611, 40.640296 ], [ 14.8202547, 40.6403813 ], [ 14.8203495, 40.6404769 ], [ 14.8204025, 40.6405485 ] ] ] } },
{ "type": "Feature", "properties": { "element": "way", "id": 1266436789, "building": "yes", "amenity": "restaurant", "name": "AMO", "denomination": null, "religion": null, "wikidata": null, "government": null, "office": null, "abandoned": null, "operator": null, "operator:wikidata": null, "wheelchair": null, "building:levels": null, "roof:levels": null, "addr:city": null, "addr:street": null, "alt_name": null, "leisure": null, "sport": null, "addr:postcode": null, "brand": null, "brand:wikidata": null, "opening_hours": null, "phone": null, "website": null, "shop": null, "addr:country": null, "addr:housenumber": null, "air_conditioning": null, "email": null, "fax": null, "internet_access": null, "internet_access:fee": null, "payment:mastercard": null, "payment:visa": null, "roof:shape": null, "rooms": null, "stars": null, "tourism": null, "check_date": null, "content": null, "man_made": null, "material": null, "source": null, "water": null, "cuisine": null, "layer": null, "contact:facebook": "https://m.facebook.com/AmoMarinaDArechi", "type": null, "building:parts": null, "contact:email": null, "contact:phone": null, "height": 6.0 }, "geometry": { "type": "Polygon", "coordinates": [ [ [ 14.8132899, 40.6443279 ], [ 14.8133343, 40.6442937 ], [ 14.8136192, 40.6445065 ], [ 14.8135747, 40.6445407 ], [ 14.8132899, 40.6443279 ] ] ] } },
{ "type": "Feature", "properties": { "element": "way", "id": 1266436791, "building": "yes", "amenity": null, "name": null, "denomination": null, "religion": null, "wikidata": null, "government": null, "office": null, "abandoned": null, "operator": null, "operator:wikidata": null, "wheelchair": null, "building:levels": null, "roof:levels": null, "addr:city": null, "addr:street": null, "alt_name": null, "leisure": null, "sport": null, "addr:postcode": null, "brand": null, "brand:wikidata": null, "opening_hours": null, "phone": null, "website": null, "shop": null, "addr:country": null, "addr:housenumber": null, "air_conditioning": null, "email": null, "fax": null, "internet_access": null, "internet_access:fee": null, "payment:mastercard": null, "payment:visa": null, "roof:shape": null, "rooms": null, "stars": null, "tourism": null, "check_date": null, "content": null, "man_made": null, "material": null, "source": null, "water": null, "cuisine": null, "layer": null, "contact:facebook": null, "type": null, "building:parts": null, "contact:email": null, "contact:phone": null, "height": 6.0 }, "geometry": { "type": "Polygon", "coordinates": [ [ [ 14.819928, 40.6418986 ], [ 14.8200109, 40.6418391 ], [ 14.820084, 40.6418978 ], [ 14.8200011, 40.6419573 ], [ 14.819928, 40.6418986 ] ] ] } },
{ "type": "Feature", "properties": { "element": "way", "id": 1266436793, "building": "yes", "amenity": null, "name": null, "denomination": null, "religion": null, "wikidata": null, "government": null, "office": null, "abandoned": null, "operator": null, "operator:wikidata": null, "wheelchair": null, "building:levels": null, "roof:levels": null, "addr:city": null, "addr:street": null, "alt_name": null, "leisure": null, "sport": null, "addr:postcode": null, "brand": null, "brand:wikidata": null, "opening_hours": null, "phone": null, "website": null, "shop": null, "addr:country": null, "addr:housenumber": null, "air_conditioning": null, "email": null, "fax": null, "internet_access": null, "internet_access:fee": null, "payment:mastercard": null, "payment:visa": null, "roof:shape": null, "rooms": null, "stars": null, "tourism": null, "check_date": null, "content": null, "man_made": null, "material": null, "source": null, "water": null, "cuisine": null, "layer": null, "contact:facebook": null, "type": null, "building:parts": null, "contact:email": null, "contact:phone": null, "height": 6.0 }, "geometry": { "type": "Polygon", "coordinates": [ [ [ 14.8200118, 40.6404902 ], [ 14.820053, 40.6404578 ], [ 14.8202641, 40.6406123 ], [ 14.8202229, 40.6406447 ], [ 14.8200118, 40.6404902 ] ] ] } },
{ "type": "Feature", "properties": { "element": "way", "id": 1266436799, "building": "yes", "amenity": null, "name": null, "denomination": null, "religion": null, "wikidata": null, "government": null, "office": null, "abandoned": null, "operator": null, "operator:wikidata": null, "wheelchair": null, "building:levels": null, "roof:levels": null, "addr:city": null, "addr:street": null, "alt_name": null, "leisure": null, "sport": null, "addr:postcode": null, "brand": null, "brand:wikidata": null, "opening_hours": null, "phone": null, "website": null, "shop": null, "addr:country": null, "addr:housenumber": null, "air_conditioning": null, "email": null, "fax": null, "internet_access": null, "internet_access:fee": null, "payment:mastercard": null, "payment:visa": null, "roof:shape": null, "rooms": null, "stars": null, "tourism": null, "check_date": null, "content": null, "man_made": null, "material": null, "source": null, "water": null, "cuisine": null, "layer": null, "contact:facebook": null, "type": null, "building:parts": null, "contact:email": null, "contact:phone": null, "height": 6.0 }, "geometry": { "type": "Polygon", "coordinates": [ [ [ 14.8194235, 40.6423119 ], [ 14.8195029, 40.6422509 ], [ 14.819583, 40.642311 ], [ 14.8195035, 40.642372 ], [ 14.8194235, 40.6423119 ] ] ] } },
{ "type": "Feature", "properties": { "element": "way", "id": 1266436800, "building": "yes", "amenity": null, "name": null, "denomination": null, "religion": null, "wikidata": null, "government": null, "office": null, "abandoned": null, "operator": null, "operator:wikidata": null, "wheelchair": null, "building:levels": null, "roof:levels": null, "addr:city": null, "addr:street": null, "alt_name": null, "leisure": null, "sport": null, "addr:postcode": null, "brand": null, "brand:wikidata": null, "opening_hours": null, "phone": null, "website": null, "shop": null, "addr:country": null, "addr:housenumber": null, "air_conditioning": null, "email": null, "fax": null, "internet_access": null, "internet_access:fee": null, "payment:mastercard": null, "payment:visa": null, "roof:shape": null, "rooms": null, "stars": null, "tourism": null, "check_date": null, "content": null, "man_made": null, "material": null, "source": null, "water": null, "cuisine": null, "layer": null, "contact:facebook": null, "type": null, "building:parts": null, "contact:email": null, "contact:phone": null, "height": 6.0 }, "geometry": { "type": "Polygon", "coordinates": [ [ [ 14.8195912, 40.64016 ], [ 14.819625, 40.6401344 ], [ 14.8198287, 40.6402898 ], [ 14.8197948, 40.6403154 ], [ 14.8195912, 40.64016 ] ] ] } },
{ "type": "Feature", "properties": { "element": "way", "id": 1266436801, "building": "yes", "amenity": null, "name": null, "denomination": null, "religion": null, "wikidata": null, "government": null, "office": null, "abandoned": null, "operator": null, "operator:wikidata": null, "wheelchair": null, "building:levels": null, "roof:levels": null, "addr:city": null, "addr:street": null, "alt_name": null, "leisure": null, "sport": null, "addr:postcode": null, "brand": null, "brand:wikidata": null, "opening_hours": null, "phone": null, "website": null, "shop": null, "addr:country": null, "addr:housenumber": null, "air_conditioning": null, "email": null, "fax": null, "internet_access": null, "internet_access:fee": null, "payment:mastercard": null, "payment:visa": null, "roof:shape": null, "rooms": null, "stars": null, "tourism": null, "check_date": null, "content": null, "man_made": null, "material": null, "source": null, "water": null, "cuisine": null, "layer": null, "contact:facebook": null, "type": null, "building:parts": null, "contact:email": null, "contact:phone": null, "height": 6.0 }, "geometry": { "type": "Polygon", "coordinates": [ [ [ 14.8124814, 40.6441378 ], [ 14.8125291, 40.6440958 ], [ 14.8125883, 40.6441345 ], [ 14.8125406, 40.6441766 ], [ 14.8124814, 40.6441378 ] ] ] } },
{ "type": "Feature", "properties": { "element": "way", "id": 1266436802, "building": "yes", "amenity": null, "name": null, "denomination": null, "religion": null, "wikidata": null, "government": null, "office": null, "abandoned": null, "operator": null, "operator:wikidata": null, "wheelchair": null, "building:levels": null, "roof:levels": null, "addr:city": null, "addr:street": null, "alt_name": null, "leisure": null, "sport": null, "addr:postcode": null, "brand": null, "brand:wikidata": null, "opening_hours": null, "phone": null, "website": null, "shop": null, "addr:country": null, "addr:housenumber": null, "air_conditioning": null, "email": null, "fax": null, "internet_access": null, "internet_access:fee": null, "payment:mastercard": null, "payment:visa": null, "roof:shape": null, "rooms": null, "stars": null, "tourism": null, "check_date": null, "content": null, "man_made": null, "material": null, "source": null, "water": null, "cuisine": null, "layer": null, "contact:facebook": null, "type": null, "building:parts": null, "contact:email": null, "contact:phone": null, "height": 6.0 }, "geometry": { "type": "Polygon", "coordinates": [ [ [ 14.81978, 40.642217 ], [ 14.8198146, 40.6420599 ], [ 14.8198727, 40.6420673 ], [ 14.819838, 40.6422244 ], [ 14.81978, 40.642217 ] ] ] } },
{ "type": "Feature", "properties": { "element": "way", "id": 1266436803, "building": "yes", "amenity": null, "name": null, "denomination": null, "religion": null, "wikidata": null, "government": null, "office": null, "abandoned": null, "operator": null, "operator:wikidata": null, "wheelchair": null, "building:levels": null, "roof:levels": null, "addr:city": null, "addr:street": null, "alt_name": null, "leisure": null, "sport": null, "addr:postcode": null, "brand": null, "brand:wikidata": null, "opening_hours": null, "phone": null, "website": null, "shop": null, "addr:country": null, "addr:housenumber": null, "air_conditioning": null, "email": null, "fax": null, "internet_access": null, "internet_access:fee": null, "payment:mastercard": null, "payment:visa": null, "roof:shape": null, "rooms": null, "stars": null, "tourism": null, "check_date": null, "content": null, "man_made": null, "material": null, "source": null, "water": null, "cuisine": null, "layer": null, "contact:facebook": null, "type": null, "building:parts": null, "contact:email": null, "contact:phone": null, "height": 6.0 }, "geometry": { "type": "Polygon", "coordinates": [ [ [ 14.81271, 40.6439656 ], [ 14.8127596, 40.6439311 ], [ 14.8127999, 40.6439644 ], [ 14.8127503, 40.643999 ], [ 14.81271, 40.6439656 ] ] ] } },
{ "type": "Feature", "properties": { "element": "way", "id": 1266436808, "building": "yes", "amenity": null, "name": null, "denomination": null, "religion": null, "wikidata": null, "government": null, "office": null, "abandoned": null, "operator": null, "operator:wikidata": null, "wheelchair": null, "building:levels": null, "roof:levels": null, "addr:city": null, "addr:street": null, "alt_name": null, "leisure": null, "sport": null, "addr:postcode": null, "brand": null, "brand:wikidata": null, "opening_hours": null, "phone": null, "website": null, "shop": null, "addr:country": null, "addr:housenumber": null, "air_conditioning": null, "email": null, "fax": null, "internet_access": null, "internet_access:fee": null, "payment:mastercard": null, "payment:visa": null, "roof:shape": null, "rooms": null, "stars": null, "tourism": null, "check_date": null, "content": null, "man_made": null, "material": null, "source": null, "water": null, "cuisine": null, "layer": null, "contact:facebook": null, "type": null, "building:parts": null, "contact:email": null, "contact:phone": null, "height": 6.0 }, "geometry": { "type": "Polygon", "coordinates": [ [ [ 14.8191981, 40.6425017 ], [ 14.8192233, 40.6424813 ], [ 14.8192502, 40.6425005 ], [ 14.8192249, 40.6425209 ], [ 14.8191981, 40.6425017 ] ] ] } },
{ "type": "Feature", "properties": { "element": "way", "id": 1266436814, "building": "yes", "amenity": null, "name": null, "denomination": null, "religion": null, "wikidata": null, "government": null, "office": null, "abandoned": null, "operator": null, "operator:wikidata": null, "wheelchair": null, "building:levels": null, "roof:levels": null, "addr:city": null, "addr:street": null, "alt_name": null, "leisure": null, "sport": null, "addr:postcode": null, "brand": null, "brand:wikidata": null, "opening_hours": null, "phone": null, "website": null, "shop": null, "addr:country": null, "addr:housenumber": null, "air_conditioning": null, "email": null, "fax": null, "internet_access": null, "internet_access:fee": null, "payment:mastercard": null, "payment:visa": null, "roof:shape": null, "rooms": null, "stars": null, "tourism": null, "check_date": null, "content": null, "man_made": null, "material": null, "source": null, "water": null, "cuisine": null, "layer": null, "contact:facebook": null, "type": null, "building:parts": null, "contact:email": null, "contact:phone": null, "height": 6.0 }, "geometry": { "type": "Polygon", "coordinates": [ [ [ 14.8151802, 40.645319 ], [ 14.8152537, 40.6453762 ], [ 14.8155615, 40.6451481 ], [ 14.8154897, 40.6450923 ], [ 14.815403, 40.6451566 ], [ 14.8153999, 40.6451513 ], [ 14.8153233, 40.645211 ], [ 14.8153321, 40.6452175 ], [ 14.8152654, 40.6452695 ], [ 14.8152542, 40.6452612 ], [ 14.8151802, 40.645319 ] ] ] } },
{ "type": "Feature", "properties": { "element": "way", "id": 1266436816, "building": "yes", "amenity": null, "name": null, "denomination": null, "religion": null, "wikidata": null, "government": null, "office": null, "abandoned": null, "operator": null, "operator:wikidata": null, "wheelchair": null, "building:levels": null, "roof:levels": null, "addr:city": null, "addr:street": null, "alt_name": null, "leisure": null, "sport": null, "addr:postcode": null, "brand": null, "brand:wikidata": null, "opening_hours": null, "phone": null, "website": null, "shop": null, "addr:country": null, "addr:housenumber": null, "air_conditioning": null, "email": null, "fax": null, "internet_access": null, "internet_access:fee": null, "payment:mastercard": null, "payment:visa": null, "roof:shape": null, "rooms": null, "stars": null, "tourism": null, "check_date": null, "content": null, "man_made": null, "material": null, "source": null, "water": null, "cuisine": null, "layer": null, "contact:facebook": null, "type": null, "building:parts": null, "contact:email": null, "contact:phone": null, "height": 6.0 }, "geometry": { "type": "Polygon", "coordinates": [ [ [ 14.8172804, 40.6437722 ], [ 14.8175531, 40.6435579 ], [ 14.8175964, 40.6435896 ], [ 14.8173236, 40.6438039 ], [ 14.8172804, 40.6437722 ] ] ] } },
{ "type": "Feature", "properties": { "element": "way", "id": 1266436824, "building": "yes", "amenity": null, "name": null, "denomination": null, "religion": null, "wikidata": null, "government": null, "office": null, "abandoned": null, "operator": null, "operator:wikidata": null, "wheelchair": null, "building:levels": null, "roof:levels": null, "addr:city": null, "addr:street": null, "alt_name": null, "leisure": null, "sport": null, "addr:postcode": null, "brand": null, "brand:wikidata": null, "opening_hours": null, "phone": null, "website": null, "shop": null, "addr:country": null, "addr:housenumber": null, "air_conditioning": null, "email": null, "fax": null, "internet_access": null, "internet_access:fee": null, "payment:mastercard": null, "payment:visa": null, "roof:shape": null, "rooms": null, "stars": null, "tourism": null, "check_date": null, "content": null, "man_made": null, "material": null, "source": null, "water": null, "cuisine": null, "layer": null, "contact:facebook": null, "type": null, "building:parts": null, "contact:email": null, "contact:phone": null, "height": 6.0 }, "geometry": { "type": "Polygon", "coordinates": [ [ [ 14.8195989, 40.6399677 ], [ 14.8196354, 40.6399034 ], [ 14.8197255, 40.6399332 ], [ 14.8198964, 40.640008 ], [ 14.8200424, 40.6400998 ], [ 14.8201237, 40.6401532 ], [ 14.8201083, 40.6401598 ], [ 14.8200441, 40.6402086 ], [ 14.8199315, 40.6401233 ], [ 14.819829, 40.6400664 ], [ 14.8197373, 40.6400238 ], [ 14.8196491, 40.6399866 ], [ 14.8195989, 40.6399677 ] ] ] } },
{ "type": "Feature", "properties": { "element": "way", "id": 1266436829, "building": "yes", "amenity": null, "name": null, "denomination": null, "religion": null, "wikidata": null, "government": null, "office": null, "abandoned": null, "operator": null, "operator:wikidata": null, "wheelchair": null, "building:levels": null, "roof:levels": null, "addr:city": null, "addr:street": null, "alt_name": null, "leisure": null, "sport": null, "addr:postcode": null, "brand": null, "brand:wikidata": null, "opening_hours": null, "phone": null, "website": null, "shop": null, "addr:country": null, "addr:housenumber": null, "air_conditioning": null, "email": null, "fax": null, "internet_access": null, "internet_access:fee": null, "payment:mastercard": null, "payment:visa": null, "roof:shape": null, "rooms": null, "stars": null, "tourism": null, "check_date": null, "content": null, "man_made": null, "material": null, "source": null, "water": null, "cuisine": null, "layer": null, "contact:facebook": null, "type": null, "building:parts": null, "contact:email": null, "contact:phone": null, "height": 6.0 }, "geometry": { "type": "Polygon", "coordinates": [ [ [ 14.8139369, 40.6448243 ], [ 14.81398, 40.6447923 ], [ 14.814212, 40.6449726 ], [ 14.8141689, 40.6450046 ], [ 14.8139369, 40.6448243 ] ] ] } },
{ "type": "Feature", "properties": { "element": "way", "id": 1422492319, "building": "yes", "amenity": null, "name": null, "denomination": null, "religion": null, "wikidata": null, "government": null, "office": null, "abandoned": null, "operator": null, "operator:wikidata": null, "wheelchair": null, "building:levels": null, "roof:levels": null, "addr:city": null, "addr:street": null, "alt_name": null, "leisure": null, "sport": null, "addr:postcode": null, "brand": null, "brand:wikidata": null, "opening_hours": null, "phone": null, "website": null, "shop": null, "addr:country": null, "addr:housenumber": null, "air_conditioning": null, "email": null, "fax": null, "internet_access": null, "internet_access:fee": null, "payment:mastercard": null, "payment:visa": null, "roof:shape": null, "rooms": null, "stars": null, "tourism": null, "check_date": null, "content": null, "man_made": null, "material": null, "source": null, "water": null, "cuisine": null, "layer": null, "contact:facebook": null, "type": null, "building:parts": null, "contact:email": null, "contact:phone": null, "height": 6.0 }, "geometry": { "type": "Polygon", "coordinates": [ [ [ 14.8321996, 40.6335043 ], [ 14.8323809, 40.6336464 ], [ 14.8325504, 40.6335219 ], [ 14.8324267, 40.6334249 ], [ 14.8323823, 40.6334575 ], [ 14.8322556, 40.6333581 ], [ 14.8321792, 40.6334143 ], [ 14.8322483, 40.6334685 ], [ 14.8321996, 40.6335043 ] ] ] } },
{ "type": "Feature", "properties": { "element": "way", "id": 1423510576, "building": "yes", "amenity": null, "name": null, "denomination": null, "religion": null, "wikidata": null, "government": null, "office": null, "abandoned": null, "operator": null, "operator:wikidata": null, "wheelchair": null, "building:levels": null, "roof:levels": null, "addr:city": null, "addr:street": null, "alt_name": null, "leisure": null, "sport": null, "addr:postcode": null, "brand": null, "brand:wikidata": null, "opening_hours": null, "phone": null, "website": null, "shop": null, "addr:country": null, "addr:housenumber": null, "air_conditioning": null, "email": null, "fax": null, "internet_access": null, "internet_access:fee": null, "payment:mastercard": null, "payment:visa": null, "roof:shape": null, "rooms": null, "stars": null, "tourism": null, "check_date": null, "content": null, "man_made": null, "material": null, "source": null, "water": null, "cuisine": null, "layer": null, "contact:facebook": null, "type": null, "building:parts": null, "contact:email": null, "contact:phone": null, "height": 6.0 }, "geometry": { "type": "Polygon", "coordinates": [ [ [ 14.8218259, 40.651053 ], [ 14.8219922, 40.650912 ], [ 14.8221939, 40.6510584 ], [ 14.8220134, 40.651198 ], [ 14.8218259, 40.651053 ] ] ] } },
{ "type": "Feature", "properties": { "element": "way", "id": 1495736802, "building": "yes", "amenity": null, "name": null, "denomination": null, "religion": null, "wikidata": null, "government": null, "office": null, "abandoned": null, "operator": null, "operator:wikidata": null, "wheelchair": null, "building:levels": null, "roof:levels": null, "addr:city": null, "addr:street": null, "alt_name": null, "leisure": null, "sport": null, "addr:postcode": null, "brand": null, "brand:wikidata": null, "opening_hours": null, "phone": null, "website": null, "shop": null, "addr:country": null, "addr:housenumber": null, "air_conditioning": null, "email": null, "fax": null, "internet_access": null, "internet_access:fee": null, "payment:mastercard": null, "payment:visa": null, "roof:shape": null, "rooms": null, "stars": null, "tourism": null, "check_date": null, "content": null, "man_made": null, "material": null, "source": null, "water": null, "cuisine": null, "layer": null, "contact:facebook": null, "type": null, "building:parts": null, "contact:email": null, "contact:phone": null, "height": 6.0 }, "geometry": { "type": "Polygon", "coordinates": [ [ [ 14.8340035, 40.6486482 ], [ 14.8339459, 40.6484176 ], [ 14.8340647, 40.6484005 ], [ 14.8341223, 40.6486311 ], [ 14.8340035, 40.6486482 ] ] ] } },
{ "type": "Feature", "properties": { "element": "way", "id": 1495736803, "building": "yes", "amenity": null, "name": null, "denomination": null, "religion": null, "wikidata": null, "government": null, "office": null, "abandoned": null, "operator": null, "operator:wikidata": null, "wheelchair": null, "building:levels": null, "roof:levels": null, "addr:city": null, "addr:street": null, "alt_name": null, "leisure": null, "sport": null, "addr:postcode": null, "brand": null, "brand:wikidata": null, "opening_hours": null, "phone": null, "website": null, "shop": null, "addr:country": null, "addr:housenumber": null, "air_conditioning": null, "email": null, "fax": null, "internet_access": null, "internet_access:fee": null, "payment:mastercard": null, "payment:visa": null, "roof:shape": null, "rooms": null, "stars": null, "tourism": null, "check_date": null, "content": null, "man_made": null, "material": null, "source": null, "water": null, "cuisine": null, "layer": null, "contact:facebook": null, "type": null, "building:parts": null, "contact:email": null, "contact:phone": null, "height": 6.0 }, "geometry": { "type": "Polygon", "coordinates": [ [ [ 14.8342299, 40.6486324 ], [ 14.8342177, 40.6485388 ], [ 14.8344595, 40.6485207 ], [ 14.8344717, 40.6486143 ], [ 14.8342299, 40.6486324 ] ] ] } },
{ "type": "Feature", "properties": { "element": "way", "id": 1495736804, "building": "yes", "amenity": null, "name": null, "denomination": null, "religion": null, "wikidata": null, "government": null, "office": null, "abandoned": null, "operator": null, "operator:wikidata": null, "wheelchair": null, "building:levels": null, "roof:levels": null, "addr:city": null, "addr:street": null, "alt_name": null, "leisure": null, "sport": null, "addr:postcode": null, "brand": null, "brand:wikidata": null, "opening_hours": null, "phone": null, "website": null, "shop": null, "addr:country": null, "addr:housenumber": null, "air_conditioning": null, "email": null, "fax": null, "internet_access": null, "internet_access:fee": null, "payment:mastercard": null, "payment:visa": null, "roof:shape": null, "rooms": null, "stars": null, "tourism": null, "check_date": null, "content": null, "man_made": null, "material": null, "source": null, "water": null, "cuisine": null, "layer": null, "contact:facebook": null, "type": null, "building:parts": null, "contact:email": null, "contact:phone": null, "height": 6.0 }, "geometry": { "type": "Polygon", "coordinates": [ [ [ 14.8340675, 40.6481275 ], [ 14.8341044, 40.6480403 ], [ 14.8344864, 40.6481332 ], [ 14.8344389, 40.6482456 ], [ 14.8341182, 40.6481675 ], [ 14.8341288, 40.6481424 ], [ 14.8340675, 40.6481275 ] ] ] } },
{ "type": "Feature", "properties": { "element": "way", "id": 1495736805, "building": "yes", "amenity": null, "name": null, "denomination": null, "religion": null, "wikidata": null, "government": null, "office": null, "abandoned": null, "operator": null, "operator:wikidata": null, "wheelchair": null, "building:levels": null, "roof:levels": null, "addr:city": null, "addr:street": null, "alt_name": null, "leisure": null, "sport": null, "addr:postcode": null, "brand": null, "brand:wikidata": null, "opening_hours": null, "phone": null, "website": null, "shop": null, "addr:country": null, "addr:housenumber": null, "air_conditioning": null, "email": null, "fax": null, "internet_access": null, "internet_access:fee": null, "payment:mastercard": null, "payment:visa": null, "roof:shape": null, "rooms": null, "stars": null, "tourism": null, "check_date": null, "content": null, "man_made": null, "material": null, "source": null, "water": null, "cuisine": null, "layer": null, "contact:facebook": null, "type": null, "building:parts": null, "contact:email": null, "contact:phone": null, "height": 6.0 }, "geometry": { "type": "Polygon", "coordinates": [ [ [ 14.8336231, 40.6490274 ], [ 14.8336153, 40.6490012 ], [ 14.8335884, 40.6489118 ], [ 14.8336846, 40.6488956 ], [ 14.8337184, 40.6490114 ], [ 14.8336231, 40.6490274 ] ] ] } },
{ "type": "Feature", "properties": { "element": "way", "id": 1495736806, "building": "yes", "amenity": null, "name": null, "denomination": null, "religion": null, "wikidata": null, "government": null, "office": null, "abandoned": null, "operator": null, "operator:wikidata": null, "wheelchair": null, "building:levels": null, "roof:levels": null, "addr:city": null, "addr:street": null, "alt_name": null, "leisure": null, "sport": null, "addr:postcode": null, "brand": null, "brand:wikidata": null, "opening_hours": null, "phone": null, "website": null, "shop": null, "addr:country": null, "addr:housenumber": null, "air_conditioning": null, "email": null, "fax": null, "internet_access": null, "internet_access:fee": null, "payment:mastercard": null, "payment:visa": null, "roof:shape": null, "rooms": null, "stars": null, "tourism": null, "check_date": null, "content": null, "man_made": null, "material": null, "source": null, "water": null, "cuisine": null, "layer": null, "contact:facebook": null, "type": null, "building:parts": null, "contact:email": null, "contact:phone": null, "height": 6.0 }, "geometry": { "type": "Polygon", "coordinates": [ [ [ 14.8336153, 40.6490012 ], [ 14.83352, 40.6490177 ], [ 14.8335124, 40.6489962 ], [ 14.8334854, 40.6489008 ], [ 14.8335802, 40.6488844 ], [ 14.8335884, 40.6489118 ], [ 14.8336153, 40.6490012 ] ] ] } },
{ "type": "Feature", "properties": { "element": "way", "id": 1495736807, "building": "yes", "amenity": null, "name": null, "denomination": null, "religion": null, "wikidata": null, "government": null, "office": null, "abandoned": null, "operator": null, "operator:wikidata": null, "wheelchair": null, "building:levels": null, "roof:levels": null, "addr:city": null, "addr:street": null, "alt_name": null, "leisure": null, "sport": null, "addr:postcode": null, "brand": null, "brand:wikidata": null, "opening_hours": null, "phone": null, "website": null, "shop": null, "addr:country": null, "addr:housenumber": null, "air_conditioning": null, "email": null, "fax": null, "internet_access": null, "internet_access:fee": null, "payment:mastercard": null, "payment:visa": null, "roof:shape": null, "rooms": null, "stars": null, "tourism": null, "check_date": null, "content": null, "man_made": null, "material": null, "source": null, "water": null, "cuisine": null, "layer": null, "contact:facebook": null, "type": null, "building:parts": null, "contact:email": null, "contact:phone": null, "height": 6.0 }, "geometry": { "type": "Polygon", "coordinates": [ [ [ 14.8335124, 40.6489962 ], [ 14.83342, 40.6490113 ], [ 14.8334113, 40.6489779 ], [ 14.8333822, 40.6488903 ], [ 14.833478, 40.6488746 ], [ 14.8334854, 40.6489008 ], [ 14.8335124, 40.6489962 ] ] ] } },
{ "type": "Feature", "properties": { "element": "way", "id": 1495736808, "building": "yes", "amenity": null, "name": null, "denomination": null, "religion": null, "wikidata": null, "government": null, "office": null, "abandoned": null, "operator": null, "operator:wikidata": null, "wheelchair": null, "building:levels": null, "roof:levels": null, "addr:city": null, "addr:street": null, "alt_name": null, "leisure": null, "sport": null, "addr:postcode": null, "brand": null, "brand:wikidata": null, "opening_hours": null, "phone": null, "website": null, "shop": null, "addr:country": null, "addr:housenumber": null, "air_conditioning": null, "email": null, "fax": null, "internet_access": null, "internet_access:fee": null, "payment:mastercard": null, "payment:visa": null, "roof:shape": null, "rooms": null, "stars": null, "tourism": null, "check_date": null, "content": null, "man_made": null, "material": null, "source": null, "water": null, "cuisine": null, "layer": null, "contact:facebook": null, "type": null, "building:parts": null, "contact:email": null, "contact:phone": null, "height": 6.0 }, "geometry": { "type": "Polygon", "coordinates": [ [ [ 14.8334113, 40.6489779 ], [ 14.8333177, 40.6489958 ], [ 14.8332813, 40.6488862 ], [ 14.8333749, 40.6488683 ], [ 14.8333822, 40.6488903 ], [ 14.8334113, 40.6489779 ] ] ] } },
{ "type": "Feature", "properties": { "element": "way", "id": 1495736809, "building": "yes", "amenity": null, "name": null, "denomination": null, "religion": null, "wikidata": null, "government": null, "office": null, "abandoned": null, "operator": null, "operator:wikidata": null, "wheelchair": null, "building:levels": null, "roof:levels": null, "addr:city": null, "addr:street": null, "alt_name": null, "leisure": null, "sport": null, "addr:postcode": null, "brand": null, "brand:wikidata": null, "opening_hours": null, "phone": null, "website": null, "shop": null, "addr:country": null, "addr:housenumber": null, "air_conditioning": null, "email": null, "fax": null, "internet_access": null, "internet_access:fee": null, "payment:mastercard": null, "payment:visa": null, "roof:shape": null, "rooms": null, "stars": null, "tourism": null, "check_date": null, "content": null, "man_made": null, "material": null, "source": null, "water": null, "cuisine": null, "layer": null, "contact:facebook": null, "type": null, "building:parts": null, "contact:email": null, "contact:phone": null, "height": 6.0 }, "geometry": { "type": "Polygon", "coordinates": [ [ [ 14.8337748, 40.6492956 ], [ 14.8337372, 40.6491773 ], [ 14.8338333, 40.6491588 ], [ 14.8338717, 40.6492787 ], [ 14.8337748, 40.6492956 ] ] ] } },
{ "type": "Feature", "properties": { "element": "way", "id": 1495736810, "building": "yes", "amenity": null, "name": null, "denomination": null, "religion": null, "wikidata": null, "government": null, "office": null, "abandoned": null, "operator": null, "operator:wikidata": null, "wheelchair": null, "building:levels": null, "roof:levels": null, "addr:city": null, "addr:street": null, "alt_name": null, "leisure": null, "sport": null, "addr:postcode": null, "brand": null, "brand:wikidata": null, "opening_hours": null, "phone": null, "website": null, "shop": null, "addr:country": null, "addr:housenumber": null, "air_conditioning": null, "email": null, "fax": null, "internet_access": null, "internet_access:fee": null, "payment:mastercard": null, "payment:visa": null, "roof:shape": null, "rooms": null, "stars": null, "tourism": null, "check_date": null, "content": null, "man_made": null, "material": null, "source": null, "water": null, "cuisine": null, "layer": null, "contact:facebook": null, "type": null, "building:parts": null, "contact:email": null, "contact:phone": null, "height": 6.0 }, "geometry": { "type": "Polygon", "coordinates": [ [ [ 14.8337748, 40.6492956 ], [ 14.8336816, 40.6493126 ], [ 14.8336495, 40.6492033 ], [ 14.8336463, 40.6491939 ], [ 14.8337372, 40.6491773 ], [ 14.8337748, 40.6492956 ] ] ] } },
{ "type": "Feature", "properties": { "element": "way", "id": 1495736811, "building": "yes", "amenity": null, "name": null, "denomination": null, "religion": null, "wikidata": null, "government": null, "office": null, "abandoned": null, "operator": null, "operator:wikidata": null, "wheelchair": null, "building:levels": null, "roof:levels": null, "addr:city": null, "addr:street": null, "alt_name": null, "leisure": null, "sport": null, "addr:postcode": null, "brand": null, "brand:wikidata": null, "opening_hours": null, "phone": null, "website": null, "shop": null, "addr:country": null, "addr:housenumber": null, "air_conditioning": null, "email": null, "fax": null, "internet_access": null, "internet_access:fee": null, "payment:mastercard": null, "payment:visa": null, "roof:shape": null, "rooms": null, "stars": null, "tourism": null, "check_date": null, "content": null, "man_made": null, "material": null, "source": null, "water": null, "cuisine": null, "layer": null, "contact:facebook": null, "type": null, "building:parts": null, "contact:email": null, "contact:phone": null, "height": 6.0 }, "geometry": { "type": "Polygon", "coordinates": [ [ [ 14.8336495, 40.6492033 ], [ 14.8335557, 40.6492192 ], [ 14.8335585, 40.6492241 ], [ 14.8335921, 40.6493402 ], [ 14.8336849, 40.6493238 ], [ 14.8336816, 40.6493126 ], [ 14.8336495, 40.6492033 ] ] ] } },
{ "type": "Feature", "properties": { "element": "way", "id": 1495736812, "building": "yes", "amenity": null, "name": null, "denomination": null, "religion": null, "wikidata": null, "government": null, "office": null, "abandoned": null, "operator": null, "operator:wikidata": null, "wheelchair": null, "building:levels": null, "roof:levels": null, "addr:city": null, "addr:street": null, "alt_name": null, "leisure": null, "sport": null, "addr:postcode": null, "brand": null, "brand:wikidata": null, "opening_hours": null, "phone": null, "website": null, "shop": null, "addr:country": null, "addr:housenumber": null, "air_conditioning": null, "email": null, "fax": null, "internet_access": null, "internet_access:fee": null, "payment:mastercard": null, "payment:visa": null, "roof:shape": null, "rooms": null, "stars": null, "tourism": null, "check_date": null, "content": null, "man_made": null, "material": null, "source": null, "water": null, "cuisine": null, "layer": null, "contact:facebook": null, "type": null, "building:parts": null, "contact:email": null, "contact:phone": null, "height": 6.0 }, "geometry": { "type": "Polygon", "coordinates": [ [ [ 14.8335921, 40.6493402 ], [ 14.8334988, 40.6493557 ], [ 14.8334941, 40.6493406 ], [ 14.8334638, 40.6492399 ], [ 14.8335585, 40.6492241 ], [ 14.8335921, 40.6493402 ] ] ] } },
{ "type": "Feature", "properties": { "element": "way", "id": 1495736813, "building": "yes", "amenity": null, "name": null, "denomination": null, "religion": null, "wikidata": null, "government": null, "office": null, "abandoned": null, "operator": null, "operator:wikidata": null, "wheelchair": null, "building:levels": null, "roof:levels": null, "addr:city": null, "addr:street": null, "alt_name": null, "leisure": null, "sport": null, "addr:postcode": null, "brand": null, "brand:wikidata": null, "opening_hours": null, "phone": null, "website": null, "shop": null, "addr:country": null, "addr:housenumber": null, "air_conditioning": null, "email": null, "fax": null, "internet_access": null, "internet_access:fee": null, "payment:mastercard": null, "payment:visa": null, "roof:shape": null, "rooms": null, "stars": null, "tourism": null, "check_date": null, "content": null, "man_made": null, "material": null, "source": null, "water": null, "cuisine": null, "layer": null, "contact:facebook": null, "type": null, "building:parts": null, "contact:email": null, "contact:phone": null, "height": 6.0 }, "geometry": { "type": "Polygon", "coordinates": [ [ [ 14.8334941, 40.6493406 ], [ 14.8333971, 40.6493574 ], [ 14.833364, 40.6492428 ], [ 14.833362, 40.6492392 ], [ 14.8334586, 40.6492225 ], [ 14.8334638, 40.6492399 ], [ 14.8334941, 40.6493406 ] ] ] } },
{ "type": "Feature", "properties": { "element": "way", "id": 1495736814, "building": "yes", "amenity": null, "name": null, "denomination": null, "religion": null, "wikidata": null, "government": null, "office": null, "abandoned": null, "operator": null, "operator:wikidata": null, "wheelchair": null, "building:levels": null, "roof:levels": null, "addr:city": null, "addr:street": null, "alt_name": null, "leisure": null, "sport": null, "addr:postcode": null, "brand": null, "brand:wikidata": null, "opening_hours": null, "phone": null, "website": null, "shop": null, "addr:country": null, "addr:housenumber": null, "air_conditioning": null, "email": null, "fax": null, "internet_access": null, "internet_access:fee": null, "payment:mastercard": null, "payment:visa": null, "roof:shape": null, "rooms": null, "stars": null, "tourism": null, "check_date": null, "content": null, "man_made": null, "material": null, "source": null, "water": null, "cuisine": null, "layer": null, "contact:facebook": null, "type": null, "building:parts": null, "contact:email": null, "contact:phone": null, "height": 6.0 }, "geometry": { "type": "Polygon", "coordinates": [ [ [ 14.8333971, 40.6493574 ], [ 14.8333996, 40.6493659 ], [ 14.8333082, 40.6493811 ], [ 14.8332743, 40.6492641 ], [ 14.8332726, 40.6492581 ], [ 14.833364, 40.6492428 ], [ 14.8333971, 40.6493574 ] ] ] } },
{ "type": "Feature", "properties": { "element": "way", "id": 1495736815, "building": "yes", "amenity": null, "name": null, "denomination": null, "religion": null, "wikidata": null, "government": null, "office": null, "abandoned": null, "operator": null, "operator:wikidata": null, "wheelchair": null, "building:levels": null, "roof:levels": null, "addr:city": null, "addr:street": null, "alt_name": null, "leisure": null, "sport": null, "addr:postcode": null, "brand": null, "brand:wikidata": null, "opening_hours": null, "phone": null, "website": null, "shop": null, "addr:country": null, "addr:housenumber": null, "air_conditioning": null, "email": null, "fax": null, "internet_access": null, "internet_access:fee": null, "payment:mastercard": null, "payment:visa": null, "roof:shape": null, "rooms": null, "stars": null, "tourism": null, "check_date": null, "content": null, "man_made": null, "material": null, "source": null, "water": null, "cuisine": null, "layer": null, "contact:facebook": null, "type": null, "building:parts": null, "contact:email": null, "contact:phone": null, "height": 6.0 }, "geometry": { "type": "Polygon", "coordinates": [ [ [ 14.8333082, 40.6493811 ], [ 14.8333114, 40.6493864 ], [ 14.8332198, 40.6494025 ], [ 14.8331831, 40.6492853 ], [ 14.8331816, 40.6492804 ], [ 14.8332743, 40.6492641 ], [ 14.8333082, 40.6493811 ] ] ] } },
{ "type": "Feature", "properties": { "element": "way", "id": 1495736816, "building": "yes", "amenity": null, "name": null, "denomination": null, "religion": null, "wikidata": null, "government": null, "office": null, "abandoned": null, "operator": null, "operator:wikidata": null, "wheelchair": null, "building:levels": null, "roof:levels": null, "addr:city": null, "addr:street": null, "alt_name": null, "leisure": null, "sport": null, "addr:postcode": null, "brand": null, "brand:wikidata": null, "opening_hours": null, "phone": null, "website": null, "shop": null, "addr:country": null, "addr:housenumber": null, "air_conditioning": null, "email": null, "fax": null, "internet_access": null, "internet_access:fee": null, "payment:mastercard": null, "payment:visa": null, "roof:shape": null, "rooms": null, "stars": null, "tourism": null, "check_date": null, "content": null, "man_made": null, "material": null, "source": null, "water": null, "cuisine": null, "layer": null, "contact:facebook": null, "type": null, "building:parts": null, "contact:email": null, "contact:phone": null, "height": 6.0 }, "geometry": { "type": "Polygon", "coordinates": [ [ [ 14.8332198, 40.6494025 ], [ 14.8332208, 40.6494059 ], [ 14.833122, 40.6494237 ], [ 14.8330843, 40.6493031 ], [ 14.8331831, 40.6492853 ], [ 14.8332198, 40.6494025 ] ] ] } },
{ "type": "Feature", "properties": { "element": "way", "id": 1495736817, "building": "yes", "amenity": null, "name": null, "denomination": null, "religion": null, "wikidata": null, "government": null, "office": null, "abandoned": null, "operator": null, "operator:wikidata": null, "wheelchair": null, "building:levels": null, "roof:levels": null, "addr:city": null, "addr:street": null, "alt_name": null, "leisure": null, "sport": null, "addr:postcode": null, "brand": null, "brand:wikidata": null, "opening_hours": null, "phone": null, "website": null, "shop": null, "addr:country": null, "addr:housenumber": null, "air_conditioning": null, "email": null, "fax": null, "internet_access": null, "internet_access:fee": null, "payment:mastercard": null, "payment:visa": null, "roof:shape": null, "rooms": null, "stars": null, "tourism": null, "check_date": null, "content": null, "man_made": null, "material": null, "source": null, "water": null, "cuisine": null, "layer": null, "contact:facebook": null, "type": null, "building:parts": null, "contact:email": null, "contact:phone": null, "height": 6.0 }, "geometry": { "type": "Polygon", "coordinates": [ [ [ 14.8324963, 40.6491785 ], [ 14.8324669, 40.6490741 ], [ 14.8324622, 40.6490605 ], [ 14.8325569, 40.6490442 ], [ 14.8325922, 40.649162 ], [ 14.8324963, 40.6491785 ] ] ] } },
{ "type": "Feature", "properties": { "element": "way", "id": 1495736818, "building": "yes", "amenity": null, "name": null, "denomination": null, "religion": null, "wikidata": null, "government": null, "office": null, "abandoned": null, "operator": null, "operator:wikidata": null, "wheelchair": null, "building:levels": null, "roof:levels": null, "addr:city": null, "addr:street": null, "alt_name": null, "leisure": null, "sport": null, "addr:postcode": null, "brand": null, "brand:wikidata": null, "opening_hours": null, "phone": null, "website": null, "shop": null, "addr:country": null, "addr:housenumber": null, "air_conditioning": null, "email": null, "fax": null, "internet_access": null, "internet_access:fee": null, "payment:mastercard": null, "payment:visa": null, "roof:shape": null, "rooms": null, "stars": null, "tourism": null, "check_date": null, "content": null, "man_made": null, "material": null, "source": null, "water": null, "cuisine": null, "layer": null, "contact:facebook": null, "type": null, "building:parts": null, "contact:email": null, "contact:phone": null, "height": 6.0 }, "geometry": { "type": "Polygon", "coordinates": [ [ [ 14.8324963, 40.6491785 ], [ 14.8324999, 40.6491916 ], [ 14.8324074, 40.6492066 ], [ 14.8324052, 40.6491982 ], [ 14.832373, 40.6490893 ], [ 14.8324669, 40.6490741 ], [ 14.8324963, 40.6491785 ] ] ] } },
{ "type": "Feature", "properties": { "element": "way", "id": 1495736819, "building": "yes", "amenity": null, "name": null, "denomination": null, "religion": null, "wikidata": null, "government": null, "office": null, "abandoned": null, "operator": null, "operator:wikidata": null, "wheelchair": null, "building:levels": null, "roof:levels": null, "addr:city": null, "addr:street": null, "alt_name": null, "leisure": null, "sport": null, "addr:postcode": null, "brand": null, "brand:wikidata": null, "opening_hours": null, "phone": null, "website": null, "shop": null, "addr:country": null, "addr:housenumber": null, "air_conditioning": null, "email": null, "fax": null, "internet_access": null, "internet_access:fee": null, "payment:mastercard": null, "payment:visa": null, "roof:shape": null, "rooms": null, "stars": null, "tourism": null, "check_date": null, "content": null, "man_made": null, "material": null, "source": null, "water": null, "cuisine": null, "layer": null, "contact:facebook": null, "type": null, "building:parts": null, "contact:email": null, "contact:phone": null, "height": 6.0 }, "geometry": { "type": "Polygon", "coordinates": [ [ [ 14.8324052, 40.6491982 ], [ 14.8323084, 40.6492146 ], [ 14.8322783, 40.649113 ], [ 14.8322733, 40.6490976 ], [ 14.8323706, 40.6490811 ], [ 14.832373, 40.6490893 ], [ 14.8324052, 40.6491982 ] ] ] } },
{ "type": "Feature", "properties": { "element": "way", "id": 1495736820, "building": "yes", "amenity": null, "name": null, "denomination": null, "religion": null, "wikidata": null, "government": null, "office": null, "abandoned": null, "operator": null, "operator:wikidata": null, "wheelchair": null, "building:levels": null, "roof:levels": null, "addr:city": null, "addr:street": null, "alt_name": null, "leisure": null, "sport": null, "addr:postcode": null, "brand": null, "brand:wikidata": null, "opening_hours": null, "phone": null, "website": null, "shop": null, "addr:country": null, "addr:housenumber": null, "air_conditioning": null, "email": null, "fax": null, "internet_access": null, "internet_access:fee": null, "payment:mastercard": null, "payment:visa": null, "roof:shape": null, "rooms": null, "stars": null, "tourism": null, "check_date": null, "content": null, "man_made": null, "material": null, "source": null, "water": null, "cuisine": null, "layer": null, "contact:facebook": null, "type": null, "building:parts": null, "contact:email": null, "contact:phone": null, "height": 6.0 }, "geometry": { "type": "Polygon", "coordinates": [ [ [ 14.8323084, 40.6492146 ], [ 14.8323121, 40.6492274 ], [ 14.8322195, 40.6492432 ], [ 14.8321909, 40.6491427 ], [ 14.8321871, 40.6491286 ], [ 14.8322783, 40.649113 ], [ 14.8323084, 40.6492146 ] ] ] } },
{ "type": "Feature", "properties": { "element": "way", "id": 1495736821, "building": "yes", "amenity": null, "name": null, "denomination": null, "religion": null, "wikidata": null, "government": null, "office": null, "abandoned": null, "operator": null, "operator:wikidata": null, "wheelchair": null, "building:levels": null, "roof:levels": null, "addr:city": null, "addr:street": null, "alt_name": null, "leisure": null, "sport": null, "addr:postcode": null, "brand": null, "brand:wikidata": null, "opening_hours": null, "phone": null, "website": null, "shop": null, "addr:country": null, "addr:housenumber": null, "air_conditioning": null, "email": null, "fax": null, "internet_access": null, "internet_access:fee": null, "payment:mastercard": null, "payment:visa": null, "roof:shape": null, "rooms": null, "stars": null, "tourism": null, "check_date": null, "content": null, "man_made": null, "material": null, "source": null, "water": null, "cuisine": null, "layer": null, "contact:facebook": null, "type": null, "building:parts": null, "contact:email": null, "contact:phone": null, "height": 6.0 }, "geometry": { "type": "Polygon", "coordinates": [ [ [ 14.8322195, 40.6492432 ], [ 14.8322241, 40.6492595 ], [ 14.832134, 40.6492742 ], [ 14.8321088, 40.6491881 ], [ 14.8320995, 40.6491576 ], [ 14.8321909, 40.6491427 ], [ 14.8322195, 40.6492432 ] ] ] } },
{ "type": "Feature", "properties": { "element": "way", "id": 1495736822, "building": "yes", "amenity": null, "name": null, "denomination": null, "religion": null, "wikidata": null, "government": null, "office": null, "abandoned": null, "operator": null, "operator:wikidata": null, "wheelchair": null, "building:levels": null, "roof:levels": null, "addr:city": null, "addr:street": null, "alt_name": null, "leisure": null, "sport": null, "addr:postcode": null, "brand": null, "brand:wikidata": null, "opening_hours": null, "phone": null, "website": null, "shop": null, "addr:country": null, "addr:housenumber": null, "air_conditioning": null, "email": null, "fax": null, "internet_access": null, "internet_access:fee": null, "payment:mastercard": null, "payment:visa": null, "roof:shape": null, "rooms": null, "stars": null, "tourism": null, "check_date": null, "content": null, "man_made": null, "material": null, "source": null, "water": null, "cuisine": null, "layer": null, "contact:facebook": null, "type": null, "building:parts": null, "contact:email": null, "contact:phone": null, "height": 6.0 }, "geometry": { "type": "Polygon", "coordinates": [ [ [ 14.832134, 40.6492742 ], [ 14.8321434, 40.6493064 ], [ 14.8320419, 40.6493234 ], [ 14.8320073, 40.6492052 ], [ 14.8321088, 40.6491881 ], [ 14.832134, 40.6492742 ] ] ] } },
{ "type": "Feature", "properties": { "element": "way", "id": 1495736823, "building": "yes", "amenity": null, "name": null, "denomination": null, "religion": null, "wikidata": null, "government": null, "office": null, "abandoned": null, "operator": null, "operator:wikidata": null, "wheelchair": null, "building:levels": null, "roof:levels": null, "addr:city": null, "addr:street": null, "alt_name": null, "leisure": null, "sport": null, "addr:postcode": null, "brand": null, "brand:wikidata": null, "opening_hours": null, "phone": null, "website": null, "shop": null, "addr:country": null, "addr:housenumber": null, "air_conditioning": null, "email": null, "fax": null, "internet_access": null, "internet_access:fee": null, "payment:mastercard": null, "payment:visa": null, "roof:shape": null, "rooms": null, "stars": null, "tourism": null, "check_date": null, "content": null, "man_made": null, "material": null, "source": null, "water": null, "cuisine": null, "layer": null, "contact:facebook": null, "type": null, "building:parts": null, "contact:email": null, "contact:phone": null, "height": 6.0 }, "geometry": { "type": "Polygon", "coordinates": [ [ [ 14.8325895, 40.6495075 ], [ 14.832584, 40.6494923 ], [ 14.8325523, 40.6493869 ], [ 14.8326499, 40.6493707 ], [ 14.8326848, 40.6494917 ], [ 14.8325895, 40.6495075 ] ] ] } },
{ "type": "Feature", "properties": { "element": "way", "id": 1495736824, "building": "yes", "amenity": null, "name": null, "denomination": null, "religion": null, "wikidata": null, "government": null, "office": null, "abandoned": null, "operator": null, "operator:wikidata": null, "wheelchair": null, "building:levels": null, "roof:levels": null, "addr:city": null, "addr:street": null, "alt_name": null, "leisure": null, "sport": null, "addr:postcode": null, "brand": null, "brand:wikidata": null, "opening_hours": null, "phone": null, "website": null, "shop": null, "addr:country": null, "addr:housenumber": null, "air_conditioning": null, "email": null, "fax": null, "internet_access": null, "internet_access:fee": null, "payment:mastercard": null, "payment:visa": null, "roof:shape": null, "rooms": null, "stars": null, "tourism": null, "check_date": null, "content": null, "man_made": null, "material": null, "source": null, "water": null, "cuisine": null, "layer": null, "contact:facebook": null, "type": null, "building:parts": null, "contact:email": null, "contact:phone": null, "height": 6.0 }, "geometry": { "type": "Polygon", "coordinates": [ [ [ 14.832584, 40.6494923 ], [ 14.8324903, 40.6495085 ], [ 14.8324636, 40.6494075 ], [ 14.8324555, 40.6493892 ], [ 14.8325482, 40.6493732 ], [ 14.8325523, 40.6493869 ], [ 14.832584, 40.6494923 ] ] ] } },
{ "type": "Feature", "properties": { "element": "way", "id": 1495736825, "building": "yes", "amenity": null, "name": null, "denomination": null, "religion": null, "wikidata": null, "government": null, "office": null, "abandoned": null, "operator": null, "operator:wikidata": null, "wheelchair": null, "building:levels": null, "roof:levels": null, "addr:city": null, "addr:street": null, "alt_name": null, "leisure": null, "sport": null, "addr:postcode": null, "brand": null, "brand:wikidata": null, "opening_hours": null, "phone": null, "website": null, "shop": null, "addr:country": null, "addr:housenumber": null, "air_conditioning": null, "email": null, "fax": null, "internet_access": null, "internet_access:fee": null, "payment:mastercard": null, "payment:visa": null, "roof:shape": null, "rooms": null, "stars": null, "tourism": null, "check_date": null, "content": null, "man_made": null, "material": null, "source": null, "water": null, "cuisine": null, "layer": null, "contact:facebook": null, "type": null, "building:parts": null, "contact:email": null, "contact:phone": null, "height": 6.0 }, "geometry": { "type": "Polygon", "coordinates": [ [ [ 14.8324903, 40.6495085 ], [ 14.8324955, 40.6495282 ], [ 14.8323986, 40.6495429 ], [ 14.8323943, 40.6495309 ], [ 14.8323658, 40.6494223 ], [ 14.8324636, 40.6494075 ], [ 14.8324903, 40.6495085 ] ] ] } },
{ "type": "Feature", "properties": { "element": "way", "id": 1495736826, "building": "yes", "amenity": null, "name": null, "denomination": null, "religion": null, "wikidata": null, "government": null, "office": null, "abandoned": null, "operator": null, "operator:wikidata": null, "wheelchair": null, "building:levels": null, "roof:levels": null, "addr:city": null, "addr:street": null, "alt_name": null, "leisure": null, "sport": null, "addr:postcode": null, "brand": null, "brand:wikidata": null, "opening_hours": null, "phone": null, "website": null, "shop": null, "addr:country": null, "addr:housenumber": null, "air_conditioning": null, "email": null, "fax": null, "internet_access": null, "internet_access:fee": null, "payment:mastercard": null, "payment:visa": null, "roof:shape": null, "rooms": null, "stars": null, "tourism": null, "check_date": null, "content": null, "man_made": null, "material": null, "source": null, "water": null, "cuisine": null, "layer": null, "contact:facebook": null, "type": null, "building:parts": null, "contact:email": null, "contact:phone": null, "height": 6.0 }, "geometry": { "type": "Polygon", "coordinates": [ [ [ 14.8323943, 40.6495309 ], [ 14.8323033, 40.6495446 ], [ 14.8323019, 40.6495337 ], [ 14.8322703, 40.6494227 ], [ 14.8323623, 40.6494088 ], [ 14.8323658, 40.6494223 ], [ 14.8323943, 40.6495309 ] ] ] } },
{ "type": "Feature", "properties": { "element": "way", "id": 1495736827, "building": "yes", "amenity": null, "name": null, "denomination": null, "religion": null, "wikidata": null, "government": null, "office": null, "abandoned": null, "operator": null, "operator:wikidata": null, "wheelchair": null, "building:levels": null, "roof:levels": null, "addr:city": null, "addr:street": null, "alt_name": null, "leisure": null, "sport": null, "addr:postcode": null, "brand": null, "brand:wikidata": null, "opening_hours": null, "phone": null, "website": null, "shop": null, "addr:country": null, "addr:housenumber": null, "air_conditioning": null, "email": null, "fax": null, "internet_access": null, "internet_access:fee": null, "payment:mastercard": null, "payment:visa": null, "roof:shape": null, "rooms": null, "stars": null, "tourism": null, "check_date": null, "content": null, "man_made": null, "material": null, "source": null, "water": null, "cuisine": null, "layer": null, "contact:facebook": null, "type": null, "building:parts": null, "contact:email": null, "contact:phone": null, "height": 6.0 }, "geometry": { "type": "Polygon", "coordinates": [ [ [ 14.8323019, 40.6495337 ], [ 14.8322123, 40.6495484 ], [ 14.8321842, 40.6494415 ], [ 14.8321785, 40.6494268 ], [ 14.8322673, 40.6494122 ], [ 14.8322703, 40.6494227 ], [ 14.8323019, 40.6495337 ] ] ] } },
{ "type": "Feature", "properties": { "element": "way", "id": 1495736828, "building": "yes", "amenity": null, "name": null, "denomination": null, "religion": null, "wikidata": null, "government": null, "office": null, "abandoned": null, "operator": null, "operator:wikidata": null, "wheelchair": null, "building:levels": null, "roof:levels": null, "addr:city": null, "addr:street": null, "alt_name": null, "leisure": null, "sport": null, "addr:postcode": null, "brand": null, "brand:wikidata": null, "opening_hours": null, "phone": null, "website": null, "shop": null, "addr:country": null, "addr:housenumber": null, "air_conditioning": null, "email": null, "fax": null, "internet_access": null, "internet_access:fee": null, "payment:mastercard": null, "payment:visa": null, "roof:shape": null, "rooms": null, "stars": null, "tourism": null, "check_date": null, "content": null, "man_made": null, "material": null, "source": null, "water": null, "cuisine": null, "layer": null, "contact:facebook": null, "type": null, "building:parts": null, "contact:email": null, "contact:phone": null, "height": 6.0 }, "geometry": { "type": "Polygon", "coordinates": [ [ [ 14.8322123, 40.6495484 ], [ 14.8322165, 40.6495643 ], [ 14.8321178, 40.6495792 ], [ 14.8321143, 40.6495638 ], [ 14.832085, 40.6494565 ], [ 14.8321842, 40.6494415 ], [ 14.8322123, 40.6495484 ] ] ] } },
{ "type": "Feature", "properties": { "element": "way", "id": 1495736829, "building": "yes", "amenity": null, "name": null, "denomination": null, "religion": null, "wikidata": null, "government": null, "office": null, "abandoned": null, "operator": null, "operator:wikidata": null, "wheelchair": null, "building:levels": null, "roof:levels": null, "addr:city": null, "addr:street": null, "alt_name": null, "leisure": null, "sport": null, "addr:postcode": null, "brand": null, "brand:wikidata": null, "opening_hours": null, "phone": null, "website": null, "shop": null, "addr:country": null, "addr:housenumber": null, "air_conditioning": null, "email": null, "fax": null, "internet_access": null, "internet_access:fee": null, "payment:mastercard": null, "payment:visa": null, "roof:shape": null, "rooms": null, "stars": null, "tourism": null, "check_date": null, "content": null, "man_made": null, "material": null, "source": null, "water": null, "cuisine": null, "layer": null, "contact:facebook": null, "type": null, "building:parts": null, "contact:email": null, "contact:phone": null, "height": 6.0 }, "geometry": { "type": "Polygon", "coordinates": [ [ [ 14.8321143, 40.6495638 ], [ 14.8320223, 40.6495782 ], [ 14.8320245, 40.6495744 ], [ 14.8319901, 40.6494602 ], [ 14.8320821, 40.6494457 ], [ 14.832085, 40.6494565 ], [ 14.8321143, 40.6495638 ] ] ] } },
{ "type": "Feature", "properties": { "element": "way", "id": 1495736830, "building": "yes", "amenity": null, "name": null, "denomination": null, "religion": null, "wikidata": null, "government": null, "office": null, "abandoned": null, "operator": null, "operator:wikidata": null, "wheelchair": null, "building:levels": null, "roof:levels": null, "addr:city": null, "addr:street": null, "alt_name": null, "leisure": null, "sport": null, "addr:postcode": null, "brand": null, "brand:wikidata": null, "opening_hours": null, "phone": null, "website": null, "shop": null, "addr:country": null, "addr:housenumber": null, "air_conditioning": null, "email": null, "fax": null, "internet_access": null, "internet_access:fee": null, "payment:mastercard": null, "payment:visa": null, "roof:shape": null, "rooms": null, "stars": null, "tourism": null, "check_date": null, "content": null, "man_made": null, "material": null, "source": null, "water": null, "cuisine": null, "layer": null, "contact:facebook": null, "type": null, "building:parts": null, "contact:email": null, "contact:phone": null, "height": 6.0 }, "geometry": { "type": "Polygon", "coordinates": [ [ [ 14.8320245, 40.6495744 ], [ 14.8319272, 40.6495903 ], [ 14.8318905, 40.6494715 ], [ 14.8319848, 40.6494535 ], [ 14.8319901, 40.6494602 ], [ 14.8320245, 40.6495744 ] ] ] } },
{ "type": "Feature", "properties": { "element": "way", "id": 1495736831, "building": "yes", "amenity": null, "name": null, "denomination": null, "religion": null, "wikidata": null, "government": null, "office": null, "abandoned": null, "operator": null, "operator:wikidata": null, "wheelchair": null, "building:levels": null, "roof:levels": null, "addr:city": null, "addr:street": null, "alt_name": null, "leisure": null, "sport": null, "addr:postcode": null, "brand": null, "brand:wikidata": null, "opening_hours": null, "phone": null, "website": null, "shop": null, "addr:country": null, "addr:housenumber": null, "air_conditioning": null, "email": null, "fax": null, "internet_access": null, "internet_access:fee": null, "payment:mastercard": null, "payment:visa": null, "roof:shape": null, "rooms": null, "stars": null, "tourism": null, "check_date": null, "content": null, "man_made": null, "material": null, "source": null, "water": null, "cuisine": null, "layer": null, "contact:facebook": null, "type": null, "building:parts": null, "contact:email": null, "contact:phone": null, "height": 6.0 }, "geometry": { "type": "Polygon", "coordinates": [ [ [ 14.8319272, 40.6495903 ], [ 14.831835, 40.6496067 ], [ 14.8318007, 40.6495007 ], [ 14.8317976, 40.6494881 ], [ 14.8318905, 40.6494715 ], [ 14.8319272, 40.6495903 ] ] ] } },
{ "type": "Feature", "properties": { "element": "way", "id": 1495736832, "building": "yes", "amenity": null, "name": null, "denomination": null, "religion": null, "wikidata": null, "government": null, "office": null, "abandoned": null, "operator": null, "operator:wikidata": null, "wheelchair": null, "building:levels": null, "roof:levels": null, "addr:city": null, "addr:street": null, "alt_name": null, "leisure": null, "sport": null, "addr:postcode": null, "brand": null, "brand:wikidata": null, "opening_hours": null, "phone": null, "website": null, "shop": null, "addr:country": null, "addr:housenumber": null, "air_conditioning": null, "email": null, "fax": null, "internet_access": null, "internet_access:fee": null, "payment:mastercard": null, "payment:visa": null, "roof:shape": null, "rooms": null, "stars": null, "tourism": null, "check_date": null, "content": null, "man_made": null, "material": null, "source": null, "water": null, "cuisine": null, "layer": null, "contact:facebook": null, "type": null, "building:parts": null, "contact:email": null, "contact:phone": null, "height": 6.0 }, "geometry": { "type": "Polygon", "coordinates": [ [ [ 14.831835, 40.6496067 ], [ 14.8318395, 40.6496207 ], [ 14.8317489, 40.6496375 ], [ 14.8317164, 40.6495359 ], [ 14.8317107, 40.6495175 ], [ 14.8318007, 40.6495007 ], [ 14.831835, 40.6496067 ] ] ] } },
{ "type": "Feature", "properties": { "element": "way", "id": 1495736833, "building": "yes", "amenity": null, "name": null, "denomination": null, "religion": null, "wikidata": null, "government": null, "office": null, "abandoned": null, "operator": null, "operator:wikidata": null, "wheelchair": null, "building:levels": null, "roof:levels": null, "addr:city": null, "addr:street": null, "alt_name": null, "leisure": null, "sport": null, "addr:postcode": null, "brand": null, "brand:wikidata": null, "opening_hours": null, "phone": null, "website": null, "shop": null, "addr:country": null, "addr:housenumber": null, "air_conditioning": null, "email": null, "fax": null, "internet_access": null, "internet_access:fee": null, "payment:mastercard": null, "payment:visa": null, "roof:shape": null, "rooms": null, "stars": null, "tourism": null, "check_date": null, "content": null, "man_made": null, "material": null, "source": null, "water": null, "cuisine": null, "layer": null, "contact:facebook": null, "type": null, "building:parts": null, "contact:email": null, "contact:phone": null, "height": 6.0 }, "geometry": { "type": "Polygon", "coordinates": [ [ [ 14.8317489, 40.6496375 ], [ 14.8317544, 40.6496547 ], [ 14.8316585, 40.6496724 ], [ 14.8316325, 40.6495872 ], [ 14.8316219, 40.6495533 ], [ 14.8317164, 40.6495359 ], [ 14.8317489, 40.6496375 ] ] ] } },
{ "type": "Feature", "properties": { "element": "way", "id": 1495736834, "building": "yes", "amenity": null, "name": null, "denomination": null, "religion": null, "wikidata": null, "government": null, "office": null, "abandoned": null, "operator": null, "operator:wikidata": null, "wheelchair": null, "building:levels": null, "roof:levels": null, "addr:city": null, "addr:street": null, "alt_name": null, "leisure": null, "sport": null, "addr:postcode": null, "brand": null, "brand:wikidata": null, "opening_hours": null, "phone": null, "website": null, "shop": null, "addr:country": null, "addr:housenumber": null, "air_conditioning": null, "email": null, "fax": null, "internet_access": null, "internet_access:fee": null, "payment:mastercard": null, "payment:visa": null, "roof:shape": null, "rooms": null, "stars": null, "tourism": null, "check_date": null, "content": null, "man_made": null, "material": null, "source": null, "water": null, "cuisine": null, "layer": null, "contact:facebook": null, "type": null, "building:parts": null, "contact:email": null, "contact:phone": null, "height": 6.0 }, "geometry": { "type": "Polygon", "coordinates": [ [ [ 14.8316585, 40.6496724 ], [ 14.8316682, 40.649704 ], [ 14.8315655, 40.6497221 ], [ 14.8315297, 40.6496053 ], [ 14.8316325, 40.6495872 ], [ 14.8316585, 40.6496724 ] ] ] } }
]
}
